usage_id,session_id,player_id,ability_id,times_used,enemies_defeated,damage_dealt,minutes_equipped
1,1,1001,6,15,15,1905,48
2,1,1001,3,3,3,459,18
3,1,1001,5,13,13,1560,36
4,1,1001,2,4,2,332,24
5,2,1001,1,9,12,1530,58
6,2,1001,1,20,19,2320,63
7,2,1001,1,5,3,445,58
8,2,1001,1,15,11,1365,41
9,2,1001,6,3,3,450,70
10,2,1001,2,10,8,1000,23
11,2,1001,8,17,15,1836,16
12,2,1001,11,5,4,550,64
13,3,1001,2,18,14,1728,40
14,3,1001,10,3,2,357,26
15,3,1001,12,16,19,2352,27
16,3,1001,7,19,14,1691,9
17,3,1001,11,3,3,411,30
18,3,1001,6,12,9,1152,57
19,3,1001,9,18,24,2898,38
20,3,1001,1,5,5,675,33
21,4,1001,1,6,5,600,11
22,4,1001,10,8,8,992,17
23,4,1001,10,3,2,336,7
24,4,1001,6,18,17,2070,5
25,4,1001,6,20,24,2960,3
26,4,1001,4,6,7,930,19
27,4,1001,1,20,28,3440,20
28,4,1001,2,19,13,1615,1
29,5,1001,2,7,10,1246,19
30,5,1001,3,1,1,143,18
31,5,1001,2,10,11,1410,8
32,5,1001,8,13,12,1534,15
33,5,1001,1,2,1,200,15
34,5,1001,3,15,13,1590,11
35,5,1001,6,11,15,1881,11
36,5,1001,7,12,13,1572,5
37,6,1001,1,8,9,1112,8
38,6,1001,2,8,6,784,7
39,6,1001,1,13,17,2054,27
40,6,1001,2,6,6,726,60
41,6,1001,6,11,9,1144,49
42,6,1001,1,17,19,2363,32
43,6,1001,10,16,10,1312,6
44,6,1001,10,17,19,2346,62
45,7,1001,1,10,11,1430,39
46,7,1001,10,16,15,1856,35
47,7,1001,1,4,4,540,9
48,7,1001,10,12,17,2124,26
49,7,1001,2,13,9,1118,37
50,7,1001,5,12,15,1800,19
51,8,1001,7,9,11,1431,16
52,8,1001,1,4,4,520,48
53,8,1001,8,11,13,1661,47
54,8,1001,7,7,9,1099,52
55,8,1001,4,2,1,168,18
56,8,1001,7,16,19,2336,59
57,8,1001,1,17,13,1649,42
58,9,1002,7,10,12,1550,22
59,9,1002,4,17,20,2516,32
60,9,1002,7,10,11,1400,2
61,9,1002,2,4,4,532,20
62,9,1002,8,1,1,156,31
63,9,1002,2,19,24,2907,15
64,9,1002,7,19,22,2679,11
65,9,1002,5,20,29,3580,25
66,10,1002,10,4,3,416,2
67,10,1002,3,14,11,1386,27
68,10,1002,6,14,16,2016,40
69,10,1002,10,2,2,340,9
70,10,1002,5,18,18,2178,43
71,10,1002,3,13,13,1560,12
72,10,1002,3,18,18,2214,35
73,10,1002,2,9,11,1422,31
74,11,1002,2,10,14,1780,19
75,11,1002,7,16,16,1920,31
76,11,1002,2,9,8,1044,8
77,11,1002,6,18,19,2304,26
78,11,1002,8,5,4,585,3
79,11,1002,2,3,3,372,29
80,11,1002,6,16,14,1712,13
81,11,1002,9,9,11,1359,45
82,12,1002,7,8,7,888,4
83,12,1002,6,17,15,1836,15
84,12,1002,1,14,14,1708,31
85,12,1002,1,5,3,400,11
86,12,1002,3,16,18,2256,13
87,12,1002,7,10,10,1210,19
88,12,1002,6,3,4,489,15
89,12,1002,5,2,1,204,27
90,13,1002,8,6,8,1050,19
91,13,1002,10,1,1,118,37
92,13,1002,6,11,10,1276,30
93,13,1002,11,18,22,2646,32
94,13,1002,10,5,6,720,30
95,13,1002,2,4,4,488,11
96,13,1002,7,9,12,1539,12
97,14,1002,6,7,5,714,40
98,14,1002,10,13,14,1742,33
99,14,1002,2,13,17,2145,7
100,14,1002,1,5,5,705,21
101,14,1002,10,1,1,113,25
102,14,1002,2,9,9,1098,20
103,14,1002,6,19,12,1539,17
104,14,1002,6,8,5,696,43
105,15,1002,3,17,24,2890,40
106,15,1002,6,10,10,1270,29
107,15,1002,1,5,5,705,20
108,15,1002,3,20,21,2540,54
109,15,1002,7,16,23,2816,69
110,16,1002,10,3,3,441,29
111,16,1002,5,12,8,1068,37
112,16,1002,1,18,21,2592,13
113,16,1002,6,5,4,505,21
114,16,1002,10,15,11,1410,14
115,16,1002,7,16,12,1456,33
116,16,1002,3,2,2,276,9
117,16,1002,4,15,19,2280,4
118,17,1002,7,13,12,1456,1
119,17,1002,7,19,14,1691,6
120,17,1002,3,3,3,447,8
121,17,1002,10,3,3,420,5
122,17,1002,2,6,8,1068,18
123,17,1002,7,14,14,1778,49
124,18,1002,6,18,14,1746,42
125,18,1002,10,4,3,408,35
126,18,1002,3,5,7,865,63
127,18,1002,2,1,1,176,2
128,19,1003,2,8,7,888,59
129,19,1003,2,9,7,936,15
130,19,1003,1,14,18,2212,3
131,19,1003,2,3,2,276,77
132,19,1003,1,20,27,3320,7
133,19,1003,2,2,2,262,57
134,19,1003,2,7,10,1232,8
135,19,1003,1,10,9,1090,74
136,20,1003,2,5,6,820,67
137,20,1003,2,10,9,1150,8
138,20,1003,5,19,27,3306,23
139,20,1003,6,14,17,2114,64
140,20,1003,1,12,16,1944,86
141,20,1003,2,17,17,2040,54
142,21,1003,1,18,21,2520,16
143,21,1003,10,10,14,1700,10
144,21,1003,8,2,2,302,27
145,21,1003,11,18,22,2646,9
146,21,1003,2,9,7,954,22
147,21,1003,6,15,15,1905,6
148,21,1003,5,7,5,602,18
149,22,1003,8,19,27,3268,18
150,22,1003,1,7,7,854,10
151,22,1003,11,1,1,107,7
152,22,1003,11,4,5,700,16
153,22,1003,10,20,28,3400,7
154,23,1003,8,13,15,1807,35
155,23,1003,6,10,9,1130,24
156,23,1003,4,16,18,2224,7
157,23,1003,8,16,23,2832,21
158,23,1003,10,12,12,1440,27
159,23,1003,1,8,11,1392,10
160,24,1003,6,14,13,1638,10
161,24,1003,1,8,8,1024,37
162,24,1003,9,16,20,2400,42
163,24,1003,10,11,10,1232,32
164,24,1003,11,16,18,2208,11
165,24,1003,7,12,10,1212,9
166,24,1003,7,16,13,1648,35
167,24,1003,12,2,2,294,3
168,25,1003,7,14,11,1358,21
169,25,1003,2,5,3,405,7
170,25,1003,4,12,8,1044,20
171,25,1003,6,20,23,2820,22
172,26,1003,5,1,1,82,17
173,26,1003,7,18,17,2088,1
174,26,1003,4,14,11,1428,4
175,26,1003,10,17,14,1683,8
176,26,1003,1,17,15,1904,12
177,26,1003,2,13,9,1170,12
178,26,1003,11,15,19,2280,8
179,26,1003,12,8,7,944,3
180,27,1004,5,2,2,322,2
181,27,1004,7,3,3,429,56
182,27,1004,6,11,13,1672,13
183,27,1004,10,2,1,218,28
184,27,1004,10,19,22,2660,35
185,27,1004,1,3,4,501,36
186,27,1004,10,19,25,3116,5
187,28,1004,6,13,9,1157,20
188,28,1004,1,8,10,1216,54
189,28,1004,10,18,18,2196,25
190,28,1004,7,5,7,840,47
191,28,1004,1,12,8,1032,7
192,29,1004,6,20,26,3120,26
193,29,1004,11,11,7,913,41
194,29,1004,2,15,17,2130,15
195,29,1004,2,13,14,1755,12
196,29,1004,6,13,9,1170,40
197,29,1004,2,8,11,1368,5
198,30,1004,7,5,7,870,25
199,30,1004,2,4,3,364,1
200,30,1004,10,15,15,1890,49
201,30,1004,2,5,3,455,12
202,30,1004,3,18,22,2718,33
203,30,1004,3,1,1,91,23
204,30,1004,5,20,26,3120,21
205,31,1004,3,3,4,516,32
206,31,1004,6,6,8,1002,49
207,31,1004,1,9,8,1062,35
208,31,1004,4,3,2,303,56
209,31,1004,2,10,11,1410,10
210,31,1004,2,8,11,1376,64
211,32,1004,1,1,1,130,22
212,32,1004,9,13,13,1586,29
213,32,1004,2,20,16,1940,20
214,32,1004,2,7,8,987,21
215,33,1005,11,8,8,968,25
216,33,1005,2,13,13,1638,8
217,33,1005,10,7,9,1085,35
218,33,1005,1,18,12,1494,47
219,33,1005,3,7,7,952,52
220,33,1005,2,3,3,396,44
221,33,1005,4,10,9,1100,17
222,34,1005,8,3,3,411,31
223,34,1005,6,18,21,2592,27
224,34,1005,5,12,16,2028,6
225,34,1005,1,8,10,1312,23
226,34,1005,1,20,14,1700,26
227,34,1005,11,11,12,1485,7
228,34,1005,1,9,8,972,33
229,35,1005,6,8,9,1096,48
230,35,1005,3,19,26,3192,65
231,35,1005,1,1,1,141,14
232,35,1005,2,3,2,282,19
233,35,1005,2,11,12,1518,27
234,35,1005,5,12,14,1680,13
235,35,1005,3,15,15,1800,9
236,35,1005,2,4,2,328,44
237,36,1005,10,8,9,1168,6
238,36,1005,5,11,13,1661,14
239,36,1005,11,8,8,1048,21
240,36,1005,1,14,15,1820,1
241,36,1005,7,7,7,959,19
242,37,1005,1,3,3,459,14
243,37,1005,8,18,15,1854,47
244,37,1005,2,15,11,1410,34
245,37,1005,6,16,19,2352,41
246,37,1005,6,20,21,2600,15
247,38,1005,1,10,13,1580,38
248,38,1005,1,5,5,600,8
249,38,1005,2,4,3,412,24
250,38,1005,6,17,18,2193,27
251,38,1005,6,19,20,2451,28
252,38,1005,1,18,25,3024,59
253,38,1005,6,6,7,906,11
254,38,1005,4,5,4,515,21
255,39,1005,10,1,1,142,18
256,39,1005,1,13,16,1963,65
257,39,1005,6,14,19,2338,63
258,39,1005,3,15,17,2130,22
259,40,1006,1,8,9,1184,10
260,40,1006,1,15,19,2280,16
261,40,1006,5,4,5,612,4
262,40,1006,2,18,18,2268,18
263,40,1006,9,2,2,354,15
264,40,1006,5,14,10,1302,8
265,41,1006,2,3,3,408,4
266,41,1006,8,8,7,848,19
267,41,1006,6,20,26,3200,14
268,41,1006,1,5,7,900,7
269,41,1006,8,2,2,304,12
270,41,1006,5,20,24,2960,6
271,42,1006,2,17,23,2822,7
272,42,1006,1,14,10,1218,18
273,42,1006,10,5,7,845,9
274,42,1006,2,11,10,1221,49
275,42,1006,9,13,15,1846,10
276,42,1006,6,9,12,1440,27
277,42,1006,2,3,4,483,51
278,42,1006,10,3,3,393,33
279,43,1006,3,16,16,1936,38
280,43,1006,1,3,4,519,30
281,43,1006,6,12,8,1056,35
282,43,1006,3,14,12,1498,32
283,43,1006,2,10,10,1230,36
284,43,1006,6,19,22,2698,22
285,44,1006,6,15,10,1230,4
286,44,1006,10,6,6,816,15
287,44,1006,1,14,12,1470,5
288,44,1006,10,10,8,1000,9
289,45,1006,2,6,4,516,26
290,45,1006,6,8,8,1072,42
291,45,1006,1,4,2,320,14
292,45,1006,3,5,6,775,15
293,46,1007,7,4,4,536,17
294,46,1007,3,8,8,1032,12
295,46,1007,7,4,3,372,41
296,46,1007,2,10,8,970,49
297,47,1007,1,19,12,1539,11
298,47,1007,3,7,9,1120,10
299,47,1007,10,20,27,3340,29
300,47,1007,10,3,2,276,9
301,47,1007,7,19,27,3287,25
302,48,1007,2,3,2,333,37
303,48,1007,8,1,1,164,39
304,48,1007,1,20,24,2900,25
305,48,1007,7,10,13,1620,7
306,48,1007,8,8,9,1144,50
307,49,1007,1,1,1,126,21
308,49,1007,1,19,21,2527,24
309,49,1007,5,6,8,1062,31
310,49,1007,11,3,2,246,38
311,49,1007,1,9,8,963,3
312,49,1007,10,13,15,1872,19
313,49,1007,6,17,25,3026,27
314,49,1007,3,13,9,1170,41
315,50,1007,2,10,7,900,66
316,50,1007,10,5,6,740,42
317,50,1007,2,3,2,357,56
318,50,1007,7,8,5,696,32
319,50,1007,1,14,10,1316,59
320,51,1007,1,5,7,845,1
321,51,1007,1,12,14,1752,17
322,51,1007,8,9,7,909,12
323,51,1007,1,9,12,1557,4
324,51,1007,8,1,1,122,14
325,52,1007,7,19,25,3040,10
326,52,1007,4,17,17,2142,8
327,52,1007,4,19,15,1919,48
328,52,1007,1,4,5,612,15
329,52,1007,2,17,11,1360,6
330,52,1007,10,1,1,111,6
331,53,1007,1,2,2,300,52
332,53,1007,10,14,12,1512,21
333,53,1007,2,11,10,1254,53
334,53,1007,1,12,9,1140,33
335,53,1007,6,2,1,204,15
336,54,1007,1,15,14,1740,40
337,54,1007,2,18,20,2484,2
338,54,1007,2,10,12,1520,39
339,54,1007,7,8,9,1112,48
340,54,1007,6,16,23,2848,26
341,54,1007,7,18,26,3186,32
342,54,1007,1,14,9,1162,30
343,55,1007,11,1,1,177,43
344,55,1007,2,10,7,930,14
345,55,1007,5,8,8,1064,32
346,55,1007,11,5,7,855,18
347,56,1008,7,12,13,1656,6
348,56,1008,6,17,13,1649,41
349,56,1008,9,3,3,465,37
350,56,1008,1,5,4,550,19
351,56,1008,2,11,11,1430,21
352,56,1008,2,9,8,981,5
353,56,1008,10,5,7,895,38
354,57,1008,3,11,12,1452,8
355,57,1008,5,7,7,959,20
356,57,1008,3,4,3,364,11
357,57,1008,8,10,14,1700,3
358,57,1008,1,11,8,1078,6
359,58,1008,4,10,9,1130,12
360,58,1008,1,13,14,1781,36
361,58,1008,7,8,6,736,30
362,58,1008,1,5,3,475,1
363,58,1008,1,8,6,768,13
364,58,1008,9,12,16,2004,41
365,58,1008,10,3,3,462,38
366,59,1008,1,15,12,1440,3
367,59,1008,10,11,8,1045,2
368,59,1008,10,2,1,202,19
369,59,1008,3,13,15,1859,1
370,60,1008,1,6,5,690,36
371,60,1008,3,5,3,420,32
372,60,1008,6,16,17,2112,62
373,60,1008,1,9,9,1161,18
374,60,1008,3,17,15,1887,3
375,60,1008,12,12,14,1692,63
376,61,1008,2,6,4,498,41
377,61,1008,6,1,1,179,36
378,61,1008,1,16,19,2352,46
379,61,1008,7,8,6,800,13
380,61,1008,2,8,7,912,69
381,61,1008,8,2,2,354,29
382,62,1009,1,19,19,2280,46
383,62,1009,10,1,1,170,46
384,62,1009,10,19,15,1862,25
385,62,1009,9,16,19,2384,40
386,62,1009,1,2,1,182,8
387,63,1009,3,11,14,1738,13
388,63,1009,8,11,15,1881,12
389,63,1009,10,11,7,957,2
390,63,1009,1,5,7,895,8
391,63,1009,10,12,8,1068,24
392,63,1009,7,13,16,2015,7
393,63,1009,2,11,8,1067,11
394,63,1009,7,14,18,2254,32
395,64,1009,6,20,30,3600,23
396,64,1009,2,19,16,1938,25
397,64,1009,2,10,8,960,12
398,64,1009,7,19,20,2470,55
399,64,1009,12,19,13,1596,12
400,64,1009,6,20,18,2160,41
401,64,1009,5,16,13,1568,22
402,64,1009,7,8,8,992,21
403,65,1009,3,9,7,954,8
404,65,1009,6,12,11,1344,26
405,65,1009,1,1,1,86,13
406,65,1009,3,14,11,1414,14
407,65,1009,4,13,13,1612,18
408,65,1009,2,16,24,2880,19
409,66,1009,1,2,1,234,2
410,66,1009,2,4,2,356,22
411,66,1009,1,13,10,1300,5
412,66,1009,5,3,3,369,39
413,66,1009,11,16,22,2720,2
414,66,1009,3,6,7,942,28
415,66,1009,1,4,4,488,14
416,67,1009,7,18,16,2034,37
417,67,1009,2,4,2,344,51
418,67,1009,6,16,13,1584,7
419,67,1009,2,14,10,1274,38
420,67,1009,9,20,23,2820,26
421,67,1009,1,7,5,707,38
422,67,1009,11,16,12,1504,40
423,67,1009,8,16,18,2272,34
424,68,1009,2,13,13,1651,24
425,68,1009,3,9,10,1224,60
426,68,1009,2,9,11,1368,8
427,68,1009,1,4,3,360,45
428,68,1009,8,14,20,2464,76
429,69,1009,8,14,17,2072,61
430,69,1009,6,8,9,1120,39
431,69,1009,1,2,2,288,74
432,69,1009,10,19,26,3154,80
433,69,1009,1,15,12,1530,22
434,69,1009,11,7,5,672,6
435,69,1009,3,14,12,1470,81
436,70,1009,1,18,19,2340,36
437,70,1009,2,9,10,1314,30
438,70,1009,10,1,1,180,45
439,70,1009,6,17,25,3060,27
440,71,1009,5,19,28,3363,13
441,71,1009,10,19,28,3401,13
442,71,1009,8,18,18,2232,53
443,71,1009,2,16,20,2448,61
444,71,1009,1,9,9,1179,19
445,72,1010,10,11,15,1848,31
446,72,1010,1,16,15,1824,48
447,72,1010,1,10,9,1190,36
448,72,1010,9,4,3,436,18
449,72,1010,2,15,22,2685,42
450,72,1010,2,14,18,2198,12
451,72,1010,1,7,7,924,63
452,73,1010,4,6,4,528,40
453,73,1010,7,13,10,1261,68
454,73,1010,10,1,1,102,25
455,73,1010,10,7,5,609,32
456,74,1010,7,9,9,1143,60
457,74,1010,4,4,5,668,4
458,74,1010,2,16,20,2496,58
459,74,1010,1,16,20,2480,71
460,74,1010,2,6,5,678,12
461,74,1010,2,13,9,1118,21
462,75,1010,6,7,6,798,84
463,75,1010,3,1,1,179,88
464,75,1010,1,5,6,810,23
465,75,1010,6,1,1,108,33
466,75,1010,6,10,14,1710,83
467,76,1010,3,7,8,973,39
468,76,1010,6,20,21,2600,14
469,76,1010,1,12,15,1812,37
470,76,1010,2,4,4,564,9
471,76,1010,2,9,12,1449,42
472,76,1010,10,9,12,1467,39
473,77,1010,10,20,21,2620,21
474,77,1010,6,1,1,163,32
475,77,1010,12,9,9,1197,26
476,77,1010,2,2,2,308,13
477,77,1010,2,8,11,1336,31
478,78,1010,10,18,15,1854,19
479,78,1010,1,5,7,870,17
480,78,1010,7,18,26,3186,59
481,78,1010,1,11,14,1793,6
482,78,1010,2,8,11,1400,56
483,78,1010,2,11,11,1397,17
484,79,1010,3,19,24,2926,40
485,79,1010,1,7,8,1008,8
486,79,1010,10,13,15,1911,20
487,79,1010,3,5,4,485,13
488,80,1010,1,6,8,1074,11
489,80,1010,4,6,6,720,8
490,80,1010,1,9,7,954,22
491,80,1010,6,6,7,852,12
492,80,1010,1,14,18,2254,55
493,80,1010,3,16,17,2064,1
494,80,1010,1,7,10,1211,48
495,81,1010,1,1,1,160,47
496,81,1010,2,12,11,1428,9
497,81,1010,1,17,21,2635,20
498,81,1010,1,2,1,236,19
499,81,1010,3,17,22,2652,34
500,82,1011,2,7,5,707,26
501,82,1011,1,8,11,1384,9
502,82,1011,1,1,1,155,11
503,82,1011,1,2,2,256,17
504,82,1011,8,20,14,1720,4
505,82,1011,6,1,1,86,8
506,82,1011,3,13,10,1235,17
507,83,1011,2,4,5,656,34
508,83,1011,2,20,28,3380,9
509,83,1011,3,4,4,580,8
510,83,1011,2,4,4,572,13
511,84,1011,11,12,17,2040,27
512,84,1011,2,2,2,300,32
513,84,1011,10,16,16,1952,16
514,84,1011,1,3,2,282,37
515,84,1011,6,5,3,455,33
516,84,1011,1,4,3,448,15
517,84,1011,3,10,9,1130,30
518,84,1011,1,6,4,510,19
519,85,1011,1,2,1,162,55
520,85,1011,1,6,6,732,23
521,85,1011,10,20,19,2280,47
522,85,1011,1,11,9,1133,8
523,86,1011,9,16,17,2128,22
524,86,1011,1,2,1,200,14
525,86,1011,3,19,22,2679,57
526,86,1011,1,13,19,2327,46
527,86,1011,6,5,5,705,63
528,86,1011,1,14,15,1904,6
529,87,1011,1,17,25,3026,48
530,87,1011,6,19,17,2052,43
531,87,1011,10,17,20,2482,45
532,87,1011,7,4,4,540,43
533,87,1011,7,16,16,1984,43
534,87,1011,6,13,10,1287,36
535,88,1011,4,16,19,2288,6
536,88,1011,1,16,16,1936,8
537,88,1011,2,9,6,774,17
538,88,1011,2,13,14,1703,8
539,88,1011,1,15,19,2295,15
540,89,1011,1,16,23,2800,3
541,89,1011,1,14,9,1176,72
542,89,1011,5,3,3,471,39
543,89,1011,10,18,15,1908,59
544,89,1011,11,12,8,1032,29
545,89,1011,10,11,13,1661,77
546,90,1012,1,8,5,640,22
547,90,1012,2,10,12,1500,34
548,90,1012,2,4,2,340,58
549,90,1012,1,5,7,855,48
550,90,1012,7,4,3,448,40
551,90,1012,1,4,4,520,14
552,90,1012,3,7,9,1197,22
553,91,1012,1,15,17,2070,65
554,91,1012,1,16,10,1280,68
555,91,1012,7,18,20,2430,62
556,91,1012,10,6,8,1008,23
557,91,1012,7,5,3,465,50
558,91,1012,6,20,20,2420,65
559,91,1012,10,14,18,2198,32
560,91,1012,2,11,10,1287,58
561,92,1012,6,17,16,2006,21
562,92,1012,7,18,24,2880,14
563,92,1012,1,20,28,3420,19
564,92,1012,6,5,7,850,12
565,92,1012,4,11,15,1870,8
566,92,1012,7,18,21,2538,27
567,92,1012,6,18,17,2088,28
568,93,1012,1,5,3,430,2
569,93,1012,1,6,5,696,9
570,93,1012,1,2,2,336,10
571,93,1012,1,18,12,1512,12
572,94,1012,10,18,16,1944,72
573,94,1012,2,17,25,3060,37
574,94,1012,6,2,2,256,50
575,94,1012,3,11,13,1650,7
576,94,1012,1,9,7,945,57
577,94,1012,9,12,17,2112,70
578,94,1012,7,7,10,1253,25
579,94,1012,2,6,8,1002,10
580,95,1012,1,2,2,268,18
581,95,1012,5,5,4,500,17
582,95,1012,1,15,21,2550,10
583,95,1012,1,11,14,1716,4
584,95,1012,8,20,27,3280,20
585,95,1012,4,19,23,2850,23
586,95,1012,1,11,13,1617,15
587,95,1012,11,17,12,1496,33
588,96,1012,3,12,10,1296,28
589,96,1012,6,11,11,1386,38
590,96,1012,1,20,24,2940,61
591,96,1012,12,1,1,94,45
592,96,1012,3,20,26,3180,32
593,96,1012,11,11,11,1408,15
594,96,1012,2,18,25,3096,37
595,96,1012,1,17,25,3026,48
596,97,1012,1,7,7,847,66
597,97,1012,1,4,3,404,69
598,97,1012,5,3,2,318,28
599,97,1012,10,14,10,1302,27
600,97,1012,5,14,18,2268,10
601,97,1012,7,5,3,415,59
602,97,1012,7,2,1,182,10
603,98,1012,1,8,7,904,27
604,98,1012,2,13,14,1755,21
605,98,1012,1,4,4,592,1
606,98,1012,6,20,14,1760,3
607,98,1012,7,3,3,375,33
608,98,1012,1,10,13,1570,6
609,98,1012,2,15,16,1920,26
610,98,1012,9,1,1,140,11
611,99,1013,8,18,17,2106,10
612,99,1013,2,12,8,972,10
613,99,1013,1,1,1,153,26
614,99,1013,5,3,2,357,14
615,99,1013,7,12,10,1284,27
616,99,1013,10,17,13,1666,11
617,99,1013,1,20,18,2240,13
618,100,1013,10,18,20,2502,36
619,100,1013,1,3,2,336,7
620,100,1013,1,19,22,2698,22
621,100,1013,2,8,6,736,19
622,100,1013,6,7,7,840,32
623,100,1013,3,20,27,3280,20
624,100,1013,6,5,6,760,37
625,100,1013,2,11,12,1474,11
626,101,1013,7,14,13,1610,54
627,101,1013,2,11,12,1551,30
628,101,1013,3,10,11,1420,36
629,101,1013,1,20,15,1800,54
630,101,1013,2,5,6,740,13
631,102,1013,10,17,22,2720,1
632,102,1013,8,19,20,2489,19
633,102,1013,1,2,2,300,9
634,102,1013,5,18,21,2520,21
635,103,1013,2,19,27,3287,19
636,103,1013,1,17,20,2465,6
637,103,1013,3,17,11,1377,16
638,103,1013,10,20,27,3340,11
639,103,1013,7,5,5,685,11
640,103,1013,1,19,25,3116,10
641,103,1013,7,16,16,2000,3
642,104,1013,2,8,5,680,27
643,104,1013,5,12,12,1548,61
644,104,1013,10,2,1,170,42
645,104,1013,1,17,22,2737,36
646,105,1013,5,13,17,2119,25
647,105,1013,2,3,3,438,17
648,105,1013,2,8,9,1168,26
649,105,1013,2,12,14,1704,31
650,105,1013,10,1,1,144,9
651,105,1013,3,8,5,712,33
652,105,1013,6,7,5,693,12
653,105,1013,1,20,28,3420,8
654,106,1013,7,16,22,2656,31
655,106,1013,3,19,15,1900,42
656,106,1013,9,1,1,111,3
657,106,1013,1,19,15,1900,9
658,106,1013,6,2,2,306,10
659,106,1013,1,9,7,927,34
660,107,1013,10,10,7,900,28
661,107,1013,3,16,18,2256,22
662,107,1013,1,14,18,2184,19
663,107,1013,8,6,7,954,85
664,108,1013,10,20,25,3100,5
665,108,1013,2,13,10,1248,7
666,108,1013,1,17,20,2448,44
667,108,1013,3,5,6,785,7
668,108,1013,1,20,26,3120,3
669,108,1013,10,18,21,2592,8
670,109,1014,9,14,17,2044,14
671,109,1014,2,2,2,338,17
672,109,1014,3,16,23,2848,13
673,109,1014,2,19,14,1748,14
674,109,1014,1,16,23,2848,8
675,109,1014,10,3,2,348,20
676,109,1014,10,14,13,1568,7
677,109,1014,1,1,1,153,17
678,110,1014,6,11,12,1452,47
679,110,1014,1,14,19,2282,75
680,110,1014,2,18,20,2412,73
681,110,1014,2,9,12,1503,51
682,110,1014,7,14,17,2100,72
683,110,1014,3,12,15,1812,72
684,110,1014,3,10,12,1530,45
685,111,1014,10,4,5,700,30
686,111,1014,3,6,4,552,28
687,111,1014,4,11,13,1650,7
688,111,1014,1,1,1,91,19
689,111,1014,3,20,22,2700,12
690,112,1014,1,2,2,344,25
691,112,1014,10,13,17,2054,42
692,112,1014,5,20,14,1740,12
693,112,1014,6,15,10,1215,13
694,112,1014,10,17,16,1972,13
695,112,1014,1,20,24,2900,34
696,113,1014,6,12,11,1320,42
697,113,1014,1,6,4,546,18
698,113,1014,8,12,16,1980,26
699,113,1014,3,7,8,1022,1
700,113,1014,7,3,2,273,36
701,114,1014,2,9,8,972,78
702,114,1014,11,15,16,1965,74
703,114,1014,1,6,6,792,65
704,114,1014,1,3,3,432,38
705,114,1014,2,4,4,580,33
706,114,1014,10,19,17,2128,57
707,115,1015,11,15,20,2505,59
708,115,1015,10,1,1,141,15
709,115,1015,2,13,17,2093,29
710,115,1015,6,8,8,960,53
711,115,1015,11,17,20,2516,2
712,115,1015,7,9,8,999,37
713,116,1015,1,6,7,840,41
714,116,1015,2,19,18,2166,24
715,116,1015,10,7,8,1001,26
716,116,1015,2,8,7,904,27
717,116,1015,2,8,10,1272,46
718,116,1015,1,4,3,380,11
719,117,1015,7,18,12,1530,62
720,117,1015,2,11,13,1573,74
721,117,1015,10,16,13,1648,66
722,117,1015,2,8,11,1408,74
723,118,1015,3,18,12,1512,17
724,118,1015,2,6,6,828,4
725,118,1015,7,15,15,1800,1
726,118,1015,1,7,7,896,19
727,118,1015,1,12,15,1896,9
728,118,1015,1,9,8,990,9
729,118,1015,3,20,20,2460,12
730,119,1015,3,12,12,1512,52
731,119,1015,2,6,7,918,17
732,119,1015,11,8,6,736,35
733,119,1015,8,18,20,2430,49
734,119,1015,1,5,5,700,2
735,120,1015,12,17,20,2516,41
736,120,1015,8,10,9,1120,7
737,120,1015,3,6,4,522,28
738,120,1015,8,16,21,2560,13
739,120,1015,3,11,10,1243,47
740,121,1015,2,14,11,1330,45
741,121,1015,10,20,17,2100,74
742,121,1015,6,18,15,1836,37
743,121,1015,2,17,20,2414,58
744,121,1015,10,13,17,2054,37
745,121,1015,3,5,4,505,82
746,122,1015,6,3,2,270,11
747,122,1015,2,11,11,1320,42
748,122,1015,2,9,11,1413,42
749,122,1015,3,15,22,2685,56
750,122,1015,10,19,23,2774,29
751,122,1015,3,6,4,492,9
752,122,1015,7,9,13,1575,45
753,122,1015,7,7,5,707,26
754,123,1015,5,1,1,178,13
755,123,1015,5,3,2,279,9
756,123,1015,6,3,4,489,13
757,123,1015,2,8,11,1392,10
758,123,1015,3,5,4,480,17
759,123,1015,9,1,1,84,22
760,123,1015,2,11,12,1540,15
761,124,1016,1,18,15,1836,38
762,124,1016,6,19,21,2565,34
763,124,1016,6,18,17,2142,23
764,124,1016,3,8,6,728,29
765,124,1016,2,14,13,1582,10
766,124,1016,2,1,1,146,49
767,124,1016,10,12,11,1392,31
768,125,1016,10,16,15,1888,1
769,125,1016,7,10,13,1560,8
770,125,1016,8,18,19,2286,7
771,125,1016,3,18,20,2430,13
772,125,1016,2,13,13,1664,8
773,125,1016,2,14,18,2240,8
774,125,1016,4,20,28,3360,9
775,126,1016,1,3,2,309,18
776,126,1016,2,15,19,2385,58
777,126,1016,2,20,23,2840,25
778,126,1016,2,5,3,430,69
779,126,1016,1,4,3,464,35
780,126,1016,1,15,21,2595,2
781,126,1016,2,5,3,405,64
782,127,1016,8,16,16,2032,30
783,127,1016,7,2,2,244,6
784,127,1016,9,5,3,435,18
785,127,1016,8,3,3,447,31
786,127,1016,1,9,9,1152,54
787,127,1016,1,8,8,1032,50
788,128,1016,1,4,4,584,43
789,128,1016,11,16,17,2064,44
790,128,1016,11,11,9,1100,41
791,128,1016,7,18,21,2628,8
792,129,1016,1,2,2,330,28
793,129,1016,11,8,10,1288,56
794,129,1016,2,6,5,690,75
795,129,1016,1,8,5,648,6
796,129,1016,6,16,22,2688,20
797,129,1016,2,3,2,333,21
798,130,1016,2,2,1,174,12
799,130,1016,6,18,13,1674,5
800,130,1016,4,11,13,1661,26
801,130,1016,6,12,13,1632,24
802,130,1016,1,13,13,1625,24
803,130,1016,1,2,2,284,23
804,130,1016,3,10,12,1490,23
805,130,1016,4,19,16,1957,18
806,131,1016,2,20,25,3000,11
807,131,1016,1,5,5,685,19
808,131,1016,9,18,18,2268,30
809,131,1016,1,17,18,2176,47
810,131,1016,1,1,1,159,55
811,131,1016,2,20,18,2200,21
812,131,1016,7,18,19,2322,13
813,132,1016,6,11,12,1452,42
814,132,1016,1,17,23,2788,9
815,132,1016,1,5,4,510,5
816,132,1016,1,16,13,1664,13
817,132,1016,1,13,17,2132,63
818,133,1016,2,20,28,3420,10
819,133,1016,1,7,9,1141,63
820,133,1016,10,3,3,417,82
821,133,1016,1,18,26,3150,54
822,134,1017,5,3,2,354,3
823,134,1017,10,17,13,1564,4
824,134,1017,7,18,19,2322,7
825,134,1017,1,8,10,1216,21
826,134,1017,10,18,26,3150,18
827,134,1017,3,4,5,712,21
828,135,1017,7,14,10,1302,11
829,135,1017,8,18,19,2358,33
830,135,1017,2,6,7,888,39
831,135,1017,3,12,12,1440,36
832,135,1017,12,11,11,1397,27
833,135,1017,7,14,20,2408,21
834,135,1017,6,19,23,2831,14
835,136,1017,2,15,17,2055,51
836,136,1017,1,2,1,232,77
837,136,1017,1,5,4,590,1
838,136,1017,2,8,7,856,41
839,136,1017,1,9,11,1350,66
840,136,1017,5,19,15,1881,13
841,137,1017,1,12,15,1848,32
842,137,1017,2,10,7,910,52
843,137,1017,5,7,10,1211,10
844,137,1017,7,16,13,1632,63
845,137,1017,9,19,14,1748,39
846,138,1017,8,11,11,1364,56
847,138,1017,3,4,5,712,30
848,138,1017,7,20,13,1620,82
849,138,1017,8,13,9,1118,40
850,139,1017,5,11,13,1584,8
851,139,1017,1,13,14,1781,20
852,139,1017,6,3,2,324,14
853,139,1017,2,13,10,1274,5
854,139,1017,2,16,20,2448,2
855,139,1017,5,9,6,810,13
856,139,1017,4,5,7,885,5
857,139,1017,3,7,8,994,13
858,140,1017,6,17,15,1887,32
859,140,1017,1,14,14,1694,88
860,140,1017,10,3,2,282,86
861,140,1017,3,12,12,1488,25
862,140,1017,2,20,27,3260,4
863,140,1017,7,6,6,744,79
864,140,1017,9,15,19,2385,19
865,140,1017,3,8,7,840,88
866,141,1017,1,2,1,222,10
867,141,1017,10,10,6,810,22
868,141,1017,6,4,3,476,29
869,141,1017,3,11,9,1166,14
870,142,1018,3,5,7,840,3
871,142,1018,2,17,12,1445,33
872,142,1018,1,10,8,1050,80
873,142,1018,2,15,20,2445,2
874,142,1018,1,9,12,1476,47
875,142,1018,10,1,1,117,50
876,142,1018,2,13,15,1885,13
877,142,1018,10,16,20,2496,69
878,143,1018,11,18,25,3078,2
879,143,1018,1,17,16,2023,22
880,143,1018,4,6,4,492,23
881,143,1018,6,12,16,1920,20
882,143,1018,2,17,16,1955,4
883,143,1018,6,13,8,1079,36
884,143,1018,11,8,6,792,22
885,143,1018,10,5,3,455,25
886,144,1018,6,14,13,1666,39
887,144,1018,2,18,14,1728,14
888,144,1018,6,19,23,2831,44
889,144,1018,8,5,4,595,34
890,144,1018,10,14,20,2492,10
891,145,1018,1,18,25,3096,16
892,145,1018,1,5,7,865,4
893,145,1018,7,14,15,1848,39
894,145,1018,3,9,7,891,25
895,145,1018,1,6,4,498,79
896,145,1018,6,20,25,3040,79
897,146,1018,2,16,12,1552,33
898,146,1018,10,16,22,2736,42
899,146,1018,2,13,15,1846,31
900,146,1018,1,7,6,756,3
901,147,1018,2,7,10,1232,7
902,147,1018,1,15,19,2370,16
903,147,1018,6,15,13,1665,14
904,147,1018,3,2,2,314,13
905,147,1018,7,13,17,2054,2
906,147,1018,5,15,17,2070,2
907,147,1018,10,8,9,1168,13
908,148,1018,4,2,1,208,10
909,148,1018,3,10,14,1790,10
910,148,1018,3,14,13,1638,20
911,148,1018,10,17,13,1666,15
912,148,1018,9,15,11,1365,17
913,148,1018,1,19,26,3211,18
914,148,1018,1,14,14,1694,15
915,149,1019,10,3,2,336,42
916,149,1019,6,6,8,1026,16
917,149,1019,1,15,20,2415,47
918,149,1019,1,13,18,2249,66
919,149,1019,6,6,6,768,71
920,150,1019,5,5,4,500,5
921,150,1019,1,2,2,266,10
922,150,1019,2,15,14,1740,6
923,150,1019,1,5,4,525,1
924,150,1019,6,9,6,729,15
925,150,1019,4,16,19,2384,1
926,151,1019,6,16,18,2208,53
927,151,1019,3,20,26,3120,1
928,151,1019,2,18,17,2070,72
929,151,1019,9,7,5,602,24
930,151,1019,1,12,8,1008,19
931,152,1019,9,10,10,1220,3
932,152,1019,1,14,11,1428,6
933,152,1019,6,20,27,3280,19
934,152,1019,8,6,6,828,19
935,152,1019,2,2,1,182,10
936,152,1019,2,13,9,1144,14
937,152,1019,9,3,2,351,16
938,152,1019,1,9,9,1098,17
939,153,1019,6,4,5,612,81
940,153,1019,5,3,3,423,78
941,153,1019,10,10,11,1340,78
942,153,1019,10,9,11,1323,74
943,153,1019,12,12,9,1152,79
944,154,1019,4,6,7,948,30
945,154,1019,7,7,4,560,16
946,154,1019,1,4,5,696,27
947,154,1019,8,14,15,1848,6
948,154,1019,2,18,24,2898,28
949,154,1019,1,7,9,1176,37
950,154,1019,2,3,2,357,39
951,155,1020,6,11,11,1430,47
952,155,1020,5,1,1,102,13
953,155,1020,2,11,15,1826,31
954,155,1020,10,2,2,324,9
955,156,1020,10,18,18,2196,30
956,156,1020,8,14,20,2450,4
957,156,1020,9,10,12,1520,21
958,156,1020,5,1,1,106,22
959,156,1020,8,12,8,1056,10
960,156,1020,2,1,1,123,25
961,156,1020,6,6,7,918,25
962,157,1020,7,9,9,1188,3
963,157,1020,4,8,8,1016,15
964,157,1020,9,10,8,1070,17
965,157,1020,2,4,4,508,26
966,157,1020,1,7,5,637,15
967,157,1020,4,16,19,2304,5
968,158,1020,2,11,8,1078,50
969,158,1020,10,17,23,2822,9
970,158,1020,1,2,2,276,25
971,158,1020,7,17,13,1598,1
972,158,1020,2,2,2,334,55
973,158,1020,6,3,3,366,30
974,158,1020,10,4,4,584,50
975,158,1020,6,10,6,820,37
976,159,1020,2,7,6,812,18
977,159,1020,5,15,20,2475,8
978,159,1020,2,6,5,690,8
979,159,1020,1,20,25,3020,33
980,159,1020,1,18,18,2232,36
981,160,1020,6,6,4,534,20
982,160,1020,6,11,13,1639,29
983,160,1020,1,1,1,140,44
984,160,1020,1,13,9,1118,6
985,160,1020,3,6,8,1020,39
986,160,1020,10,15,19,2370,23
987,161,1020,1,15,19,2280,9
988,161,1020,1,15,11,1380,30
989,161,1020,2,15,17,2100,15
990,161,1020,10,5,6,790,17
991,161,1020,10,13,11,1339,45
992,161,1020,10,11,16,1980,56
993,161,1020,10,15,17,2130,2
994,161,1020,1,4,4,496,31
995,162,1020,6,5,6,725,7
996,162,1020,3,4,4,484,36
997,162,1020,6,10,12,1480,30
998,162,1020,3,14,12,1540,16
999,162,1020,5,16,17,2064,5
1000,162,1020,2,19,21,2565,28
1001,163,1020,1,3,4,522,46
1002,163,1020,6,16,12,1504,38
1003,163,1020,6,11,13,1661,7
1004,163,1020,9,6,5,714,26
1005,163,1020,1,4,5,668,53
1006,164,1020,6,2,1,182,14
1007,164,1020,8,19,27,3344,41
1008,164,1020,8,5,6,820,10
1009,164,1020,3,10,10,1290,40
1010,164,1020,6,7,6,742,44
1011,164,1020,10,10,12,1520,51
1012,164,1020,10,10,11,1350,46
1013,165,1021,11,13,10,1248,38
1014,165,1021,1,18,12,1548,1
1015,165,1021,7,12,9,1128,37
1016,165,1021,10,8,9,1080,76
1017,165,1021,3,11,15,1881,49
1018,165,1021,3,14,17,2086,28
1019,165,1021,6,16,12,1552,25
1020,165,1021,5,12,13,1596,20
1021,166,1021,1,1,1,98,24
1022,166,1021,10,14,11,1358,3
1023,166,1021,1,14,16,1932,29
1024,166,1021,8,20,22,2680,20
1025,167,1021,5,15,16,1935,46
1026,167,1021,2,14,18,2198,1
1027,167,1021,6,8,11,1368,65
1028,167,1021,2,18,22,2754,47
1029,167,1021,1,2,2,304,62
1030,167,1021,7,4,5,616,62
1031,167,1021,11,3,2,294,68
1032,168,1021,1,20,15,1820,16
1033,168,1021,3,3,4,501,41
1034,168,1021,5,19,18,2261,40
1035,168,1021,1,11,13,1628,50
1036,168,1021,1,15,18,2175,31
1037,168,1021,6,11,12,1463,23
1038,168,1021,11,10,9,1170,11
1039,168,1021,1,20,29,3500,20
1040,169,1021,6,19,15,1919,74
1041,169,1021,1,10,14,1740,80
1042,169,1021,1,16,12,1440,17
1043,169,1021,4,9,8,1008,17
1044,170,1021,1,4,5,628,12
1045,170,1021,10,5,6,820,29
1046,170,1021,2,6,5,678,45
1047,170,1021,2,6,7,882,3
1048,170,1021,2,3,2,294,39
1049,170,1021,10,5,5,715,49
1050,171,1021,7,6,5,636,45
1051,171,1021,1,9,13,1584,15
1052,171,1021,1,15,16,1965,61
1053,171,1021,2,18,16,1962,49
1054,171,1021,6,13,15,1820,34
1055,171,1021,1,14,9,1134,37
1056,171,1021,10,15,16,1920,41
1057,172,1021,6,14,18,2212,9
1058,172,1021,2,9,6,828,9
1059,172,1021,6,13,15,1807,8
1060,172,1021,7,19,28,3382,7
1061,172,1021,5,6,6,720,18
1062,172,1021,1,1,1,88,1
1063,172,1021,3,17,13,1581,15
1064,172,1021,2,10,9,1120,7
1065,173,1022,6,7,9,1092,21
1066,173,1022,1,4,3,364,20
1067,173,1022,1,19,16,1957,4
1068,173,1022,7,9,8,1053,15
1069,173,1022,6,3,4,483,15
1070,173,1022,10,9,13,1602,14
1071,173,1022,6,11,10,1232,6
1072,173,1022,8,9,13,1611,2
1073,174,1022,2,9,7,918,57
1074,174,1022,1,7,9,1106,51
1075,174,1022,1,16,12,1488,19
1076,174,1022,5,14,12,1498,14
1077,175,1022,1,3,2,267,33
1078,175,1022,8,1,1,143,20
1079,175,1022,6,1,1,84,50
1080,175,1022,2,11,11,1430,1
1081,175,1022,4,16,18,2256,56
1082,175,1022,3,3,3,447,29
1083,176,1022,1,18,18,2250,43
1084,176,1022,6,13,9,1131,12
1085,176,1022,2,11,8,990,59
1086,176,1022,7,10,13,1620,26
1087,176,1022,1,2,2,258,25
1088,176,1022,2,13,10,1209,46
1089,176,1022,4,15,21,2610,25
1090,177,1022,7,19,17,2090,16
1091,177,1022,2,18,24,2916,10
1092,177,1022,4,15,10,1230,2
1093,177,1022,2,11,16,1980,2
1094,178,1022,3,18,14,1782,24
1095,178,1022,6,3,2,252,24
1096,178,1022,1,1,1,140,30
1097,178,1022,10,2,1,222,23
1098,178,1022,6,1,1,102,21
1099,178,1022,1,10,7,920,15
1100,178,1022,6,19,13,1672,27
1101,178,1022,8,4,4,572,20
1102,179,1023,2,13,13,1573,4
1103,179,1023,11,19,23,2831,5
1104,179,1023,2,7,10,1239,2
1105,179,1023,6,11,8,968,4
1106,179,1023,2,14,11,1414,23
1107,179,1023,2,6,6,816,8
1108,179,1023,10,2,1,194,4
1109,180,1023,10,3,2,240,1
1110,180,1023,1,3,4,510,42
1111,180,1023,6,10,11,1330,45
1112,180,1023,8,16,22,2688,9
1113,181,1023,5,14,12,1540,12
1114,181,1023,6,2,2,312,12
1115,181,1023,7,20,15,1820,20
1116,181,1023,2,1,1,151,16
1117,181,1023,1,17,13,1564,24
1118,181,1023,10,18,21,2592,15
1119,182,1023,1,5,6,835,31
1120,182,1023,4,6,8,990,3
1121,182,1023,1,12,11,1392,14
1122,182,1023,3,11,14,1738,30
1123,183,1023,10,6,5,600,26
1124,183,1023,1,17,13,1598,3
1125,183,1023,10,15,19,2325,19
1126,183,1023,2,7,10,1225,22
1127,184,1023,2,4,3,440,48
1128,184,1023,3,7,7,896,15
1129,184,1023,1,19,22,2698,4
1130,184,1023,10,5,4,535,40
1131,185,1023,1,7,9,1120,23
1132,185,1023,11,7,7,854,9
1133,185,1023,1,19,13,1653,18
1134,185,1023,1,15,17,2070,27
1135,185,1023,1,11,9,1188,19
1136,185,1023,6,20,16,2020,37
1137,186,1023,10,16,14,1712,38
1138,186,1023,3,15,14,1725,1
1139,186,1023,7,8,7,888,21
1140,186,1023,3,8,10,1240,10
1141,186,1023,10,1,1,133,3
1142,186,1023,1,16,23,2768,33
1143,186,1023,1,17,18,2210,31
1144,187,1023,2,18,26,3168,1
1145,187,1023,6,14,12,1498,5
1146,187,1023,2,8,10,1296,3
1147,187,1023,1,10,8,1000,23
1148,187,1023,3,19,27,3325,19
1149,187,1023,1,15,17,2085,25
1150,187,1023,1,13,11,1339,26
1151,188,1023,7,1,1,160,5
1152,188,1023,2,11,13,1617,3
1153,188,1023,2,9,12,1521,61
1154,188,1023,6,19,16,2014,51
1155,188,1023,6,20,20,2440,48
1156,188,1023,10,17,23,2822,24
1157,188,1023,10,4,4,516,24
1158,189,1024,1,18,25,3060,3
1159,189,1024,5,7,5,679,11
1160,189,1024,2,4,5,652,16
1161,189,1024,7,19,26,3211,7
1162,189,1024,7,8,8,968,12
1163,189,1024,10,17,23,2839,14
1164,190,1024,2,16,19,2304,17
1165,190,1024,9,16,22,2720,18
1166,190,1024,6,18,17,2106,15
1167,190,1024,6,3,2,312,15
1168,190,1024,1,13,11,1326,10
1169,190,1024,11,3,2,279,6
1170,191,1024,4,7,8,1022,21
1171,191,1024,1,14,19,2338,18
1172,191,1024,10,16,16,1984,14
1173,191,1024,3,1,1,117,7
1174,191,1024,1,8,9,1168,21
1175,192,1024,6,11,13,1562,57
1176,192,1024,3,19,15,1824,40
1177,192,1024,1,9,8,981,62
1178,192,1024,2,10,14,1780,7
1179,192,1024,1,10,11,1380,22
1180,192,1024,6,6,8,1026,37
1181,193,1024,1,4,2,340,21
1182,193,1024,6,15,14,1695,24
1183,193,1024,1,18,25,3060,3
1184,193,1024,6,12,9,1176,24
1185,193,1024,3,6,7,888,20
1186,194,1024,7,15,15,1800,5
1187,194,1024,1,18,21,2592,11
1188,194,1024,6,10,11,1400,10
1189,194,1024,11,19,26,3135,5
1190,194,1024,8,15,15,1845,4
1191,194,1024,7,2,1,194,18
1192,194,1024,1,1,1,131,8
1193,195,1024,1,7,8,1078,34
1194,195,1024,2,9,7,945,2
1195,195,1024,1,15,20,2490,43
1196,195,1024,11,17,18,2210,13
1197,195,1024,4,20,26,3140,33
1198,195,1024,10,12,13,1560,10
1199,196,1024,2,10,10,1240,45
1200,196,1024,2,15,18,2265,12
1201,196,1024,1,15,21,2610,54
1202,196,1024,8,10,8,1000,55
1203,196,1024,7,14,11,1358,12
1204,196,1024,1,10,11,1400,68
1205,196,1024,11,3,3,465,49
1206,197,1024,3,18,20,2502,12
1207,197,1024,5,5,4,525,3
1208,197,1024,9,10,12,1500,8
1209,197,1024,1,10,12,1540,5
1210,197,1024,4,15,13,1620,1
1211,197,1024,8,5,4,565,5
1212,198,1025,4,8,5,664,8
1213,198,1025,7,16,11,1408,39
1214,198,1025,7,19,22,2679,37
1215,198,1025,3,9,12,1440,44
1216,198,1025,3,4,4,508,33
1217,199,1025,1,2,1,196,41
1218,199,1025,3,5,5,625,21
1219,199,1025,1,12,13,1596,82
1220,199,1025,10,12,8,1032,38
1221,199,1025,2,3,3,435,25
1222,199,1025,7,6,8,1062,13
1223,200,1025,10,10,9,1140,24
1224,200,1025,1,19,19,2375,10
1225,200,1025,1,17,16,1972,24
1226,200,1025,8,14,14,1722,11
1227,200,1025,1,5,6,720,15
1228,200,1025,9,18,23,2844,34
1229,201,1025,7,4,4,532,59
1230,201,1025,10,4,3,384,3
1231,201,1025,3,10,14,1680,47
1232,201,1025,1,15,19,2340,67
1233,201,1025,7,11,9,1122,39
1234,201,1025,1,4,3,432,17
1235,201,1025,10,5,7,840,30
1236,201,1025,2,7,5,672,11
1237,202,1025,8,14,9,1190,7
1238,202,1025,1,17,21,2635,2
1239,202,1025,3,9,6,765,3
1240,202,1025,2,1,1,176,4
1241,203,1025,6,7,6,721,22
1242,203,1025,2,3,2,294,28
1243,203,1025,7,9,11,1386,12
1244,203,1025,2,17,25,3043,24
1245,203,1025,6,17,21,2584,3
1246,204,1025,1,7,6,812,22
1247,204,1025,10,18,12,1440,13
1248,204,1025,10,17,24,2890,61
1249,204,1025,2,19,16,1957,57
1250,204,1025,6,4,3,412,46
1251,204,1025,11,14,12,1498,66
1252,204,1025,2,4,5,708,41
1253,204,1025,1,4,4,584,18
1254,205,1025,5,2,1,180,21
1255,205,1025,4,13,12,1508,30
1256,205,1025,6,10,13,1670,54
1257,205,1025,3,18,19,2376,19
1258,205,1025,11,14,12,1456,55
1259,205,1025,1,16,22,2656,24
1260,206,1025,6,13,14,1768,3
1261,206,1025,1,13,14,1703,4
1262,206,1025,7,6,4,528,12
1263,206,1025,11,11,9,1155,13
1264,206,1025,1,14,20,2408,16
1265,206,1025,2,19,24,2945,9
1266,206,1025,7,13,13,1625,16
1267,207,1026,1,15,11,1395,16
1268,207,1026,2,16,14,1744,18
1269,207,1026,1,2,1,176,64
1270,207,1026,6,6,6,768,42
1271,207,1026,1,20,26,3180,13
1272,207,1026,7,17,25,3026,64
1273,208,1026,6,16,19,2304,34
1274,208,1026,5,18,22,2682,3
1275,208,1026,11,2,2,270,16
1276,208,1026,2,11,11,1408,57
1277,208,1026,3,2,1,204,72
1278,208,1026,6,10,14,1700,22
1279,209,1026,7,16,23,2832,15
1280,209,1026,5,16,21,2624,70
1281,209,1026,6,16,20,2416,21
1282,209,1026,4,13,12,1469,64
1283,209,1026,6,13,17,2054,46
1284,209,1026,7,10,10,1210,8
1285,210,1026,9,12,17,2088,75
1286,210,1026,1,11,11,1408,13
1287,210,1026,3,12,13,1584,45
1288,210,1026,1,8,7,888,31
1289,210,1026,6,19,14,1710,89
1290,211,1026,1,18,18,2178,3
1291,211,1026,3,14,17,2128,33
1292,211,1026,10,9,6,738,45
1293,211,1026,3,1,1,120,25
1294,211,1026,5,11,14,1683,7
1295,211,1026,8,4,5,672,44
1296,212,1026,8,11,9,1111,40
1297,212,1026,2,14,12,1470,32
1298,212,1026,6,3,3,444,14
1299,212,1026,2,2,1,236,37
1300,212,1026,3,8,10,1272,48
1301,212,1026,11,19,14,1748,38
1302,212,1026,2,3,3,456,52
1303,212,1026,5,14,12,1484,23
1304,213,1026,4,10,11,1350,22
1305,213,1026,5,7,7,931,13
1306,213,1026,2,17,19,2346,22
1307,213,1026,7,6,4,492,21
1308,213,1026,7,6,7,918,16
1309,213,1026,1,15,14,1710,21
1310,214,1026,5,12,13,1668,19
1311,214,1026,2,10,11,1350,53
1312,214,1026,2,3,4,483,27
1313,214,1026,10,9,8,1044,21
1314,215,1026,1,7,4,581,16
1315,215,1026,8,10,11,1390,32
1316,215,1026,5,14,15,1876,42
1317,215,1026,10,7,5,700,18
1318,215,1026,1,9,8,1035,43
1319,216,1026,11,16,24,2880,2
1320,216,1026,1,3,3,360,20
1321,216,1026,10,14,14,1764,6
1322,216,1026,3,5,4,550,8
1323,217,1027,6,19,28,3401,68
1324,217,1027,2,3,2,330,77
1325,217,1027,1,11,11,1342,75
1326,217,1027,7,8,8,1072,28
1327,217,1027,1,6,5,642,36
1328,217,1027,3,9,11,1395,8
1329,217,1027,4,12,16,2028,15
1330,217,1027,2,14,16,1960,32
1331,218,1027,7,10,6,820,3
1332,218,1027,9,2,2,336,16
1333,218,1027,2,13,12,1547,24
1334,218,1027,10,4,4,592,16
1335,218,1027,10,13,8,1053,26
1336,218,1027,10,9,8,1062,6
1337,218,1027,10,8,7,944,14
1338,219,1027,10,14,9,1176,18
1339,219,1027,10,16,18,2240,27
1340,219,1027,10,11,15,1881,28
1341,219,1027,10,4,3,400,17
1342,219,1027,4,12,13,1596,21
1343,219,1027,3,1,1,177,4
1344,220,1027,8,5,3,400,26
1345,220,1027,1,10,10,1200,37
1346,220,1027,1,6,5,666,34
1347,220,1027,7,5,6,780,27
1348,220,1027,8,11,12,1507,31
1349,220,1027,10,5,4,565,12
1350,220,1027,6,11,10,1276,13
1351,221,1027,3,13,16,1989,29
1352,221,1027,1,1,1,151,30
1353,221,1027,10,15,13,1575,34
1354,221,1027,7,6,4,516,52
1355,221,1027,6,20,18,2260,20
1356,222,1027,1,17,19,2295,50
1357,222,1027,10,15,20,2490,32
1358,222,1027,1,7,6,728,61
1359,222,1027,10,9,8,1044,48
1360,222,1027,4,5,5,675,55
1361,222,1027,1,7,6,812,47
1362,222,1027,6,14,12,1442,27
1363,222,1027,8,1,1,117,17
1364,223,1027,6,15,11,1350,2
1365,223,1027,3,11,15,1848,51
1366,223,1027,6,13,18,2210,55
1367,223,1027,7,9,6,801,13
1368,223,1027,5,2,2,244,31
1369,223,1027,3,12,15,1884,6
1370,224,1027,2,13,17,2145,24
1371,224,1027,1,18,12,1530,38
1372,224,1027,1,6,7,864,32
1373,224,1027,10,15,12,1440,6
1374,224,1027,2,17,19,2295,10
1375,224,1027,2,11,7,935,9
1376,224,1027,4,9,13,1575,24
1377,224,1027,10,10,9,1130,40
1378,225,1027,3,6,6,720,48
1379,225,1027,12,5,6,755,43
1380,225,1027,6,15,10,1290,13
1381,225,1027,1,8,6,824,3
1382,225,1027,3,6,8,1020,30
1383,225,1027,3,16,11,1360,29
1384,226,1027,4,5,3,475,45
1385,226,1027,1,10,8,1030,22
1386,226,1027,7,9,11,1368,85
1387,226,1027,6,19,12,1520,68
1388,226,1027,7,6,6,798,10
1389,226,1027,2,16,22,2656,13
1390,226,1027,10,1,1,116,16
1391,227,1028,1,3,3,414,85
1392,227,1028,3,9,11,1404,85
1393,227,1028,1,2,2,326,80
1394,227,1028,11,11,15,1903,73
1395,227,1028,1,2,2,324,37
1396,227,1028,2,2,2,350,10
1397,228,1028,2,8,11,1424,56
1398,228,1028,3,1,1,106,11
1399,228,1028,2,13,12,1508,42
1400,228,1028,7,5,3,475,20
1401,228,1028,4,14,20,2436,52
1402,228,1028,10,20,16,1920,23
1403,228,1028,6,12,14,1740,13
1404,229,1028,2,20,22,2680,12
1405,229,1028,7,12,15,1896,24
1406,229,1028,3,14,10,1274,6
1407,229,1028,4,15,20,2490,29
1408,229,1028,6,5,5,715,68
1409,229,1028,6,17,12,1530,38
1410,229,1028,3,3,3,423,39
1411,230,1028,9,17,18,2278,10
1412,230,1028,5,18,13,1602,30
1413,230,1028,1,4,4,580,14
1414,230,1028,3,15,20,2460,24
1415,230,1028,5,9,9,1125,9
1416,230,1028,6,17,11,1394,4
1417,231,1028,9,2,1,180,54
1418,231,1028,10,10,10,1200,59
1419,231,1028,7,15,19,2385,34
1420,231,1028,2,6,5,642,24
1421,231,1028,1,20,18,2260,14
1422,232,1028,3,1,1,101,62
1423,232,1028,3,13,17,2132,78
1424,232,1028,7,10,13,1590,79
1425,232,1028,2,13,12,1534,12
1426,233,1028,1,1,1,169,13
1427,233,1028,10,7,8,987,10
1428,233,1028,6,14,18,2240,13
1429,233,1028,1,15,12,1470,31
1430,233,1028,3,4,3,404,10
1431,234,1028,1,15,19,2310,32
1432,234,1028,1,19,20,2470,7
1433,234,1028,2,4,5,640,56
1434,234,1028,11,16,23,2784,71
1435,234,1028,12,2,2,284,52
1436,234,1028,4,19,27,3268,63
1437,234,1028,2,2,2,294,3
1438,235,1028,1,14,16,1960,15
1439,235,1028,4,12,13,1644,56
1440,235,1028,1,10,14,1720,25
1441,235,1028,3,15,13,1635,65
1442,235,1028,1,11,14,1727,85
1443,235,1028,3,10,14,1720,50
1444,235,1028,11,12,14,1680,21
1445,235,1028,6,10,14,1680,12
1446,236,1029,6,4,4,532,32
1447,236,1029,2,7,8,1057,4
1448,236,1029,12,12,11,1356,23
1449,236,1029,6,6,7,864,3
1450,236,1029,8,11,12,1485,8
1451,237,1029,2,9,9,1107,23
1452,237,1029,7,18,17,2052,10
1453,237,1029,10,17,22,2669,43
1454,237,1029,1,2,2,272,30
1455,237,1029,11,4,3,372,40
1456,237,1029,6,4,5,604,3
1457,237,1029,4,6,8,960,8
1458,237,1029,10,12,10,1200,19
1459,238,1029,7,4,3,396,47
1460,238,1029,2,5,3,475,26
1461,238,1029,3,14,20,2492,1
1462,238,1029,2,16,16,1968,37
1463,238,1029,4,3,2,342,48
1464,238,1029,7,14,14,1764,32
1465,238,1029,1,17,18,2261,30
1466,239,1029,10,17,23,2839,47
1467,239,1029,10,15,12,1470,2
1468,239,1029,7,17,12,1496,11
1469,239,1029,2,13,19,2314,22
1470,239,1029,3,13,19,2301,5
1471,239,1029,6,5,6,765,8
1472,239,1029,11,17,16,1989,54
1473,240,1029,10,1,1,115,68
1474,240,1029,6,5,7,845,52
1475,240,1029,3,7,8,1043,80
1476,240,1029,8,15,21,2535,45
1477,240,1029,10,13,19,2327,26
1478,240,1029,10,3,2,252,69
1479,241,1029,5,18,17,2088,28
1480,241,1029,1,18,17,2142,44
1481,241,1029,7,6,4,492,4
1482,241,1029,10,18,23,2790,34
1483,241,1029,2,10,14,1720,55
1484,242,1029,9,9,12,1440,17
1485,242,1029,2,2,2,352,21
1486,242,1029,10,15,14,1770,19
1487,242,1029,7,15,15,1845,8
1488,243,1029,10,8,8,992,39
1489,243,1029,2,19,26,3154,18
1490,243,1029,7,17,24,2958,32
1491,243,1029,1,17,21,2618,25
1492,243,1029,9,12,13,1656,13
1493,243,1029,1,14,15,1848,11
1494,243,1029,1,14,11,1344,61
1495,243,1029,1,3,3,381,87
1496,244,1029,5,13,12,1469,64
1497,244,1029,6,15,21,2520,63
1498,244,1029,7,14,11,1400,19
1499,244,1029,4,16,22,2736,59
1500,244,1029,1,17,20,2499,16
1501,244,1029,6,15,17,2100,5
1502,244,1029,7,18,19,2286,16
1503,244,1029,6,14,10,1316,16
1504,245,1030,1,12,11,1428,24
1505,245,1030,2,16,11,1328,51
1506,245,1030,1,19,21,2527,4
1507,245,1030,10,10,9,1160,14
1508,245,1030,1,16,10,1280,8
1509,245,1030,5,3,2,255,27
1510,245,1030,3,10,12,1520,29
1511,245,1030,10,13,15,1820,47
1512,246,1030,6,15,20,2475,15
1513,246,1030,1,11,8,1001,26
1514,246,1030,6,20,22,2640,13
1515,246,1030,2,13,13,1599,18
1516,246,1030,1,15,21,2610,9
1517,246,1030,6,6,8,1020,1
1518,246,1030,6,10,12,1510,21
1519,246,1030,1,18,13,1620,7
1520,247,1030,11,17,14,1768,61
1521,247,1030,4,1,1,95,69
1522,247,1030,1,1,1,115,27
1523,247,1030,2,19,21,2584,11
1524,248,1030,3,2,2,284,3
1525,248,1030,2,6,6,798,4
1526,248,1030,10,11,11,1408,33
1527,248,1030,1,4,4,596,22
1528,248,1030,2,6,5,672,12
1529,248,1030,1,14,19,2324,22
1530,249,1030,7,10,10,1290,7
1531,249,1030,2,14,14,1694,17
1532,249,1030,2,4,2,344,13
1533,249,1030,2,20,25,3100,16
1534,250,1030,11,9,6,783,41
1535,250,1030,3,14,10,1232,62
1536,250,1030,1,8,5,656,35
1537,250,1030,5,19,26,3154,13
1538,250,1030,2,18,24,2934,17
1539,250,1030,2,14,15,1918,11
1540,250,1030,10,17,15,1802,19
1541,251,1030,5,14,17,2114,58
1542,251,1030,1,15,19,2385,38
1543,251,1030,6,6,4,480,8
1544,251,1030,10,16,15,1824,77
1545,251,1030,2,13,13,1612,81
1546,252,1030,1,18,22,2736,9
1547,252,1030,2,13,18,2197,16
1548,252,1030,9,18,17,2070,56
1549,252,1030,1,17,17,2040,88
1550,252,1030,10,9,13,1584,58
1551,252,1030,2,11,11,1353,27
1552,253,1031,6,1,1,157,31
1553,253,1031,1,1,1,166,12
1554,253,1031,3,16,23,2832,26
1555,253,1031,5,3,3,444,2
1556,253,1031,10,15,20,2490,8
1557,254,1031,2,1,1,95,30
1558,254,1031,2,7,7,952,1
1559,254,1031,2,1,1,177,18
1560,254,1031,6,12,10,1248,6
1561,254,1031,8,10,14,1710,15
1562,254,1031,2,16,16,2016,3
1563,255,1031,1,7,9,1127,51
1564,255,1031,1,9,11,1368,65
1565,255,1031,4,18,15,1872,73
1566,255,1031,6,20,25,3040,23
1567,255,1031,1,5,7,875,9
1568,255,1031,1,19,17,2071,67
1569,255,1031,7,9,7,936,3
1570,255,1031,12,18,23,2844,33
1571,256,1031,10,2,2,242,56
1572,256,1031,10,14,13,1610,16
1573,256,1031,6,15,17,2145,47
1574,256,1031,4,2,2,344,29
1575,257,1031,3,1,1,130,13
1576,257,1031,2,19,13,1577,48
1577,257,1031,2,14,10,1246,16
1578,257,1031,1,11,10,1309,5
1579,257,1031,6,4,2,332,31
1580,257,1031,3,1,1,155,41
1581,257,1031,10,9,8,999,7
1582,257,1031,3,11,7,946,22
1583,258,1031,6,4,5,640,29
1584,258,1031,6,3,2,261,3
1585,258,1031,2,3,4,540,9
1586,258,1031,1,15,10,1305,20
1587,258,1031,6,14,10,1232,7
1588,258,1031,6,18,12,1548,19
1589,258,1031,10,13,9,1196,40
1590,258,1031,7,8,10,1248,43
1591,259,1031,3,14,18,2226,4
1592,259,1031,2,1,1,138,11
1593,259,1031,6,4,3,372,1
1594,259,1031,6,3,3,465,7
1595,259,1031,10,5,6,805,9
1596,259,1031,2,16,22,2752,15
1597,259,1031,1,5,3,425,2
1598,260,1031,4,12,11,1428,38
1599,260,1031,10,5,4,490,31
1600,260,1031,2,11,10,1287,24
1601,260,1031,11,17,21,2635,43
1602,260,1031,6,2,1,220,33
1603,260,1031,8,18,12,1548,28
1604,260,1031,2,7,9,1127,13
1605,261,1031,6,15,19,2340,23
1606,261,1031,2,19,24,2888,11
1607,261,1031,6,14,14,1708,6
1608,261,1031,1,2,2,286,8
1609,261,1031,10,8,11,1344,8
1610,262,1032,7,11,15,1914,25
1611,262,1032,1,6,4,480,24
1612,262,1032,1,12,8,996,36
1613,262,1032,1,10,11,1360,13
1614,262,1032,6,12,8,1020,2
1615,262,1032,1,10,8,1020,15
1616,262,1032,10,6,6,738,36
1617,263,1032,1,9,6,828,2
1618,263,1032,9,5,5,640,8
1619,263,1032,2,7,6,833,30
1620,263,1032,2,12,16,1968,11
1621,264,1032,10,3,2,285,19
1622,264,1032,10,5,4,520,25
1623,264,1032,5,12,12,1440,77
1624,264,1032,3,8,5,680,79
1625,264,1032,6,18,17,2106,20
1626,264,1032,2,2,2,320,36
1627,264,1032,10,17,21,2618,63
1628,265,1032,1,17,18,2193,25
1629,265,1032,10,17,17,2159,16
1630,265,1032,5,6,6,726,23
1631,265,1032,2,16,22,2736,16
1632,265,1032,3,19,20,2489,21
1633,265,1032,10,19,25,3097,2
1634,265,1032,1,7,7,959,8
1635,265,1032,3,10,11,1340,13
1636,266,1032,5,5,7,880,6
1637,266,1032,2,17,17,2125,15
1638,266,1032,6,15,18,2175,22
1639,266,1032,3,15,16,2025,27
1640,266,1032,2,16,16,1920,18
1641,266,1032,2,6,6,816,15
1642,267,1032,2,17,20,2465,18
1643,267,1032,6,9,8,981,4
1644,267,1032,1,12,8,1008,18
1645,267,1032,1,7,9,1162,11
1646,268,1032,1,20,16,1940,49
1647,268,1032,7,18,16,2034,1
1648,268,1032,7,10,10,1240,51
1649,268,1032,12,13,16,2002,49
1650,268,1032,6,16,21,2608,33
1651,268,1032,12,5,5,650,15
1652,269,1032,4,18,26,3168,30
1653,269,1032,7,15,15,1845,6
1654,269,1032,2,7,7,938,27
1655,269,1032,1,15,18,2265,2
1656,269,1032,2,19,15,1824,20
1657,270,1032,2,14,15,1876,13
1658,270,1032,7,18,17,2124,11
1659,270,1032,6,19,28,3420,2
1660,270,1032,10,5,5,610,13
1661,270,1032,11,7,7,910,3
1662,270,1032,5,7,8,980,4
1663,271,1033,1,4,5,664,71
1664,271,1033,1,20,23,2840,4
1665,271,1033,1,3,3,387,37
1666,271,1033,1,10,13,1640,68
1667,271,1033,1,2,2,254,67
1668,271,1033,1,11,12,1452,51
1669,272,1033,3,3,3,387,29
1670,272,1033,10,5,4,530,10
1671,272,1033,3,16,13,1600,20
1672,272,1033,6,10,12,1550,7
1673,272,1033,4,15,14,1725,7
1674,272,1033,1,5,5,685,3
1675,272,1033,9,20,18,2220,17
1676,272,1033,2,19,22,2698,15
1677,273,1033,2,15,15,1860,39
1678,273,1033,3,6,6,798,32
1679,273,1033,1,20,28,3460,56
1680,273,1033,3,6,8,1014,73
1681,274,1033,2,6,5,690,38
1682,274,1033,6,3,4,507,28
1683,274,1033,10,14,20,2478,16
1684,274,1033,12,3,4,528,14
1685,275,1033,1,7,8,1008,3
1686,275,1033,3,3,4,483,45
1687,275,1033,6,15,16,1920,22
1688,275,1033,7,7,7,910,3
1689,275,1033,1,4,5,680,9
1690,275,1033,2,15,17,2130,30
1691,275,1033,1,18,24,2952,16
1692,276,1033,9,6,5,606,3
1693,276,1033,6,6,5,702,16
1694,276,1033,5,13,10,1313,10
1695,276,1033,6,1,1,166,35
1696,276,1033,1,12,10,1224,28
1697,276,1033,7,18,16,1926,57
1698,276,1033,7,17,22,2754,14
1699,277,1033,6,2,2,356,25
1700,277,1033,7,8,8,1016,16
1701,277,1033,1,1,1,133,2
1702,277,1033,12,11,9,1144,44
1703,278,1033,8,6,8,1032,6
1704,278,1033,1,17,13,1581,11
1705,278,1033,2,7,9,1113,7
1706,278,1033,10,13,14,1742,4
1707,279,1034,1,13,17,2119,11
1708,279,1034,1,7,8,966,8
1709,279,1034,1,9,12,1467,20
1710,279,1034,2,3,2,321,14
1711,279,1034,2,20,23,2860,4
1712,279,1034,7,19,15,1919,9
1713,280,1034,6,5,5,610,12
1714,280,1034,6,11,15,1815,31
1715,280,1034,1,1,1,157,38
1716,280,1034,3,17,22,2737,48
1717,280,1034,2,19,26,3230,1
1718,280,1034,2,20,29,3540,8
1719,280,1034,2,14,20,2464,16
1720,281,1034,2,10,8,1050,5
1721,281,1034,2,2,1,220,24
1722,281,1034,6,15,21,2610,11
1723,281,1034,1,11,14,1782,25
1724,281,1034,1,14,18,2268,10
1725,282,1034,2,7,8,1043,2
1726,282,1034,10,8,11,1336,8
1727,282,1034,6,13,15,1898,11
1728,282,1034,1,1,1,88,16
1729,282,1034,1,7,5,602,5
1730,282,1034,10,5,3,455,6
1731,283,1034,4,14,20,2408,60
1732,283,1034,2,7,6,777,55
1733,283,1034,1,8,7,944,37
1734,283,1034,6,7,6,798,62
1735,283,1034,1,12,13,1560,49
1736,284,1034,4,14,20,2478,20
1737,284,1034,9,16,10,1312,49
1738,284,1034,3,3,4,531,39
1739,284,1034,6,5,6,750,23
1740,284,1034,2,15,14,1785,59
1741,284,1034,2,18,23,2826,62
1742,284,1034,1,5,7,855,61
1743,285,1034,1,17,24,2941,24
1744,285,1034,4,14,15,1820,24
1745,285,1034,2,10,13,1620,5
1746,285,1034,3,2,1,190,25
1747,286,1035,8,12,14,1740,32
1748,286,1035,6,12,16,2028,4
1749,286,1035,6,14,20,2436,16
1750,286,1035,2,2,2,252,2
1751,286,1035,7,5,4,565,39
1752,286,1035,3,5,4,560,16
1753,287,1035,1,3,4,486,50
1754,287,1035,3,19,14,1710,67
1755,287,1035,10,14,11,1414,55
1756,287,1035,2,10,12,1440,69
1757,287,1035,6,13,16,2015,40
1758,288,1035,1,19,28,3401,45
1759,288,1035,8,9,13,1575,27
1760,288,1035,10,13,18,2197,40
1761,288,1035,1,6,7,852,1
1762,289,1035,5,10,14,1730,14
1763,289,1035,1,12,10,1236,23
1764,289,1035,1,16,13,1648,17
1765,289,1035,10,15,19,2280,7
1766,289,1035,1,2,2,350,6
1767,289,1035,8,7,6,791,14
1768,289,1035,3,20,15,1860,21
1769,290,1035,2,9,6,792,11
1770,290,1035,1,8,9,1128,16
1771,290,1035,6,4,2,324,2
1772,290,1035,2,1,1,165,19
1773,291,1035,5,1,1,128,20
1774,291,1035,5,9,10,1278,16
1775,291,1035,7,20,22,2680,11
1776,291,1035,2,11,11,1320,8
1777,291,1035,10,13,13,1664,20
1778,292,1035,1,13,18,2236,54
1779,292,1035,10,5,3,415,39
1780,292,1035,1,17,16,1955,45
1781,292,1035,7,8,8,1016,29
1782,293,1035,6,1,1,161,42
1783,293,1035,1,12,8,1020,42
1784,293,1035,6,8,10,1256,63
1785,293,1035,3,20,15,1800,45
1786,293,1035,3,16,21,2624,13
1787,293,1035,7,10,13,1570,25
1788,293,1035,7,17,21,2601,65
1789,294,1035,2,18,20,2502,6
1790,294,1035,10,4,4,564,22
1791,294,1035,5,8,7,856,6
1792,294,1035,7,3,2,279,14
1793,295,1035,10,9,8,972,9
1794,295,1035,6,4,5,660,5
1795,295,1035,10,16,12,1456,11
1796,295,1035,10,19,28,3382,3
1797,295,1035,6,13,18,2223,13
1798,295,1035,6,18,20,2430,8
1799,296,1036,1,11,15,1914,19
1800,296,1036,10,4,5,612,12
1801,296,1036,1,11,11,1408,19
1802,296,1036,7,10,7,870,19
1803,297,1036,2,12,16,1992,9
1804,297,1036,5,20,25,3100,15
1805,297,1036,1,1,1,148,30
1806,297,1036,2,10,9,1080,32
1807,297,1036,6,5,6,780,19
1808,297,1036,1,2,2,312,21
1809,297,1036,2,4,3,460,37
1810,298,1036,7,13,9,1131,22
1811,298,1036,1,7,10,1211,15
1812,298,1036,7,2,2,358,12
1813,298,1036,10,13,12,1534,11
1814,298,1036,12,18,19,2340,22
1815,298,1036,3,16,16,1984,26
1816,299,1036,2,7,9,1183,18
1817,299,1036,3,5,5,605,19
1818,299,1036,10,2,2,340,10
1819,299,1036,3,6,7,918,5
1820,299,1036,3,16,15,1872,5
1821,299,1036,1,7,10,1218,21
1822,300,1036,1,5,5,640,61
1823,300,1036,11,6,4,522,7
1824,300,1036,2,16,13,1632,61
1825,300,1036,1,17,23,2771,22
1826,300,1036,6,5,6,800,47
1827,300,1036,3,2,1,190,16
1828,300,1036,3,10,14,1680,39
1829,300,1036,11,13,19,2327,45
1830,301,1036,2,15,15,1905,1
1831,301,1036,1,3,2,285,16
1832,301,1036,6,17,15,1836,1
1833,301,1036,6,19,22,2679,9
1834,301,1036,6,4,5,620,6
1835,301,1036,2,14,13,1652,19
1836,301,1036,1,11,8,968,23
1837,302,1036,8,1,1,130,72
1838,302,1036,8,17,20,2414,9
1839,302,1036,5,19,23,2812,16
1840,302,1036,7,7,9,1148,16
1841,302,1036,1,20,28,3360,24
1842,302,1036,1,15,15,1800,16
1843,302,1036,1,19,16,2014,21
1844,303,1037,11,17,16,2006,24
1845,303,1037,11,6,6,804,43
1846,303,1037,1,10,7,850,34
1847,303,1037,10,10,13,1640,35
1848,304,1037,6,17,17,2125,14
1849,304,1037,6,2,1,220,3
1850,304,1037,1,10,8,1070,9
1851,304,1037,6,7,9,1085,23
1852,304,1037,2,20,22,2680,5
1853,304,1037,5,9,9,1152,11
1854,304,1037,3,3,2,336,28
1855,305,1037,1,9,12,1449,13
1856,305,1037,7,19,25,3116,33
1857,305,1037,6,14,11,1386,21
1858,305,1037,12,14,14,1792,2
1859,305,1037,11,8,5,712,18
1860,306,1037,3,11,14,1771,12
1861,306,1037,2,11,16,1969,35
1862,306,1037,1,8,7,920,2
1863,306,1037,1,8,8,1024,14
1864,306,1037,8,4,3,408,68
1865,306,1037,7,10,12,1550,63
1866,306,1037,1,12,16,2028,74
1867,306,1037,10,18,17,2052,78
1868,307,1037,10,13,11,1339,12
1869,307,1037,8,18,22,2700,20
1870,307,1037,10,13,15,1833,19
1871,307,1037,1,1,1,167,17
1872,307,1037,7,5,4,490,13
1873,307,1037,5,9,6,774,21
1874,308,1037,3,15,12,1545,29
1875,308,1037,11,15,18,2160,19
1876,308,1037,2,14,17,2044,46
1877,308,1037,10,8,7,952,41
1878,308,1037,10,10,11,1320,21
1879,308,1037,10,3,2,267,16
1880,308,1037,10,6,7,918,4
1881,308,1037,1,10,12,1500,32
1882,309,1038,3,17,23,2839,69
1883,309,1038,7,13,8,1053,79
1884,309,1038,1,1,1,171,55
1885,309,1038,7,12,11,1332,68
1886,309,1038,6,2,2,314,58
1887,310,1038,1,5,6,725,46
1888,310,1038,11,14,16,2002,49
1889,310,1038,1,4,4,492,32
1890,310,1038,9,4,3,468,39
1891,310,1038,3,9,8,963,1
1892,311,1038,10,17,11,1428,60
1893,311,1038,10,16,11,1392,46
1894,311,1038,1,15,15,1830,39
1895,311,1038,2,1,1,124,24
1896,311,1038,3,1,1,92,56
1897,312,1038,4,5,5,660,8
1898,312,1038,10,1,1,99,17
1899,312,1038,2,13,13,1651,20
1900,312,1038,2,6,7,888,18
1901,312,1038,1,15,20,2460,29
1902,312,1038,1,12,17,2100,28
1903,312,1038,1,7,5,658,13
1904,312,1038,2,5,5,650,27
1905,313,1038,6,16,22,2640,18
1906,313,1038,1,16,20,2400,32
1907,313,1038,8,5,5,605,49
1908,313,1038,7,13,15,1872,47
1909,313,1038,10,13,10,1248,8
1910,314,1038,2,1,1,178,8
1911,314,1038,1,11,12,1474,1
1912,314,1038,3,10,9,1160,16
1913,314,1038,1,14,12,1554,5
1914,314,1038,7,6,5,666,9
1915,315,1039,6,14,12,1470,31
1916,315,1039,7,4,5,676,47
1917,315,1039,4,6,5,624,38
1918,315,1039,6,5,4,545,8
1919,315,1039,1,2,1,230,13
1920,316,1039,6,3,2,258,25
1921,316,1039,3,10,14,1690,15
1922,316,1039,2,14,16,1974,4
1923,316,1039,4,2,1,236,8
1924,317,1039,7,8,8,960,58
1925,317,1039,1,2,1,160,4
1926,317,1039,6,11,9,1177,19
1927,317,1039,3,20,15,1840,28
1928,317,1039,1,16,16,2016,22
1929,317,1039,2,4,5,660,1
1930,318,1039,2,12,17,2100,76
1931,318,1039,5,12,11,1320,84
1932,318,1039,2,19,20,2451,12
1933,318,1039,10,5,6,800,78
1934,318,1039,1,19,25,3097,25
1935,318,1039,1,15,11,1380,10
1936,319,1039,2,16,23,2832,26
1937,319,1039,5,5,3,425,17
1938,319,1039,1,18,25,3078,33
1939,319,1039,10,18,18,2232,47
1940,319,1039,3,4,4,540,9
1941,319,1039,3,17,20,2448,3
1942,320,1039,2,19,13,1653,45
1943,320,1039,1,13,15,1859,44
1944,320,1039,5,17,12,1513,11
1945,320,1039,3,17,18,2193,36
1946,320,1039,8,13,17,2041,18
1947,321,1040,1,1,1,145,8
1948,321,1040,4,17,16,1921,5
1949,321,1040,10,10,14,1700,5
1950,321,1040,5,6,5,648,1
1951,321,1040,5,10,7,850,11
1952,321,1040,1,9,7,873,5
1953,321,1040,10,2,2,324,4
1954,321,1040,12,7,8,1036,2
1955,322,1040,11,11,8,990,46
1956,322,1040,10,9,12,1548,9
1957,322,1040,3,20,19,2340,21
1958,322,1040,11,1,1,125,15
1959,322,1040,7,9,7,918,17
1960,322,1040,11,18,24,2952,56
1961,322,1040,8,19,14,1767,47
1962,322,1040,7,13,17,2119,17
1963,323,1040,1,9,7,954,75
1964,323,1040,6,13,10,1287,58
1965,323,1040,2,14,14,1778,19
1966,323,1040,10,3,3,429,24
1967,323,1040,3,6,5,624,73
1968,323,1040,4,6,8,972,37
1969,323,1040,1,6,5,612,51
1970,324,1040,1,8,9,1104,26
1971,324,1040,1,17,13,1649,1
1972,324,1040,6,13,13,1677,2
1973,324,1040,1,1,1,177,3
1974,324,1040,1,3,2,342,10
1975,325,1040,5,11,15,1870,3
1976,325,1040,1,16,23,2832,15
1977,325,1040,8,10,10,1220,16
1978,325,1040,1,2,2,298,9
1979,326,1040,9,4,4,596,38
1980,326,1040,1,14,11,1372,1
1981,326,1040,10,1,1,109,55
1982,326,1040,2,12,16,1956,37
1983,327,1040,4,4,3,432,14
1984,327,1040,11,10,10,1250,10
1985,327,1040,6,4,4,504,11
1986,327,1040,10,20,16,1980,23
1987,328,1041,6,5,6,825,44
1988,328,1041,2,10,10,1240,57
1989,328,1041,1,16,21,2624,24
1990,328,1041,10,3,4,540,1
1991,328,1041,10,5,7,895,42
1992,329,1041,3,16,11,1408,8
1993,329,1041,6,9,7,882,6
1994,329,1041,2,5,4,515,50
1995,329,1041,2,11,13,1573,28
1996,329,1041,3,14,18,2198,51
1997,329,1041,6,5,6,815,16
1998,329,1041,2,18,21,2574,35
1999,330,1041,9,13,9,1170,75
2000,330,1041,7,17,21,2601,29
2001,330,1041,7,8,8,1008,1
2002,330,1041,1,1,1,126,72
2003,330,1041,3,5,3,470,8
2004,330,1041,10,12,17,2148,18
2005,330,1041,2,5,6,750,54
2006,330,1041,2,8,5,696,18
2007,331,1041,7,14,14,1778,4
2008,331,1041,7,19,14,1691,31
2009,331,1041,9,6,4,498,10
2010,331,1041,2,3,2,333,5
2011,332,1041,7,16,23,2800,18
2012,332,1041,7,10,11,1400,53
2013,332,1041,7,15,22,2700,83
2014,332,1041,6,10,7,940,20
2015,332,1041,1,2,2,314,23
2016,333,1041,9,15,18,2250,17
2017,333,1041,10,17,16,2023,15
2018,333,1041,3,6,5,684,6
2019,333,1041,5,5,7,875,14
2020,333,1041,3,2,1,216,26
2021,333,1041,1,18,23,2826,5
2022,333,1041,8,15,17,2115,21
2023,334,1041,1,12,16,1944,55
2024,334,1041,1,4,3,372,10
2025,334,1041,2,11,7,913,31
2026,334,1041,2,18,13,1674,9
2027,334,1041,1,1,1,176,40
2028,335,1041,2,3,3,456,73
2029,335,1041,1,16,11,1360,7
2030,335,1041,2,10,6,810,46
2031,335,1041,7,13,15,1872,25
2032,336,1041,11,4,4,488,53
2033,336,1041,10,17,13,1564,65
2034,336,1041,8,5,3,415,49
2035,336,1041,3,2,1,234,21
2036,336,1041,1,15,11,1350,12
2037,336,1041,11,8,7,856,19
2038,337,1042,6,11,12,1507,17
2039,337,1042,2,12,15,1908,56
2040,337,1042,1,13,11,1430,27
2041,337,1042,12,20,14,1780,20
2042,337,1042,5,16,12,1472,2
2043,337,1042,1,10,12,1500,12
2044,337,1042,4,15,15,1800,22
2045,337,1042,10,6,4,528,36
2046,338,1042,1,15,14,1695,31
2047,338,1042,11,15,20,2445,60
2048,338,1042,1,4,5,608,32
2049,338,1042,1,10,10,1310,27
2050,339,1042,4,20,20,2400,12
2051,339,1042,1,14,16,2016,15
2052,339,1042,2,2,2,318,21
2053,339,1042,1,8,11,1352,27
2054,339,1042,5,5,3,465,10
2055,339,1042,2,19,20,2489,28
2056,340,1042,6,12,13,1668,30
2057,340,1042,6,15,11,1395,6
2058,340,1042,1,4,4,520,28
2059,340,1042,1,11,8,968,21
2060,340,1042,2,20,23,2840,14
2061,340,1042,7,16,12,1504,18
2062,340,1042,3,18,14,1782,31
2063,341,1042,1,20,29,3580,25
2064,341,1042,1,12,13,1620,31
2065,341,1042,1,7,4,574,28
2066,341,1042,2,6,4,540,10
2067,341,1042,1,13,9,1170,20
2068,341,1042,10,15,16,1995,34
2069,341,1042,1,9,7,927,4
2070,341,1042,1,14,14,1722,20
2071,342,1042,3,18,25,3024,11
2072,342,1042,11,14,14,1750,37
2073,342,1042,2,1,1,151,39
2074,342,1042,1,19,25,3002,10
2075,342,1042,2,11,7,891,10
2076,342,1042,10,5,5,715,21
2077,342,1042,1,14,13,1582,34
2078,343,1042,6,19,14,1748,1
2079,343,1042,1,7,7,931,12
2080,343,1042,5,6,7,936,7
2081,343,1042,1,7,6,728,11
2082,343,1042,6,1,1,127,14
2083,344,1043,8,4,5,676,32
2084,344,1043,6,15,16,1980,27
2085,344,1043,2,18,20,2412,34
2086,344,1043,11,11,8,1034,12
2087,344,1043,3,12,10,1224,36
2088,344,1043,6,18,20,2430,25
2089,344,1043,2,14,18,2254,19
2090,344,1043,7,4,3,364,52
2091,345,1043,6,14,10,1302,16
2092,345,1043,7,20,24,2980,4
2093,345,1043,6,17,21,2618,26
2094,345,1043,1,10,11,1330,7
2095,346,1043,1,16,12,1520,45
2096,346,1043,11,15,16,1980,51
2097,346,1043,1,12,18,2160,29
2098,346,1043,4,9,12,1476,34
2099,346,1043,2,14,19,2324,31
2100,346,1043,1,14,9,1176,2
2101,346,1043,1,12,14,1752,41
2102,347,1043,2,13,11,1352,26
2103,347,1043,9,19,21,2546,9
2104,347,1043,10,13,18,2249,12
2105,347,1043,3,11,13,1606,11
2106,347,1043,3,4,5,680,9
2107,347,1043,4,19,28,3420,26
2108,347,1043,9,9,11,1350,11
2109,348,1043,1,1,1,160,38
2110,348,1043,1,20,28,3400,35
2111,348,1043,10,3,3,459,25
2112,348,1043,1,5,5,690,41
2113,349,1043,6,8,7,944,13
2114,349,1043,5,8,11,1376,50
2115,349,1043,8,13,19,2314,17
2116,349,1043,6,9,6,810,60
2117,349,1043,1,1,1,161,38
2118,350,1043,10,4,3,372,5
2119,350,1043,2,6,4,546,3
2120,350,1043,4,12,10,1272,13
2121,350,1043,1,1,1,132,3
2122,350,1043,4,3,2,318,22
2123,350,1043,3,11,14,1771,15
2124,350,1043,8,6,5,708,1
2125,351,1043,6,2,1,190,22
2126,351,1043,12,16,21,2528,35
2127,351,1043,1,17,24,2958,17
2128,351,1043,10,7,9,1099,2
2129,351,1043,5,17,20,2465,10
2130,351,1043,1,12,9,1128,14
2131,351,1043,1,5,4,540,6
2132,351,1043,7,5,4,570,18
2133,352,1044,6,15,21,2625,26
2134,352,1044,4,17,18,2227,7
2135,352,1044,2,7,9,1169,23
2136,352,1044,2,13,10,1209,19
2137,352,1044,8,19,18,2261,6
2138,352,1044,8,16,18,2160,15
2139,352,1044,3,9,9,1080,20
2140,352,1044,1,13,14,1742,7
2141,353,1044,3,2,2,290,17
2142,353,1044,6,10,13,1570,53
2143,353,1044,10,17,17,2125,26
2144,353,1044,1,6,6,726,28
2145,354,1044,1,12,12,1524,10
2146,354,1044,8,4,2,324,21
2147,354,1044,6,11,9,1177,30
2148,354,1044,5,11,9,1199,36
2149,354,1044,1,10,13,1570,14
2150,355,1044,2,20,27,3300,5
2151,355,1044,6,14,19,2338,28
2152,355,1044,2,11,9,1155,13
2153,355,1044,1,16,19,2288,3
2154,355,1044,12,14,11,1330,8
2155,355,1044,3,20,20,2420,38
2156,355,1044,2,19,12,1558,19
2157,355,1044,1,19,12,1520,30
2158,356,1044,10,17,12,1445,11
2159,356,1044,6,3,3,420,4
2160,356,1044,9,14,20,2408,10
2161,356,1044,2,12,13,1572,3
2162,357,1044,1,10,14,1690,30
2163,357,1044,4,4,4,508,40
2164,357,1044,1,8,5,688,53
2165,357,1044,1,4,4,484,45
2166,357,1044,7,8,6,808,6
2167,357,1044,1,12,14,1776,1
2168,357,1044,10,2,1,226,51
2169,357,1044,1,2,1,236,5
2170,358,1044,8,13,12,1482,45
2171,358,1044,1,5,6,770,30
2172,358,1044,1,11,8,1078,49
2173,358,1044,6,14,18,2254,29
2174,358,1044,6,17,20,2499,16
2175,358,1044,6,16,15,1840,21
2176,358,1044,8,16,14,1728,6
2177,358,1044,2,10,14,1710,6
2178,359,1044,6,3,3,429,8
2179,359,1044,1,7,8,973,50
2180,359,1044,1,4,4,492,27
2181,359,1044,8,17,20,2465,41
2182,359,1044,7,10,14,1700,59
2183,360,1044,10,8,8,1008,25
2184,360,1044,11,20,24,2900,13
2185,360,1044,8,7,5,616,18
2186,360,1044,3,10,12,1530,7
2187,361,1045,2,15,12,1545,9
2188,361,1045,1,17,19,2329,12
2189,361,1045,2,18,13,1620,12
2190,361,1045,3,5,5,650,17
2191,362,1045,3,12,9,1104,7
2192,362,1045,6,14,12,1456,38
2193,362,1045,1,6,7,936,36
2194,362,1045,5,16,19,2336,56
2195,363,1045,11,8,6,752,2
2196,363,1045,10,19,18,2166,8
2197,363,1045,1,4,3,460,8
2198,363,1045,10,13,14,1690,13
2199,363,1045,1,9,10,1287,7
2200,364,1045,7,10,14,1730,1
2201,364,1045,1,17,23,2873,40
2202,364,1045,3,10,14,1680,16
2203,364,1045,1,3,2,303,12
2204,364,1045,2,15,12,1470,1
2205,364,1045,6,14,14,1708,2
2206,365,1045,6,1,1,156,23
2207,365,1045,11,19,12,1520,32
2208,365,1045,10,16,12,1504,3
2209,365,1045,8,19,26,3173,19
2210,365,1045,9,17,20,2448,11
2211,366,1045,2,11,12,1507,32
2212,366,1045,7,18,16,2016,32
2213,366,1045,2,15,10,1215,23
2214,366,1045,2,11,13,1606,31
2215,367,1045,7,1,1,98,27
2216,367,1045,10,5,5,625,32
2217,367,1045,1,19,27,3306,45
2218,367,1045,11,12,10,1272,48
2219,367,1045,1,13,17,2093,7
2220,367,1045,11,18,20,2466,34
2221,367,1045,1,12,12,1464,26
2222,367,1045,6,9,8,1071,13
2223,368,1046,9,4,4,540,59
2224,368,1046,5,12,11,1392,15
2225,368,1046,11,16,22,2672,19
2226,368,1046,3,5,6,730,38
2227,368,1046,6,6,5,708,63
2228,368,1046,2,10,6,810,59
2229,369,1046,1,16,15,1904,1
2230,369,1046,3,1,1,86,17
2231,369,1046,1,10,15,1800,33
2232,369,1046,6,18,14,1782,6
2233,369,1046,7,5,7,865,13
2234,369,1046,3,3,2,351,15
2235,369,1046,1,12,11,1332,41
2236,369,1046,2,13,9,1196,17
2237,370,1046,1,14,19,2324,21
2238,370,1046,8,5,6,835,50
2239,370,1046,1,5,5,665,36
2240,370,1046,1,10,7,900,20
2241,370,1046,5,15,18,2235,12
2242,370,1046,2,14,10,1288,9
2243,371,1046,4,12,13,1668,46
2244,371,1046,3,14,15,1848,60
2245,371,1046,1,18,12,1494,54
2246,371,1046,1,5,6,790,39
2247,371,1046,8,19,22,2755,48
2248,371,1046,1,18,22,2736,38
2249,372,1046,6,15,22,2655,59
2250,372,1046,9,3,2,261,35
2251,372,1046,9,4,4,488,13
2252,372,1046,9,19,22,2679,43
2253,372,1046,10,4,5,696,7
2254,372,1046,7,17,13,1666,64
2255,372,1046,1,5,4,590,40
2256,373,1046,6,4,2,352,1
2257,373,1046,1,4,4,584,2
2258,373,1046,2,4,4,560,1
2259,373,1046,9,15,16,1950,1
2260,373,1046,10,10,10,1310,8
2261,373,1046,11,8,9,1192,5
2262,373,1046,9,15,20,2460,10
2263,373,1046,1,5,6,805,1
2264,374,1047,7,18,15,1890,31
2265,374,1047,3,10,13,1650,7
2266,374,1047,11,16,16,2032,43
2267,374,1047,2,13,18,2197,7
2268,374,1047,3,14,11,1372,2
2269,374,1047,2,4,5,608,25
2270,374,1047,1,10,7,840,42
2271,374,1047,6,20,22,2720,3
2272,375,1047,10,15,14,1725,1
2273,375,1047,11,12,14,1728,55
2274,375,1047,10,7,7,868,58
2275,375,1047,7,13,15,1885,5
2276,375,1047,1,5,5,625,42
2277,375,1047,7,11,12,1518,46
2278,375,1047,10,5,4,575,51
2279,376,1047,10,16,17,2048,31
2280,376,1047,6,6,7,918,46
2281,376,1047,10,17,16,1921,9
2282,376,1047,7,19,24,2926,23
2283,377,1047,1,6,5,654,13
2284,377,1047,6,16,22,2656,61
2285,377,1047,2,8,11,1424,31
2286,377,1047,1,6,8,1038,50
2287,378,1047,6,4,2,336,10
2288,378,1047,3,12,15,1884,4
2289,378,1047,10,11,8,1023,58
2290,378,1047,2,19,23,2869,26
2291,379,1047,6,8,7,840,11
2292,379,1047,3,17,14,1768,6
2293,379,1047,6,4,3,424,3
2294,379,1047,8,1,1,126,27
2295,379,1047,5,3,3,369,12
2296,379,1047,6,17,20,2431,13
2297,379,1047,9,19,22,2660,33
2298,380,1047,10,3,3,408,28
2299,380,1047,6,3,3,456,6
2300,380,1047,1,17,16,2006,7
2301,380,1047,1,8,5,688,39
2302,380,1047,5,1,1,108,53
2303,380,1047,10,9,9,1161,46
2304,380,1047,2,6,5,696,5
2305,380,1047,5,8,9,1168,60
2306,381,1048,1,4,5,616,31
2307,381,1048,10,9,12,1467,2
2308,381,1048,1,14,13,1582,13
2309,381,1048,2,2,1,194,14
2310,381,1048,5,11,16,1936,43
2311,381,1048,10,2,1,220,32
2312,381,1048,1,19,25,3002,45
2313,381,1048,9,2,2,248,5
2314,382,1048,10,9,12,1548,2
2315,382,1048,1,16,19,2304,8
2316,382,1048,6,14,16,1974,10
2317,382,1048,8,8,5,656,2
2318,382,1048,1,7,8,1036,20
2319,382,1048,10,1,1,150,16
2320,382,1048,1,13,18,2197,5
2321,383,1048,1,4,5,632,48
2322,383,1048,2,11,12,1485,8
2323,383,1048,2,3,3,465,2
2324,383,1048,2,18,22,2736,6
2325,383,1048,12,1,1,172,32
2326,384,1048,1,6,5,696,2
2327,384,1048,2,20,27,3260,8
2328,384,1048,12,5,6,785,13
2329,384,1048,3,4,5,656,3
2330,385,1048,4,12,10,1296,29
2331,385,1048,7,12,17,2148,36
2332,385,1048,2,8,9,1176,18
2333,385,1048,2,18,21,2592,7
2334,385,1048,1,14,19,2380,40
2335,386,1048,10,17,15,1853,20
2336,386,1048,7,7,5,665,24
2337,386,1048,7,5,3,420,16
2338,386,1048,7,15,11,1410,2
2339,386,1048,4,2,1,228,18
2340,387,1048,1,20,21,2580,64
2341,387,1048,1,13,13,1677,57
2342,387,1048,1,7,7,896,24
2343,387,1048,6,18,12,1548,40
2344,388,1048,10,11,10,1243,76
2345,388,1048,1,1,1,123,80
2346,388,1048,3,14,21,2520,8
2347,388,1048,8,18,19,2322,37
2348,389,1048,6,19,28,3382,67
2349,389,1048,2,13,15,1807,31
2350,389,1048,1,1,1,115,36
2351,389,1048,1,8,11,1424,70
2352,389,1048,2,19,20,2470,5
2353,389,1048,6,12,11,1368,33
2354,389,1048,8,20,13,1620,16
2355,390,1048,9,6,6,816,60
2356,390,1048,1,1,1,139,5
2357,390,1048,11,16,21,2576,72
2358,390,1048,1,2,2,308,11
2359,390,1048,2,20,25,3000,41
2360,390,1048,11,15,12,1545,34
2361,391,1049,6,5,6,795,7
2362,391,1049,2,2,1,206,65
2363,391,1049,10,19,19,2280,6
2364,391,1049,5,8,5,696,34
2365,391,1049,11,1,1,166,46
2366,392,1049,2,3,3,432,15
2367,392,1049,1,3,2,330,7
2368,392,1049,2,12,16,2004,14
2369,392,1049,1,14,13,1624,5
2370,392,1049,1,20,30,3600,12
2371,393,1049,3,10,13,1590,4
2372,393,1049,1,2,1,234,20
2373,393,1049,10,1,1,93,28
2374,393,1049,8,17,24,2907,66
2375,393,1049,8,12,10,1284,49
2376,393,1049,9,2,2,328,20
2377,394,1049,5,19,25,3040,18
2378,394,1049,7,18,25,3114,4
2379,394,1049,10,17,12,1462,20
2380,394,1049,3,17,20,2482,15
2381,394,1049,2,7,8,1071,10
2382,395,1049,8,12,10,1308,30
2383,395,1049,2,4,5,672,16
2384,395,1049,3,14,14,1764,6
2385,395,1049,2,17,12,1513,24
2386,395,1049,6,20,18,2180,29
2387,396,1049,9,5,6,740,32
2388,396,1049,8,14,19,2324,18
2389,396,1049,6,10,10,1230,41
2390,396,1049,1,14,15,1862,65
2391,396,1049,11,19,22,2717,26
2392,396,1049,10,15,10,1215,22
2393,396,1049,1,9,13,1593,61
2394,396,1049,7,5,3,420,56
2395,397,1049,4,17,18,2193,28
2396,397,1049,2,13,18,2197,36
2397,397,1049,2,10,7,950,22
2398,397,1049,10,11,14,1705,7
2399,397,1049,12,2,1,178,23
2400,398,1049,7,14,13,1638,62
2401,398,1049,7,6,8,1032,66
2402,398,1049,1,1,1,155,48
2403,398,1049,6,15,16,1920,42
2404,398,1049,3,17,24,2924,36
2405,398,1049,10,4,3,436,39
2406,398,1049,4,2,2,304,67
2407,399,1050,2,11,16,1936,23
2408,399,1050,11,2,2,348,27
2409,399,1050,3,9,11,1377,79
2410,399,1050,2,12,11,1392,22
2411,399,1050,1,9,10,1278,57
2412,399,1050,2,6,5,696,34
2413,400,1050,1,7,8,1050,27
2414,400,1050,4,6,4,498,20
2415,400,1050,10,18,22,2664,26
2416,400,1050,1,16,11,1328,12
2417,400,1050,1,19,21,2546,24
2418,400,1050,3,5,5,690,10
2419,401,1050,3,14,16,2002,9
2420,401,1050,1,5,4,575,24
2421,401,1050,6,12,9,1080,24
2422,401,1050,8,3,3,363,6
2423,402,1050,6,17,23,2822,50
2424,402,1050,1,11,7,924,28
2425,402,1050,1,17,17,2040,13
2426,402,1050,9,2,2,322,41
2427,402,1050,1,5,6,775,25
2428,402,1050,10,8,11,1328,13
2429,402,1050,2,5,5,710,53
2430,403,1050,1,3,3,438,28
2431,403,1050,1,3,3,426,72
2432,403,1050,6,6,4,504,54
2433,403,1050,6,20,21,2560,75
2434,403,1050,2,12,14,1692,68
2435,404,1050,10,16,18,2272,26
2436,404,1050,6,18,21,2538,19
2437,404,1050,1,4,5,704,19
2438,404,1050,3,15,15,1815,16
2439,404,1050,6,4,3,408,30
2440,405,1050,7,16,18,2272,20
2441,405,1050,3,8,5,664,10
2442,405,1050,2,7,10,1260,14
2443,405,1050,1,11,10,1243,22
2444,405,1050,2,13,14,1768,14
2445,405,1050,3,2,1,228,16
2446,405,1050,7,11,14,1771,27
2447,406,1050,2,6,7,888,14
2448,406,1050,8,4,5,632,40
2449,406,1050,2,20,24,2980,2
2450,406,1050,11,1,1,128,6
2451,406,1050,8,11,11,1375,50
2452,406,1050,7,3,4,489,4
2453,406,1050,5,12,14,1776,13
2454,407,1050,2,6,6,762,43
2455,407,1050,3,18,25,3114,32
2456,407,1050,10,2,1,164,68
2457,407,1050,1,13,15,1846,6
2458,407,1050,1,10,6,830,30
2459,408,1050,7,13,17,2119,26
2460,408,1050,1,9,6,810,5
2461,408,1050,1,14,9,1148,1
2462,408,1050,7,18,23,2826,10
2463,408,1050,1,19,20,2470,13
2464,408,1050,9,10,15,1800,21
2465,409,1051,3,4,3,452,16
2466,409,1051,2,14,10,1274,8
2467,409,1051,11,18,17,2070,16
2468,409,1051,2,18,21,2592,8
2469,409,1051,2,16,23,2768,13
2470,409,1051,11,18,25,3078,4
2471,410,1051,3,8,9,1096,24
2472,410,1051,3,4,5,648,20
2473,410,1051,2,3,2,276,36
2474,410,1051,1,16,20,2480,16
2475,411,1051,9,17,24,2924,15
2476,411,1051,1,16,14,1792,27
2477,411,1051,2,11,9,1089,3
2478,411,1051,2,19,24,2964,27
2479,411,1051,10,9,12,1512,14
2480,411,1051,7,16,19,2384,32
2481,411,1051,2,8,8,968,30
2482,411,1051,7,17,21,2567,6
2483,412,1051,2,1,1,100,17
2484,412,1051,7,6,5,630,15
2485,412,1051,10,4,2,336,14
2486,412,1051,4,17,20,2414,5
2487,413,1051,1,4,4,540,38
2488,413,1051,7,9,10,1314,42
2489,413,1051,6,12,15,1824,84
2490,413,1051,1,10,12,1460,27
2491,413,1051,8,12,14,1752,78
2492,413,1051,2,15,13,1590,43
2493,413,1051,10,5,4,505,68
2494,414,1051,3,5,5,700,9
2495,414,1051,12,1,1,119,25
2496,414,1051,1,4,4,592,59
2497,414,1051,2,2,2,318,60
2498,414,1051,6,3,3,372,72
2499,414,1051,10,12,16,1920,2
2500,415,1051,9,14,17,2156,20
2501,415,1051,2,13,12,1456,36
2502,415,1051,5,7,5,623,38
2503,415,1051,1,7,6,805,12
2504,415,1051,2,4,3,384,34
2505,415,1051,6,13,13,1586,37
2506,416,1051,11,20,27,3300,61
2507,416,1051,1,1,1,180,30
2508,416,1051,11,3,3,474,19
2509,416,1051,1,16,10,1280,42
2510,416,1051,1,2,1,194,66
2511,416,1051,8,14,19,2310,61
2512,417,1051,2,13,13,1664,50
2513,417,1051,2,16,16,2000,20
2514,417,1051,9,11,13,1617,6
2515,417,1051,10,7,5,707,41
2516,418,1052,3,9,12,1503,8
2517,418,1052,5,14,19,2282,23
2518,418,1052,1,12,13,1668,23
2519,418,1052,7,7,9,1106,13
2520,418,1052,2,6,8,1050,1
2521,418,1052,1,12,14,1764,13
2522,418,1052,1,10,10,1220,7
2523,418,1052,10,9,10,1296,1
2524,419,1052,6,13,9,1105,45
2525,419,1052,7,9,12,1440,4
2526,419,1052,11,1,1,171,31
2527,419,1052,12,15,17,2130,12
2528,419,1052,3,18,13,1674,3
2529,419,1052,2,20,28,3420,10
2530,420,1052,3,4,2,348,29
2531,420,1052,6,2,2,240,7
2532,420,1052,10,9,7,936,2
2533,420,1052,2,11,15,1870,11
2534,421,1052,4,13,14,1729,86
2535,421,1052,6,3,2,312,65
2536,421,1052,1,9,6,810,23
2537,421,1052,3,9,11,1413,26
2538,421,1052,6,14,11,1428,82
2539,421,1052,7,1,1,119,36
2540,422,1052,3,3,3,456,30
2541,422,1052,1,3,2,309,47
2542,422,1052,1,11,14,1705,41
2543,422,1052,11,6,9,1080,1
2544,422,1052,1,12,13,1656,6
2545,422,1052,10,8,7,952,54
2546,423,1052,2,13,18,2210,19
2547,423,1052,1,5,6,760,21
2548,423,1052,3,7,6,798,13
2549,423,1052,1,10,9,1130,29
2550,423,1052,2,16,16,2000,38
2551,424,1052,3,6,4,504,54
2552,424,1052,6,5,6,740,37
2553,424,1052,1,14,14,1736,42
2554,424,1052,8,10,8,1060,22
2555,424,1052,7,17,21,2550,54
2556,424,1052,7,9,6,819,33
2557,424,1052,8,9,8,963,30
2558,424,1052,2,4,4,584,43
2559,425,1052,3,11,11,1397,37
2560,425,1052,2,19,13,1596,21
2561,425,1052,7,12,8,972,11
2562,425,1052,3,11,11,1353,7
2563,425,1052,1,12,11,1428,11
2564,426,1053,8,15,19,2325,37
2565,426,1053,6,13,15,1820,16
2566,426,1053,2,12,15,1872,22
2567,426,1053,3,13,12,1534,3
2568,426,1053,11,8,11,1416,33
2569,426,1053,1,14,20,2506,18
2570,426,1053,11,13,16,2015,2
2571,427,1053,10,17,14,1785,73
2572,427,1053,7,5,6,820,43
2573,427,1053,8,2,1,182,40
2574,427,1053,8,5,5,620,59
2575,427,1053,3,15,10,1200,19
2576,427,1053,1,6,5,708,40
2577,428,1053,3,8,6,792,36
2578,428,1053,10,12,8,960,31
2579,428,1053,1,4,4,560,36
2580,428,1053,6,7,8,980,25
2581,428,1053,9,8,11,1416,7
2582,429,1053,3,11,10,1276,27
2583,429,1053,6,14,18,2184,13
2584,429,1053,5,12,14,1704,22
2585,429,1053,7,19,13,1577,8
2586,429,1053,10,6,8,1068,8
2587,430,1053,9,20,26,3120,49
2588,430,1053,3,3,4,486,15
2589,430,1053,1,7,4,595,14
2590,430,1053,2,3,3,369,25
2591,430,1053,6,14,11,1386,19
2592,430,1053,2,16,11,1344,17
2593,430,1053,11,14,11,1428,11
2594,430,1053,3,17,13,1581,30
2595,431,1053,6,13,8,1053,6
2596,431,1053,2,19,22,2736,13
2597,431,1053,6,1,1,142,21
2598,431,1053,11,13,14,1742,25
2599,432,1053,7,4,5,628,52
2600,432,1053,8,15,18,2160,24
2601,432,1053,8,11,13,1628,24
2602,432,1053,1,6,6,804,35
2603,432,1053,7,3,2,297,1
2604,432,1053,2,19,17,2147,13
2605,433,1053,3,2,1,190,63
2606,433,1053,3,2,2,312,48
2607,433,1053,2,11,15,1826,38
2608,433,1053,7,1,1,149,35
2609,434,1053,1,11,10,1298,41
2610,434,1053,1,4,4,500,47
2611,434,1053,1,13,12,1443,12
2612,434,1053,1,4,3,384,47
2613,434,1053,1,16,18,2160,18
2614,434,1053,2,15,21,2520,40
2615,434,1053,2,17,21,2584,30
2616,435,1054,1,4,4,512,33
2617,435,1054,11,3,3,369,41
2618,435,1054,7,14,15,1834,2
2619,435,1054,1,9,12,1548,42
2620,436,1054,8,19,17,2147,10
2621,436,1054,6,18,16,1998,23
2622,436,1054,8,12,15,1836,16
2623,436,1054,1,14,13,1610,24
2624,437,1054,6,20,21,2620,12
2625,437,1054,6,9,6,720,27
2626,437,1054,1,14,19,2296,9
2627,437,1054,2,15,19,2340,21
2628,437,1054,1,8,5,656,21
2629,437,1054,2,20,19,2320,30
2630,437,1054,6,20,20,2440,35
2631,437,1054,2,18,12,1458,22
2632,438,1054,1,16,14,1696,35
2633,438,1054,7,13,12,1456,26
2634,438,1054,1,19,14,1710,41
2635,438,1054,4,12,9,1080,14
2636,438,1054,7,17,17,2159,20
2637,438,1054,2,11,12,1507,44
2638,438,1054,3,5,6,795,38
2639,439,1054,3,1,1,176,19
2640,439,1054,5,16,14,1760,25
2641,439,1054,10,5,5,640,39
2642,439,1054,11,4,3,368,26
2643,439,1054,1,4,5,612,19
2644,439,1054,1,6,8,1068,50
2645,439,1054,11,13,16,1950,27
2646,440,1054,2,12,16,1920,7
2647,440,1054,6,11,13,1584,35
2648,440,1054,5,8,8,1048,32
2649,440,1054,7,10,11,1370,11
2650,440,1054,10,6,6,786,19
2651,440,1054,1,11,16,1947,30
2652,440,1054,6,4,4,516,38
2653,440,1054,6,14,15,1848,13
2654,441,1055,6,3,3,468,37
2655,441,1055,7,1,1,121,40
2656,441,1055,2,19,25,3040,31
2657,441,1055,6,12,8,984,39
2658,441,1055,10,13,16,1950,33
2659,441,1055,10,6,6,828,24
2660,441,1055,7,8,6,816,31
2661,441,1055,10,7,7,847,9
2662,442,1055,6,15,13,1665,22
2663,442,1055,6,8,6,816,15
2664,442,1055,4,4,5,628,11
2665,442,1055,10,6,5,666,15
2666,442,1055,7,3,2,240,2
2667,443,1055,10,3,4,540,54
2668,443,1055,11,18,14,1710,4
2669,443,1055,3,2,1,234,51
2670,443,1055,9,2,2,252,52
2671,443,1055,7,17,22,2720,57
2672,443,1055,3,4,3,372,19
2673,443,1055,10,19,27,3344,15
2674,444,1055,6,5,4,555,31
2675,444,1055,1,4,4,488,5
2676,444,1055,3,16,23,2816,16
2677,444,1055,7,11,10,1287,29
2678,444,1055,2,15,21,2535,17
2679,444,1055,5,20,14,1680,9
2680,444,1055,1,10,6,830,15
2681,445,1055,7,10,14,1710,11
2682,445,1055,5,10,11,1400,46
2683,445,1055,3,10,8,990,48
2684,445,1055,8,5,4,490,39
2685,445,1055,2,13,12,1456,41
2686,445,1055,2,7,8,1078,20
2687,446,1055,2,17,24,2975,67
2688,446,1055,3,20,16,2020,45
2689,446,1055,6,19,22,2736,41
2690,446,1055,5,13,15,1846,83
2691,446,1055,1,17,19,2397,23
2692,446,1055,3,13,8,1053,86
2693,447,1056,2,9,11,1413,8
2694,447,1056,6,12,14,1716,30
2695,447,1056,5,1,1,175,34
2696,447,1056,10,7,7,882,43
2697,447,1056,1,4,4,488,33
2698,448,1056,10,18,13,1620,4
2699,448,1056,3,17,15,1887,16
2700,448,1056,2,6,8,1008,42
2701,448,1056,10,8,11,1344,46
2702,448,1056,3,2,2,314,18
2703,448,1056,5,3,4,525,13
2704,448,1056,7,3,2,288,34
2705,448,1056,2,7,6,763,16
2706,449,1056,1,2,2,240,82
2707,449,1056,1,16,12,1504,57
2708,449,1056,1,7,5,644,70
2709,449,1056,6,20,23,2840,39
2710,449,1056,5,19,21,2565,15
2711,449,1056,7,15,22,2685,83
2712,449,1056,1,20,29,3520,59
2713,450,1056,2,6,6,732,33
2714,450,1056,3,10,13,1620,20
2715,450,1056,2,18,16,1998,22
2716,450,1056,2,18,21,2592,20
2717,450,1056,6,4,5,704,12
2718,450,1056,4,11,13,1595,31
2719,450,1056,4,6,4,528,28
2720,450,1056,6,4,4,544,22
2721,451,1056,8,8,7,856,40
2722,451,1056,4,11,16,1958,68
2723,451,1056,3,10,13,1580,27
2724,451,1056,5,5,5,605,21
2725,451,1056,1,13,19,2340,22
2726,452,1056,2,17,19,2380,27
2727,452,1056,8,9,8,981,17
2728,452,1056,3,10,10,1270,10
2729,452,1056,2,12,17,2100,21
2730,452,1056,3,14,17,2128,26
2731,453,1057,2,5,5,690,36
2732,453,1057,1,7,6,742,33
2733,453,1057,2,12,8,996,42
2734,453,1057,3,13,13,1573,26
2735,453,1057,8,20,24,2880,57
2736,453,1057,10,4,2,356,32
2737,453,1057,1,16,22,2752,61
2738,454,1057,2,20,25,3100,49
2739,454,1057,1,2,2,322,44
2740,454,1057,2,12,13,1632,37
2741,454,1057,1,5,7,875,10
2742,454,1057,2,14,11,1386,20
2743,454,1057,6,19,16,1995,12
2744,454,1057,3,11,14,1683,34
2745,455,1057,1,3,4,540,41
2746,455,1057,11,12,17,2136,58
2747,455,1057,7,7,6,721,42
2748,455,1057,3,15,15,1890,43
2749,456,1057,7,1,1,97,8
2750,456,1057,6,14,15,1820,32
2751,456,1057,8,17,12,1479,33
2752,456,1057,2,19,21,2565,3
2753,456,1057,11,11,13,1628,32
2754,456,1057,2,11,14,1771,5
2755,456,1057,7,19,14,1729,36
2756,456,1057,8,18,15,1800,33
2757,457,1057,6,7,10,1232,3
2758,457,1057,7,14,13,1610,15
2759,457,1057,3,5,6,815,11
2760,457,1057,1,19,19,2337,15
2761,457,1057,5,14,9,1148,13
2762,457,1057,6,1,1,159,13
2763,457,1057,1,8,8,968,14
2764,458,1057,6,11,13,1628,30
2765,458,1057,6,7,10,1246,37
2766,458,1057,10,19,15,1881,13
2767,458,1057,8,7,6,833,12
2768,458,1057,1,18,23,2826,3
2769,458,1057,8,18,18,2232,5
2770,458,1057,2,11,9,1199,43
2771,458,1057,1,10,8,1000,28
2772,459,1057,1,15,11,1425,25
2773,459,1057,1,7,7,896,4
2774,459,1057,3,13,11,1365,14
2775,459,1057,8,19,15,1805,6
2776,459,1057,11,17,21,2618,34
2777,459,1057,1,7,5,665,32
2778,460,1057,3,7,5,637,52
2779,460,1057,4,16,14,1792,33
2780,460,1057,1,15,10,1230,1
2781,460,1057,2,14,15,1834,55
2782,460,1057,1,12,11,1428,54
2783,460,1057,1,10,9,1090,45
2784,461,1057,11,9,12,1557,42
2785,461,1057,1,8,6,816,2
2786,461,1057,1,5,4,485,61
2787,461,1057,7,2,2,312,27
2788,462,1058,1,17,14,1683,24
2789,462,1058,2,4,6,720,21
2790,462,1058,1,7,6,833,52
2791,462,1058,6,9,11,1431,42
2792,462,1058,1,1,1,122,4
2793,462,1058,10,2,2,348,19
2794,462,1058,10,2,2,298,49
2795,463,1058,1,12,10,1296,12
2796,463,1058,3,3,2,282,61
2797,463,1058,3,14,17,2072,57
2798,463,1058,1,20,26,3220,1
2799,463,1058,2,16,14,1792,17
2800,464,1058,6,4,4,564,64
2801,464,1058,7,19,16,1995,17
2802,464,1058,1,5,4,490,29
2803,464,1058,6,4,5,684,52
2804,464,1058,2,20,15,1860,32
2805,464,1058,2,6,8,1038,39
2806,464,1058,2,15,20,2475,76
2807,464,1058,5,19,18,2166,17
2808,465,1058,6,2,2,350,50
2809,465,1058,6,7,6,721,2
2810,465,1058,1,2,1,220,21
2811,465,1058,3,1,1,153,62
2812,465,1058,3,12,10,1248,52
2813,466,1058,2,15,11,1425,18
2814,466,1058,6,17,17,2091,22
2815,466,1058,12,6,5,672,22
2816,466,1058,8,16,23,2848,36
2817,466,1058,3,4,5,660,22
2818,466,1058,7,9,6,792,24
2819,466,1058,3,1,1,149,9
2820,466,1058,1,15,11,1410,8
2821,467,1058,2,14,17,2100,6
2822,467,1058,11,17,14,1751,26
2823,467,1058,9,17,14,1768,10
2824,467,1058,9,8,11,1432,2
2825,467,1058,1,12,14,1764,39
2826,467,1058,8,19,23,2793,34
2827,468,1058,2,17,14,1717,48
2828,468,1058,1,6,8,966,82
2829,468,1058,10,8,11,1408,20
2830,468,1058,5,20,22,2680,26
2831,468,1058,2,13,12,1521,50
2832,468,1058,10,14,16,1960,60
2833,468,1058,2,10,6,800,10
2834,468,1058,2,18,24,2970,40
2835,469,1058,1,16,13,1600,8
2836,469,1058,3,6,8,972,14
2837,469,1058,3,7,6,777,12
2838,469,1058,1,9,7,873,13
2839,469,1058,1,19,26,3154,5
2840,469,1058,1,5,6,830,9
2841,469,1058,7,1,1,161,4
2842,470,1059,3,15,14,1770,16
2843,470,1059,5,20,23,2760,20
2844,470,1059,1,11,10,1254,6
2845,470,1059,2,9,7,846,81
2846,470,1059,3,19,15,1919,63
2847,470,1059,7,8,9,1168,14
2848,470,1059,1,20,26,3120,47
2849,470,1059,2,16,22,2704,56
2850,471,1059,10,9,12,1548,9
2851,471,1059,10,17,17,2074,14
2852,471,1059,6,9,9,1125,3
2853,471,1059,1,16,14,1776,19
2854,472,1059,6,4,5,716,32
2855,472,1059,5,19,20,2432,39
2856,472,1059,5,13,9,1105,39
2857,472,1059,1,4,5,612,7
2858,472,1059,1,8,8,1008,38
2859,472,1059,6,20,22,2660,26
2860,472,1059,7,2,2,248,42
2861,473,1059,10,2,2,262,56
2862,473,1059,6,1,1,107,24
2863,473,1059,1,11,8,1012,38
2864,473,1059,10,1,1,173,59
2865,473,1059,10,9,9,1125,45
2866,473,1059,2,8,7,920,58
2867,473,1059,8,11,12,1518,34
2868,473,1059,7,6,5,636,71
2869,474,1059,7,6,7,858,55
2870,474,1059,1,12,15,1896,35
2871,474,1059,7,8,8,960,54
2872,474,1059,2,3,4,483,26
2873,474,1059,2,16,21,2576,12
2874,474,1059,7,7,6,791,55
2875,474,1059,7,12,12,1476,52
2876,475,1059,2,4,3,416,38
2877,475,1059,2,17,23,2873,42
2878,475,1059,5,18,22,2664,12
2879,475,1059,3,3,2,315,6
2880,475,1059,1,20,27,3280,26
2881,476,1059,5,13,10,1261,25
2882,476,1059,1,10,13,1580,37
2883,476,1059,11,11,9,1188,29
2884,476,1059,9,8,10,1200,10
2885,476,1059,6,9,6,747,32
2886,476,1059,2,8,7,888,15
2887,477,1059,2,1,1,158,31
2888,477,1059,9,14,17,2114,36
2889,477,1059,12,7,7,924,12
2890,477,1059,10,19,20,2489,41
2891,478,1059,7,12,11,1356,56
2892,478,1059,2,8,8,960,46
2893,478,1059,1,5,5,605,32
2894,478,1059,8,19,15,1824,13
2895,478,1059,11,17,24,2890,61
2896,478,1059,5,4,5,628,30
2897,479,1059,9,8,9,1112,18
2898,479,1059,6,2,2,276,40
2899,479,1059,3,19,21,2565,5
2900,479,1059,11,6,4,492,36
2901,479,1059,3,2,2,248,31
2902,479,1059,10,5,3,440,44
2903,479,1059,2,9,11,1368,17
2904,479,1059,10,1,1,171,39
2905,480,1060,6,10,12,1480,20
2906,480,1060,2,19,22,2755,27
2907,480,1060,1,18,25,3006,21
2908,480,1060,10,20,14,1720,23
2909,480,1060,6,3,3,474,5
2910,481,1060,7,8,10,1248,23
2911,481,1060,9,1,1,163,64
2912,481,1060,7,11,8,1001,13
2913,481,1060,10,19,26,3211,50
2914,481,1060,8,13,18,2197,61
2915,482,1060,2,6,8,1020,28
2916,482,1060,10,16,12,1456,12
2917,482,1060,2,7,6,763,23
2918,482,1060,11,3,3,369,29
2919,483,1060,1,20,14,1740,18
2920,483,1060,1,12,9,1104,6
2921,483,1060,1,17,11,1377,1
2922,483,1060,2,10,6,830,26
2923,483,1060,10,19,20,2413,3
2924,483,1060,11,7,9,1127,20
2925,484,1060,11,4,5,668,10
2926,484,1060,6,19,16,1938,29
2927,484,1060,7,6,7,864,10
2928,484,1060,8,15,10,1245,3
2929,484,1060,10,4,3,476,19
2930,485,1060,6,6,4,552,32
2931,485,1060,1,5,6,790,59
2932,485,1060,2,15,20,2460,36
2933,485,1060,9,15,11,1410,43
2934,485,1060,5,11,10,1221,24
2935,486,1060,8,2,2,250,4
2936,486,1060,10,16,21,2624,38
2937,486,1060,1,17,12,1547,43
2938,486,1060,6,17,21,2584,37
2939,486,1060,7,17,18,2210,35
2940,487,1060,1,7,6,819,28
2941,487,1060,3,13,9,1170,32
2942,487,1060,1,4,4,484,36
2943,487,1060,3,13,12,1547,32
2944,487,1060,12,10,14,1780,4
2945,487,1060,5,2,1,208,6
2946,488,1060,5,11,15,1914,7
2947,488,1060,5,2,1,236,50
2948,488,1060,1,18,12,1548,88
2949,488,1060,10,17,20,2499,23
2950,488,1060,4,2,1,214,13
2951,488,1060,3,6,5,648,41
2952,488,1060,1,7,8,1001,27
2953,488,1060,5,20,13,1620,6
2954,489,1061,10,11,9,1122,13
2955,489,1061,9,12,13,1572,2
2956,489,1061,1,20,18,2220,20
2957,489,1061,6,14,19,2338,19
2958,490,1061,3,1,1,133,53
2959,490,1061,3,9,7,936,53
2960,490,1061,8,9,11,1404,1
2961,490,1061,6,13,9,1105,45
2962,490,1061,7,5,6,820,45
2963,490,1061,2,4,3,376,11
2964,491,1061,5,6,8,1044,33
2965,491,1061,11,13,12,1508,69
2966,491,1061,2,19,17,2147,14
2967,491,1061,7,13,11,1365,12
2968,491,1061,5,16,14,1680,17
2969,492,1061,1,8,5,672,13
2970,492,1061,1,3,2,330,14
2971,492,1061,6,15,21,2610,5
2972,492,1061,3,2,2,328,17
2973,492,1061,7,7,10,1246,7
2974,492,1061,7,2,2,304,1
2975,492,1061,10,11,10,1232,6
2976,493,1061,3,5,4,585,65
2977,493,1061,1,6,8,960,25
2978,493,1061,2,15,10,1245,57
2979,493,1061,1,8,10,1256,68
2980,494,1061,5,11,7,957,15
2981,494,1061,6,14,17,2044,69
2982,494,1061,1,6,8,1032,42
2983,494,1061,2,5,3,465,30
2984,494,1061,1,1,1,152,8
2985,495,1061,10,2,2,304,10
2986,495,1061,1,16,20,2448,50
2987,495,1061,2,20,21,2580,58
2988,495,1061,10,8,11,1336,63
2989,496,1061,3,5,5,690,35
2990,496,1061,10,8,6,784,19
2991,496,1061,6,6,6,774,17
2992,496,1061,10,12,17,2088,2
2993,496,1061,3,10,8,980,3
2994,496,1061,3,18,16,1962,26
2995,496,1061,1,12,10,1272,26
2996,497,1061,3,13,15,1807,47
2997,497,1061,2,13,10,1261,68
2998,497,1061,1,7,9,1197,25
2999,497,1061,5,20,21,2520,60
3000,497,1061,5,14,14,1778,40
3001,497,1061,1,5,5,700,14
3002,497,1061,5,15,14,1770,53
3003,498,1062,10,13,15,1898,28
3004,498,1062,1,15,10,1245,14
3005,498,1062,2,6,5,684,37
3006,498,1062,7,13,16,1989,13
3007,498,1062,1,11,12,1529,16
3008,498,1062,10,5,7,885,32
3009,498,1062,2,20,24,2940,41
3010,498,1062,10,4,6,720,5
3011,499,1062,2,3,3,360,12
3012,499,1062,1,5,4,535,10
3013,499,1062,9,12,15,1908,11
3014,499,1062,6,15,17,2100,11
3015,500,1062,1,18,15,1800,10
3016,500,1062,1,4,4,592,27
3017,500,1062,1,18,24,2880,31
3018,500,1062,7,9,12,1512,16
3019,500,1062,11,5,5,680,7
3020,500,1062,7,5,5,640,31
3021,501,1062,6,12,13,1632,75
3022,501,1062,6,15,10,1230,63
3023,501,1062,10,19,19,2356,44
3024,501,1062,11,12,8,1056,23
3025,502,1062,10,4,5,660,13
3026,502,1062,11,11,10,1287,46
3027,502,1062,8,3,3,375,39
3028,502,1062,11,16,10,1312,40
3029,502,1062,10,14,11,1414,24
3030,502,1062,10,7,8,1015,18
3031,502,1062,11,1,1,142,21
3032,503,1062,7,9,10,1233,28
3033,503,1062,2,9,13,1575,30
3034,503,1062,6,11,13,1650,3
3035,503,1062,1,20,13,1620,2
3036,503,1062,2,7,8,980,25
3037,504,1063,2,17,25,3060,28
3038,504,1063,3,11,8,1056,23
3039,504,1063,7,18,15,1872,32
3040,504,1063,2,3,3,411,43
3041,504,1063,1,11,13,1595,8
3042,504,1063,1,5,7,885,7
3043,504,1063,2,6,6,762,5
3044,505,1063,10,1,1,172,2
3045,505,1063,7,11,14,1749,10
3046,505,1063,1,15,20,2400,43
3047,505,1063,8,4,5,632,16
3048,506,1063,1,3,2,240,28
3049,506,1063,8,8,7,848,4
3050,506,1063,7,13,13,1573,13
3051,506,1063,3,7,9,1190,32
3052,507,1063,7,19,13,1653,29
3053,507,1063,1,1,1,90,12
3054,507,1063,11,9,7,882,35
3055,507,1063,6,7,9,1183,8
3056,507,1063,7,3,2,312,12
3057,507,1063,10,8,6,800,26
3058,508,1063,3,10,8,1070,55
3059,508,1063,2,12,17,2088,31
3060,508,1063,5,9,8,1044,21
3061,508,1063,1,3,3,429,45
3062,508,1063,10,2,2,318,56
3063,508,1063,1,15,10,1215,87
3064,508,1063,1,19,28,3382,47
3065,508,1063,7,20,27,3320,9
3066,509,1063,3,16,16,2032,32
3067,509,1063,2,16,16,1920,35
3068,509,1063,12,7,6,763,38
3069,509,1063,1,12,13,1584,30
3070,509,1063,10,11,12,1441,30
3071,509,1063,10,15,17,2055,10
3072,510,1063,10,11,11,1408,20
3073,510,1063,3,1,1,135,23
3074,510,1063,1,6,5,642,13
3075,510,1063,1,16,13,1584,35
3076,511,1063,3,10,12,1500,18
3077,511,1063,2,16,20,2512,32
3078,511,1063,3,6,7,852,4
3079,511,1063,2,4,2,352,21
3080,511,1063,7,20,19,2340,10
3081,511,1063,2,16,14,1712,27
3082,511,1063,4,10,13,1600,11
3083,512,1063,3,4,5,624,9
3084,512,1063,5,11,15,1892,24
3085,512,1063,8,5,5,635,37
3086,512,1063,11,3,2,246,29
3087,512,1063,2,8,7,848,21
3088,512,1063,6,11,14,1771,31
3089,512,1063,8,18,18,2214,37
3090,512,1063,8,7,5,672,21
3091,513,1064,6,8,9,1136,37
3092,513,1064,3,1,1,120,33
3093,513,1064,10,13,19,2288,10
3094,513,1064,6,3,3,441,32
3095,513,1064,3,9,6,792,29
3096,513,1064,2,7,10,1246,18
3097,513,1064,7,12,17,2148,4
3098,513,1064,3,8,10,1288,1
3099,514,1064,5,9,9,1080,32
3100,514,1064,11,20,24,2960,13
3101,514,1064,9,7,9,1092,39
3102,514,1064,1,2,2,348,57
3103,514,1064,1,17,16,1972,16
3104,514,1064,8,14,19,2366,53
3105,514,1064,10,10,9,1130,14
3106,515,1064,6,14,10,1260,24
3107,515,1064,3,5,5,685,41
3108,515,1064,2,6,7,936,29
3109,515,1064,7,4,3,460,30
3110,516,1064,3,6,7,930,9
3111,516,1064,2,1,1,95,4
3112,516,1064,10,18,21,2538,24
3113,516,1064,1,13,16,1950,2
3114,516,1064,6,11,11,1430,12
3115,516,1064,2,2,2,324,19
3116,516,1064,2,19,13,1615,33
3117,516,1064,1,5,5,715,5
3118,517,1064,1,6,8,1026,8
3119,517,1064,1,12,12,1500,11
3120,517,1064,1,11,16,1936,3
3121,517,1064,4,18,13,1566,17
3122,517,1064,3,13,18,2184,5
3123,518,1064,1,9,8,981,8
3124,518,1064,1,18,12,1494,2
3125,518,1064,6,8,9,1128,2
3126,518,1064,1,8,6,792,5
3127,518,1064,4,11,11,1419,25
3128,518,1064,6,13,8,1066,17
3129,518,1064,7,16,11,1328,22
3130,519,1064,1,19,13,1596,27
3131,519,1064,2,16,10,1280,45
3132,519,1064,7,19,20,2413,66
3133,519,1064,10,6,6,780,28
3134,520,1064,2,18,19,2286,66
3135,520,1064,2,7,10,1232,78
3136,520,1064,2,7,7,847,34
3137,520,1064,3,10,11,1370,4
3138,520,1064,3,17,25,3026,52
3139,520,1064,1,4,2,340,50
3140,520,1064,8,7,6,735,73
3141,520,1064,7,10,14,1680,28
3142,521,1064,3,8,10,1216,33
3143,521,1064,1,1,1,119,2
3144,521,1064,1,6,6,732,27
3145,521,1064,4,13,18,2236,42
3146,521,1064,3,13,17,2041,22
3147,521,1064,10,16,20,2416,77
3148,522,1064,1,1,1,83,40
3149,522,1064,1,1,1,115,1
3150,522,1064,2,13,18,2249,37
3151,522,1064,11,4,2,344,24
3152,522,1064,1,7,7,938,24
3153,522,1064,1,14,19,2282,2
3154,522,1064,2,2,1,190,20
3155,522,1064,1,15,13,1590,8
3156,523,1065,1,8,9,1104,75
3157,523,1065,6,9,8,1026,3
3158,523,1065,7,16,11,1408,20
3159,523,1065,1,13,17,2158,49
3160,524,1065,9,14,11,1428,1
3161,524,1065,6,2,2,328,3
3162,524,1065,11,9,12,1530,10
3163,524,1065,7,7,6,798,1
3164,524,1065,6,7,6,770,15
3165,524,1065,8,2,2,304,14
3166,524,1065,5,16,14,1744,2
3167,525,1065,2,16,19,2384,11
3168,525,1065,2,12,17,2064,36
3169,525,1065,5,11,15,1914,41
3170,525,1065,2,6,7,924,26
3171,525,1065,2,12,17,2136,19
3172,525,1065,1,16,22,2656,35
3173,525,1065,3,14,10,1274,39
3174,525,1065,2,5,5,610,60
3175,526,1065,10,6,4,510,44
3176,526,1065,4,5,6,780,44
3177,526,1065,5,6,7,918,18
3178,526,1065,11,7,9,1176,51
3179,526,1065,1,14,10,1316,65
3180,526,1065,5,17,13,1581,74
3181,526,1065,1,18,24,2970,22
3182,526,1065,7,11,13,1562,15
3183,527,1065,5,13,11,1404,37
3184,527,1065,2,14,19,2352,49
3185,527,1065,11,8,10,1288,42
3186,527,1065,3,7,9,1197,1
3187,527,1065,10,17,13,1581,32
3188,527,1065,1,3,4,504,61
3189,527,1065,2,13,12,1534,53
3190,528,1065,11,7,4,581,3
3191,528,1065,1,4,3,424,24
3192,528,1065,9,3,2,264,33
3193,528,1065,3,4,4,536,46
3194,529,1066,2,10,11,1340,40
3195,529,1066,6,16,21,2576,40
3196,529,1066,6,16,11,1344,32
3197,529,1066,2,1,1,112,45
3198,529,1066,3,13,19,2288,35
3199,529,1066,7,14,19,2352,38
3200,529,1066,6,12,16,2004,32
3201,530,1066,7,3,3,420,17
3202,530,1066,5,3,2,333,47
3203,530,1066,9,4,4,552,25
3204,530,1066,7,8,10,1256,63
3205,530,1066,3,11,10,1309,36
3206,530,1066,8,15,13,1605,40
3207,530,1066,3,1,1,167,9
3208,531,1066,1,6,6,834,9
3209,531,1066,7,13,16,1924,2
3210,531,1066,2,4,5,676,17
3211,531,1066,4,15,14,1755,6
3212,531,1066,1,20,20,2440,14
3213,531,1066,1,5,3,445,7
3214,531,1066,3,8,5,640,13
3215,532,1066,2,8,8,984,32
3216,532,1066,2,15,21,2535,8
3217,532,1066,1,5,4,480,37
3218,532,1066,1,16,16,2016,28
3219,533,1066,6,4,4,532,61
3220,533,1066,1,14,17,2114,55
3221,533,1066,1,3,2,339,46
3222,533,1066,3,17,15,1887,18
3223,533,1066,1,6,4,546,74
3224,533,1066,1,7,7,959,70
3225,534,1066,1,6,7,924,53
3226,534,1066,1,2,1,218,26
3227,534,1066,1,5,7,875,51
3228,534,1066,1,2,2,290,2
3229,534,1066,1,9,11,1386,68
3230,534,1066,1,5,5,600,32
3231,534,1066,10,7,6,728,85
3232,535,1066,1,13,16,1950,70
3233,535,1066,10,3,2,294,17
3234,535,1066,10,5,7,885,9
3235,535,1066,3,3,3,456,22
3236,535,1066,2,14,18,2240,47
3237,536,1066,1,14,9,1190,21
3238,536,1066,8,1,1,104,43
3239,536,1066,7,12,13,1560,29
3240,536,1066,6,8,11,1400,9
3241,536,1066,3,17,18,2244,42
3242,536,1066,10,6,5,660,39
3243,536,1066,5,16,23,2848,5
3244,537,1066,5,5,7,890,2
3245,537,1066,2,13,12,1495,15
3246,537,1066,6,11,10,1298,18
3247,537,1066,6,10,11,1400,17
3248,538,1067,10,20,26,3120,85
3249,538,1067,8,5,5,700,44
3250,538,1067,1,16,16,1968,69
3251,538,1067,4,3,2,336,81
3252,538,1067,2,9,8,1044,77
3253,538,1067,4,11,11,1331,31
3254,538,1067,5,12,11,1428,25
3255,538,1067,9,17,23,2822,53
3256,539,1067,6,7,10,1246,40
3257,539,1067,10,5,7,890,45
3258,539,1067,2,12,17,2052,35
3259,539,1067,5,7,8,973,38
3260,539,1067,5,4,5,688,47
3261,539,1067,10,8,7,848,39
3262,539,1067,8,11,9,1133,42
3263,540,1067,3,9,11,1368,59
3264,540,1067,5,5,4,560,78
3265,540,1067,1,4,4,512,71
3266,540,1067,11,1,1,88,25
3267,540,1067,8,9,10,1287,59
3268,541,1067,4,14,12,1470,35
3269,541,1067,1,14,18,2240,63
3270,541,1067,6,16,18,2160,50
3271,541,1067,2,5,4,515,16
3272,541,1067,2,2,1,170,9
3273,541,1067,2,18,22,2664,35
3274,542,1067,1,19,13,1653,1
3275,542,1067,1,20,28,3440,9
3276,542,1067,2,8,7,872,8
3277,542,1067,6,19,27,3344,9
3278,542,1067,10,12,11,1320,5
3279,542,1067,1,19,19,2280,25
3280,542,1067,1,13,11,1378,18
3281,543,1067,5,20,19,2280,16
3282,543,1067,1,8,8,1056,8
3283,543,1067,2,20,16,2020,6
3284,543,1067,10,9,6,837,1
3285,544,1067,10,13,14,1781,14
3286,544,1067,2,3,3,396,46
3287,544,1067,3,5,7,870,25
3288,544,1067,10,13,8,1066,35
3289,544,1067,7,7,9,1162,32
3290,544,1067,3,17,17,2091,21
3291,544,1067,1,17,22,2686,25
3292,544,1067,9,20,17,2120,24
3293,545,1067,1,13,11,1378,7
3294,545,1067,2,13,12,1495,8
3295,545,1067,7,8,8,1024,20
3296,545,1067,10,1,1,167,19
3297,545,1067,2,3,3,411,23
3298,545,1067,8,13,16,1989,12
3299,545,1067,2,1,1,142,14
3300,546,1067,3,12,10,1308,35
3301,546,1067,2,9,10,1269,21
3302,546,1067,1,19,25,3078,67
3303,546,1067,6,7,4,588,49
3304,547,1068,1,18,12,1548,17
3305,547,1068,1,9,10,1233,10
3306,547,1068,2,14,13,1610,12
3307,547,1068,2,10,8,1010,34
3308,547,1068,1,3,3,477,4
3309,548,1068,3,14,11,1414,16
3310,548,1068,1,7,9,1099,5
3311,548,1068,1,4,3,456,12
3312,548,1068,5,15,18,2250,24
3313,548,1068,7,5,6,740,12
3314,548,1068,2,1,1,121,11
3315,548,1068,7,17,11,1394,33
3316,548,1068,4,2,2,260,9
3317,549,1068,10,8,10,1256,12
3318,549,1068,6,9,10,1251,8
3319,549,1068,3,4,5,684,8
3320,549,1068,1,20,29,3520,2
3321,549,1068,1,13,10,1261,1
3322,550,1068,6,13,16,1950,70
3323,550,1068,7,17,19,2363,67
3324,550,1068,2,20,25,3060,52
3325,550,1068,7,17,18,2244,22
3326,550,1068,4,16,12,1536,5
3327,550,1068,1,20,21,2540,39
3328,550,1068,1,14,14,1792,49
3329,551,1068,4,1,1,107,28
3330,551,1068,8,5,5,685,56
3331,551,1068,6,5,6,815,51
3332,551,1068,2,8,6,784,2
3333,551,1068,10,15,14,1680,32
3334,551,1068,3,15,15,1905,57
3335,552,1068,11,8,6,784,13
3336,552,1068,2,2,2,248,60
3337,552,1068,10,14,10,1246,38
3338,552,1068,2,17,21,2550,62
3339,552,1068,1,16,11,1408,46
3340,552,1068,2,10,12,1440,22
3341,552,1068,1,4,3,392,72
3342,553,1068,1,17,17,2159,1
3343,553,1068,3,11,14,1738,15
3344,553,1068,2,11,10,1276,12
3345,553,1068,1,17,21,2618,4
3346,553,1068,10,16,18,2160,17
3347,553,1068,1,18,25,3114,19
3348,553,1068,4,5,5,640,11
3349,553,1068,6,15,21,2595,21
3350,554,1068,1,13,12,1495,26
3351,554,1068,1,2,1,236,1
3352,554,1068,11,7,7,931,13
3353,554,1068,3,5,5,670,17
3354,554,1068,12,7,4,560,5
3355,555,1069,8,8,9,1112,6
3356,555,1069,10,16,12,1504,3
3357,555,1069,6,11,14,1738,12
3358,555,1069,10,9,11,1377,18
3359,555,1069,5,11,14,1760,11
3360,555,1069,5,19,23,2774,9
3361,555,1069,8,8,7,864,1
3362,556,1069,10,10,11,1430,52
3363,556,1069,1,19,18,2242,33
3364,556,1069,1,5,6,755,29
3365,556,1069,10,8,7,888,60
3366,556,1069,10,4,5,676,70
3367,556,1069,4,14,20,2450,52
3368,557,1069,1,6,7,954,62
3369,557,1069,10,3,4,537,41
3370,557,1069,10,2,2,270,52
3371,557,1069,8,5,5,665,61
3372,557,1069,11,11,11,1397,16
3373,557,1069,2,16,18,2272,51
3374,558,1069,10,10,9,1110,40
3375,558,1069,8,11,9,1100,39
3376,558,1069,2,13,9,1170,7
3377,558,1069,1,1,1,99,35
3378,558,1069,3,3,4,507,42
3379,558,1069,1,2,1,160,31
3380,558,1069,1,5,4,585,24
3381,559,1069,1,6,5,714,22
3382,559,1069,1,19,14,1710,3
3383,559,1069,6,7,5,707,58
3384,559,1069,3,16,12,1488,18
3385,559,1069,6,20,24,2940,5
3386,559,1069,9,10,8,970,5
3387,559,1069,3,9,7,900,42
3388,559,1069,8,17,13,1564,32
3389,560,1069,1,11,15,1815,11
3390,560,1069,6,15,15,1875,33
3391,560,1069,2,13,14,1729,16
3392,560,1069,8,10,13,1650,21
3393,560,1069,1,15,12,1485,10
3394,560,1069,1,2,2,310,8
3395,561,1069,1,3,2,348,25
3396,561,1069,2,11,14,1694,8
3397,561,1069,7,14,15,1848,4
3398,561,1069,10,18,25,3114,19
3399,561,1069,2,7,8,980,21
3400,562,1070,2,2,1,168,17
3401,562,1070,2,16,18,2224,26
3402,562,1070,8,11,12,1507,9
3403,562,1070,8,14,19,2296,21
3404,562,1070,11,19,26,3211,12
3405,563,1070,1,11,8,1078,3
3406,563,1070,10,8,9,1160,32
3407,563,1070,11,7,10,1204,12
3408,563,1070,3,1,1,160,24
3409,563,1070,7,20,21,2540,22
3410,563,1070,1,16,23,2848,33
3411,563,1070,1,5,5,610,33
3412,564,1070,12,20,26,3160,26
3413,564,1070,3,2,2,276,76
3414,564,1070,5,18,26,3168,59
3415,564,1070,1,11,7,902,53
3416,564,1070,6,3,3,420,54
3417,564,1070,10,20,25,3060,30
3418,564,1070,10,19,17,2052,58
3419,564,1070,2,2,1,218,75
3420,565,1070,5,2,1,216,58
3421,565,1070,2,1,1,135,7
3422,565,1070,11,9,11,1332,54
3423,565,1070,1,10,14,1780,7
3424,566,1070,6,10,14,1790,15
3425,566,1070,10,13,16,1963,43
3426,566,1070,1,7,4,567,88
3427,566,1070,3,11,14,1782,32
3428,566,1070,10,1,1,92,17
3429,566,1070,10,9,7,909,85
3430,566,1070,2,9,9,1197,21
3431,566,1070,10,7,10,1211,21
3432,567,1070,12,18,24,2898,3
3433,567,1070,1,5,3,475,1
3434,567,1070,11,3,4,537,25
3435,567,1070,8,9,7,918,4
3436,567,1070,7,11,8,1045,17
3437,567,1070,7,18,20,2502,17
3438,568,1071,8,12,10,1224,25
3439,568,1071,8,18,16,2016,47
3440,568,1071,1,20,29,3560,6
3441,568,1071,12,6,4,588,22
3442,568,1071,1,18,15,1872,31
3443,568,1071,12,12,8,996,22
3444,569,1071,8,13,11,1391,22
3445,569,1071,1,16,23,2864,9
3446,569,1071,11,8,10,1312,64
3447,569,1071,5,15,16,1935,42
3448,570,1071,1,7,4,560,37
3449,570,1071,2,12,16,1956,22
3450,570,1071,3,1,1,120,56
3451,570,1071,3,5,3,460,39
3452,571,1071,1,16,20,2400,71
3453,571,1071,7,11,8,1045,80
3454,571,1071,8,11,10,1221,40
3455,571,1071,5,14,13,1638,5
3456,571,1071,10,2,1,236,86
3457,571,1071,11,5,7,845,34
3458,571,1071,8,5,4,575,44
3459,571,1071,10,3,3,441,47
3460,572,1071,3,1,1,116,42
3461,572,1071,1,3,2,291,68
3462,572,1071,6,4,4,504,15
3463,572,1071,1,9,13,1602,43
3464,572,1071,2,4,3,412,74
3465,572,1071,1,3,2,327,7
3466,573,1071,10,3,4,513,36
3467,573,1071,10,18,17,2124,36
3468,573,1071,6,4,4,524,49
3469,573,1071,10,10,11,1330,6
3470,573,1071,6,9,13,1566,4
3471,573,1071,1,4,5,620,1
3472,573,1071,1,16,11,1360,31
3473,573,1071,8,13,16,1937,7
3474,574,1072,1,6,5,618,84
3475,574,1072,10,4,5,640,3
3476,574,1072,3,5,4,505,88
3477,574,1072,4,14,9,1120,88
3478,574,1072,5,9,11,1377,25
3479,575,1072,3,20,27,3300,50
3480,575,1072,1,17,16,1989,45
3481,575,1072,1,19,20,2508,75
3482,575,1072,2,8,10,1264,16
3483,576,1072,4,4,4,524,25
3484,576,1072,7,5,6,765,24
3485,576,1072,8,19,15,1805,32
3486,576,1072,1,2,1,218,32
3487,576,1072,7,3,4,501,51
3488,576,1072,1,7,6,805,15
3489,576,1072,6,7,9,1197,15
3490,576,1072,9,1,1,132,14
3491,577,1072,1,4,4,508,21
3492,577,1072,11,13,17,2132,34
3493,577,1072,6,15,20,2460,13
3494,577,1072,10,5,4,530,25
3495,577,1072,2,8,9,1136,32
3496,578,1072,1,15,12,1500,8
3497,578,1072,8,2,2,350,59
3498,578,1072,5,7,7,924,15
3499,578,1072,10,5,4,580,36
3500,578,1072,1,1,1,140,68
3501,578,1072,1,15,15,1860,39
3502,579,1072,6,9,10,1269,25
3503,579,1072,2,16,14,1728,29
3504,579,1072,10,1,1,179,16
3505,579,1072,6,13,11,1404,36
3506,579,1072,4,5,3,470,18
3507,580,1072,6,9,12,1476,34
3508,580,1072,8,13,8,1066,5
3509,580,1072,5,4,3,440,58
3510,580,1072,2,8,11,1408,62
3511,580,1072,6,18,23,2844,37
3512,580,1072,8,17,14,1751,41
3513,581,1072,11,11,16,1958,71
3514,581,1072,3,11,7,880,62
3515,581,1072,1,4,5,692,40
3516,581,1072,7,14,13,1568,35
3517,581,1072,6,13,17,2145,78
3518,582,1073,3,7,6,777,21
3519,582,1073,1,11,11,1375,31
3520,582,1073,7,18,18,2196,32
3521,582,1073,2,18,12,1476,45
3522,582,1073,1,19,15,1843,15
3523,582,1073,3,2,1,212,30
3524,582,1073,3,3,2,279,44
3525,583,1073,1,7,6,749,48
3526,583,1073,1,9,6,729,53
3527,583,1073,1,9,12,1458,58
3528,583,1073,10,3,3,369,31
3529,583,1073,6,3,2,336,69
3530,584,1073,6,18,15,1818,43
3531,584,1073,7,1,1,142,14
3532,584,1073,8,11,8,1012,6
3533,584,1073,4,8,10,1224,18
3534,584,1073,1,12,12,1500,29
3535,584,1073,5,6,4,498,7
3536,584,1073,11,19,12,1558,43
3537,585,1073,2,2,2,346,12
3538,585,1073,1,7,6,735,9
3539,585,1073,2,2,2,328,29
3540,585,1073,2,5,3,420,8
3541,585,1073,7,7,7,882,20
3542,586,1073,9,6,7,840,49
3543,586,1073,1,12,8,1008,69
3544,586,1073,1,14,10,1302,11
3545,586,1073,7,7,5,623,20
3546,587,1073,7,6,5,684,23
3547,587,1073,5,18,24,2988,17
3548,587,1073,11,19,24,2926,11
3549,587,1073,10,6,7,936,18
3550,587,1073,6,7,7,959,14
3551,588,1073,2,7,10,1211,3
3552,588,1073,1,10,10,1280,69
3553,588,1073,3,3,3,462,15
3554,588,1073,8,5,3,430,30
3555,588,1073,7,18,14,1692,62
3556,588,1073,3,19,27,3249,18
3557,589,1073,10,5,4,550,7
3558,589,1073,4,20,24,2980,10
3559,589,1073,2,18,13,1620,44
3560,589,1073,5,3,2,339,34
3561,589,1073,2,5,4,510,6
3562,589,1073,3,7,5,679,29
3563,589,1073,7,3,3,438,19
3564,589,1073,6,3,3,402,70
3565,590,1073,6,11,7,913,3
3566,590,1073,7,1,1,179,43
3567,590,1073,6,1,1,90,21
3568,590,1073,1,19,14,1710,6
3569,590,1073,6,16,12,1472,29
3570,591,1073,1,20,13,1660,20
3571,591,1073,11,11,11,1408,15
3572,591,1073,8,17,22,2754,38
3573,591,1073,7,9,7,900,11
3574,591,1073,5,5,6,780,74
3575,591,1073,5,10,11,1420,67
3576,592,1074,6,2,2,240,25
3577,592,1074,3,17,19,2295,30
3578,592,1074,1,20,14,1720,1
3579,592,1074,6,8,8,1024,23
3580,592,1074,6,3,3,378,34
3581,592,1074,2,5,5,655,25
3582,592,1074,5,8,8,1056,10
3583,592,1074,8,17,15,1853,21
3584,593,1074,9,19,20,2432,2
3585,593,1074,5,2,2,320,16
3586,593,1074,1,7,6,770,14
3587,593,1074,6,20,25,3020,15
3588,593,1074,6,1,1,178,20
3589,593,1074,8,17,14,1751,5
3590,594,1074,10,13,12,1456,17
3591,594,1074,1,18,22,2646,1
3592,594,1074,2,9,12,1458,6
3593,594,1074,5,16,19,2288,8
3594,595,1074,5,3,3,393,18
3595,595,1074,2,3,2,294,26
3596,595,1074,6,10,14,1720,11
3597,595,1074,5,10,11,1320,20
3598,595,1074,1,8,8,1064,9
3599,596,1074,1,9,6,810,60
3600,596,1074,10,13,12,1521,81
3601,596,1074,2,12,17,2112,48
3602,596,1074,7,2,1,206,52
3603,596,1074,8,12,12,1476,70
3604,597,1074,11,1,1,165,6
3605,597,1074,3,10,11,1320,18
3606,597,1074,10,17,21,2601,34
3607,597,1074,4,1,1,178,15
3608,597,1074,7,12,11,1320,36
3609,598,1075,7,5,5,695,4
3610,598,1075,6,11,7,924,19
3611,598,1075,6,2,1,234,16
3612,598,1075,1,7,6,742,23
3613,598,1075,1,17,15,1904,21
3614,598,1075,10,4,4,520,15
3615,599,1075,1,20,23,2760,30
3616,599,1075,7,4,4,596,4
3617,599,1075,6,7,6,770,6
3618,599,1075,6,7,8,1001,14
3619,600,1075,12,2,2,264,5
3620,600,1075,7,3,4,528,65
3621,600,1075,4,11,11,1419,13
3622,600,1075,3,17,18,2244,2
3623,600,1075,1,6,5,636,4
3624,600,1075,12,1,1,155,14
3625,601,1075,1,20,24,2940,2
3626,601,1075,2,13,13,1586,61
3627,601,1075,6,16,15,1808,37
3628,601,1075,9,20,15,1900,54
3629,601,1075,10,20,27,3340,28
3630,601,1075,3,20,20,2480,18
3631,601,1075,10,3,2,357,10
3632,601,1075,8,17,22,2737,37
3633,602,1075,2,17,19,2397,44
3634,602,1075,9,19,15,1843,53
3635,602,1075,1,6,5,642,78
3636,602,1075,6,5,3,445,31
3637,602,1075,3,11,11,1353,54
3638,603,1075,6,10,8,960,17
3639,603,1075,5,2,2,252,21
3640,603,1075,1,11,10,1210,16
3641,603,1075,10,14,15,1890,26
3642,604,1075,1,5,5,670,1
3643,604,1075,10,7,5,609,17
3644,604,1075,10,12,12,1548,13
3645,604,1075,10,3,4,531,1
3646,605,1075,1,7,5,644,12
3647,605,1075,7,9,9,1107,23
3648,605,1075,1,14,16,2030,12
3649,605,1075,3,4,4,568,32
3650,605,1075,3,18,24,2916,10
3651,605,1075,6,17,16,1921,19
3652,605,1075,7,2,1,188,16
3653,606,1075,11,7,7,861,39
3654,606,1075,2,18,26,3132,68
3655,606,1075,1,2,1,214,30
3656,606,1075,6,20,28,3440,16
3657,606,1075,1,12,13,1644,3
3658,606,1075,6,2,2,288,48
3659,606,1075,12,19,26,3230,9
3660,606,1075,8,10,12,1530,24
3661,607,1075,12,19,15,1919,13
3662,607,1075,7,19,25,3021,14
3663,607,1075,7,19,20,2432,10
3664,607,1075,9,20,29,3540,15
3665,607,1075,1,17,16,1989,5
3666,607,1075,5,12,15,1848,13
3667,607,1075,6,19,17,2109,5
3668,608,1076,8,10,12,1520,20
3669,608,1076,8,7,5,714,7
3670,608,1076,1,8,7,936,25
3671,608,1076,1,14,15,1834,19
3672,609,1076,7,18,21,2520,5
3673,609,1076,3,4,4,552,14
3674,609,1076,11,1,1,162,15
3675,609,1076,1,7,6,833,18
3676,609,1076,10,8,9,1168,20
3677,609,1076,1,20,21,2520,21
3678,609,1076,2,17,13,1649,22
3679,609,1076,10,1,1,116,1
3680,610,1076,11,19,25,3002,28
3681,610,1076,2,18,27,3240,10
3682,610,1076,3,12,14,1788,44
3683,610,1076,1,9,6,819,51
3684,611,1076,2,3,2,321,1
3685,611,1076,5,14,10,1288,44
3686,611,1076,9,5,7,890,13
3687,611,1076,8,11,14,1683,22
3688,611,1076,11,4,3,448,54
3689,611,1076,1,9,9,1179,35
3690,611,1076,1,19,28,3382,20
3691,612,1076,10,6,7,846,29
3692,612,1076,1,17,19,2295,77
3693,612,1076,2,13,9,1144,8
3694,612,1076,1,13,15,1872,26
3695,613,1076,8,11,7,913,2
3696,613,1076,10,13,15,1911,2
3697,613,1076,6,9,6,810,10
3698,613,1076,6,3,4,522,11
3699,613,1076,1,14,20,2506,6
3700,614,1076,11,14,18,2240,19
3701,614,1076,1,12,10,1296,36
3702,614,1076,2,16,18,2176,57
3703,614,1076,6,13,10,1300,8
3704,614,1076,7,15,12,1455,52
3705,614,1076,7,14,19,2310,17
3706,614,1076,6,12,8,984,72
3707,614,1076,8,16,22,2752,81
3708,615,1076,11,19,26,3211,9
3709,615,1076,7,9,6,738,51
3710,615,1076,10,18,16,2034,9
3711,615,1076,11,7,6,735,59
3712,616,1077,7,6,5,630,12
3713,616,1077,10,13,10,1209,15
3714,616,1077,5,3,3,417,1
3715,616,1077,1,6,8,996,4
3716,616,1077,1,6,4,480,13
3717,616,1077,1,14,12,1540,27
3718,617,1077,4,19,19,2356,25
3719,617,1077,1,7,7,959,5
3720,617,1077,10,18,17,2106,20
3721,617,1077,2,2,2,344,11
3722,617,1077,10,11,7,946,10
3723,617,1077,10,10,12,1450,3
3724,617,1077,11,4,4,540,18
3725,618,1077,1,9,6,837,13
3726,618,1077,3,4,3,392,15
3727,618,1077,7,16,22,2640,17
3728,618,1077,1,6,4,534,1
3729,618,1077,9,3,3,426,19
3730,618,1077,5,6,4,558,21
3731,618,1077,1,17,18,2261,6
3732,619,1077,8,20,22,2720,30
3733,619,1077,7,8,9,1192,32
3734,619,1077,10,17,14,1734,70
3735,619,1077,6,11,12,1452,4
3736,619,1077,2,19,27,3344,58
3737,619,1077,11,1,1,143,76
3738,619,1077,5,14,15,1834,16
3739,620,1077,3,16,14,1760,52
3740,620,1077,5,5,3,405,47
3741,620,1077,7,13,16,1937,19
3742,620,1077,1,6,5,618,29
3743,621,1077,1,13,17,2158,56
3744,621,1077,6,1,1,179,22
3745,621,1077,5,15,11,1395,44
3746,621,1077,2,19,15,1881,47
3747,621,1077,1,6,4,534,37
3748,622,1077,11,20,14,1700,36
3749,622,1077,6,9,8,990,28
3750,622,1077,6,18,17,2088,51
3751,622,1077,5,1,1,100,9
3752,622,1077,10,2,2,244,52
3753,622,1077,1,20,28,3360,47
3754,622,1077,2,18,20,2430,47
3755,623,1078,6,10,13,1570,22
3756,623,1078,10,20,24,2900,36
3757,623,1078,6,3,2,348,23
3758,623,1078,3,18,21,2592,30
3759,623,1078,11,2,2,336,42
3760,623,1078,3,12,10,1224,16
3761,624,1078,2,7,8,1043,24
3762,624,1078,1,20,22,2740,36
3763,624,1078,2,3,3,474,9
3764,624,1078,7,15,17,2145,79
3765,624,1078,5,13,16,1937,20
3766,624,1078,10,19,21,2565,65
3767,624,1078,4,5,4,480,41
3768,625,1078,12,2,2,324,69
3769,625,1078,2,17,11,1360,52
3770,625,1078,6,8,8,1016,7
3771,625,1078,7,1,1,164,47
3772,625,1078,7,13,13,1664,80
3773,625,1078,2,15,19,2280,5
3774,625,1078,1,4,3,404,36
3775,626,1078,10,9,8,1008,24
3776,626,1078,10,13,14,1794,76
3777,626,1078,3,5,5,625,79
3778,626,1078,2,8,10,1288,18
3779,626,1078,6,19,18,2166,51
3780,626,1078,9,8,6,832,70
3781,627,1078,3,9,6,810,88
3782,627,1078,6,11,9,1133,69
3783,627,1078,7,16,13,1632,44
3784,627,1078,2,19,15,1919,52
3785,627,1078,10,8,11,1344,29
3786,627,1078,2,20,30,3600,88
3787,628,1078,1,13,13,1651,12
3788,628,1078,1,16,19,2336,9
3789,628,1078,11,18,18,2178,1
3790,628,1078,6,16,23,2848,22
3791,628,1078,2,9,8,972,1
3792,628,1078,1,20,15,1900,22
3793,628,1078,10,19,14,1691,27
3794,628,1078,1,16,20,2496,16
3795,629,1078,9,11,14,1694,8
3796,629,1078,2,2,1,182,12
3797,629,1078,1,10,7,910,11
3798,629,1078,2,4,4,484,11
3799,629,1078,1,7,10,1211,6
3800,629,1078,2,7,7,931,16
3801,629,1078,7,17,13,1564,8
3802,629,1078,8,15,15,1800,2
3803,630,1078,2,3,2,252,23
3804,630,1078,1,13,17,2054,34
3805,630,1078,10,4,5,676,38
3806,630,1078,5,18,13,1566,39
3807,631,1078,2,5,4,550,28
3808,631,1078,4,18,26,3204,12
3809,631,1078,3,5,5,610,18
3810,631,1078,8,14,15,1862,2
3811,632,1078,8,15,18,2220,57
3812,632,1078,2,6,4,582,64
3813,632,1078,7,17,17,2091,86
3814,632,1078,2,11,15,1903,76
3815,632,1078,3,12,12,1440,79
3816,632,1078,2,17,13,1632,39
3817,632,1078,11,4,3,360,89
3818,633,1079,10,2,1,198,10
3819,633,1079,2,8,10,1240,8
3820,633,1079,1,8,6,768,4
3821,633,1079,8,11,8,968,7
3822,634,1079,1,7,9,1127,41
3823,634,1079,3,6,8,1002,7
3824,634,1079,2,10,12,1460,34
3825,634,1079,6,13,16,2015,40
3826,634,1079,12,16,13,1568,32
3827,634,1079,11,8,8,1072,29
3828,634,1079,10,15,21,2580,19
3829,635,1079,1,17,24,2958,22
3830,635,1079,10,10,8,1060,9
3831,635,1079,5,6,8,1020,14
3832,635,1079,7,7,5,616,17
3833,636,1079,6,20,15,1820,4
3834,636,1079,2,1,1,91,16
3835,636,1079,3,16,13,1600,14
3836,636,1079,7,15,15,1860,2
3837,637,1079,5,3,4,495,30
3838,637,1079,1,6,6,744,31
3839,637,1079,3,9,13,1575,24
3840,637,1079,5,9,10,1269,9
3841,637,1079,2,19,13,1596,21
3842,637,1079,1,3,3,435,30
3843,637,1079,2,18,16,1980,7
3844,638,1079,7,4,5,648,16
3845,638,1079,1,15,20,2505,7
3846,638,1079,1,7,8,1064,21
3847,638,1079,6,6,4,498,11
3848,638,1079,1,5,6,765,19
3849,639,1079,10,4,5,692,28
3850,639,1079,8,19,14,1691,41
3851,639,1079,2,18,22,2700,10
3852,639,1079,2,6,6,726,42
3853,639,1079,2,8,10,1224,35
3854,639,1079,1,18,17,2142,18
3855,639,1079,3,16,22,2752,42
3856,640,1079,8,10,9,1110,3
3857,640,1079,5,9,8,1008,74
3858,640,1079,8,16,21,2528,15
3859,640,1079,1,15,19,2355,75
3860,640,1079,3,6,7,918,23
3861,641,1079,2,20,23,2780,17
3862,641,1079,10,4,3,428,16
3863,641,1079,7,11,8,1067,19
3864,641,1079,11,17,15,1887,5
3865,642,1080,3,2,2,300,7
3866,642,1080,1,2,1,226,25
3867,642,1080,5,20,27,3340,15
3868,642,1080,5,17,21,2584,15
3869,642,1080,2,7,9,1176,24
3870,642,1080,7,12,16,1980,17
3871,643,1080,3,2,2,352,3
3872,643,1080,1,9,8,1062,16
3873,643,1080,10,3,3,459,37
3874,643,1080,2,15,11,1320,23
3875,643,1080,9,6,5,636,37
3876,643,1080,10,3,2,246,10
3877,643,1080,6,6,8,1074,38
3878,643,1080,7,1,1,91,20
3879,644,1080,1,20,17,2100,1
3880,644,1080,6,16,12,1440,27
3881,644,1080,6,16,12,1456,15
3882,644,1080,1,2,2,322,20
3883,644,1080,7,4,3,424,21
3884,644,1080,1,15,16,1980,60
3885,644,1080,7,5,3,430,15
3886,644,1080,6,3,2,282,15
3887,645,1080,10,2,1,190,5
3888,645,1080,3,11,15,1804,57
3889,645,1080,10,7,9,1113,28
3890,645,1080,1,19,16,1976,56
3891,645,1080,2,7,8,1036,2
3892,646,1080,8,4,3,396,19
3893,646,1080,1,3,2,348,2
3894,646,1080,8,13,17,2080,34
3895,646,1080,1,11,7,891,37
3896,646,1080,6,5,4,495,19
3897,646,1080,2,1,1,155,13
3898,647,1080,9,3,4,522,48
3899,647,1080,6,7,9,1197,43
3900,647,1080,5,12,9,1152,50
3901,647,1080,6,16,10,1312,50
3902,647,1080,1,15,11,1425,10
3903,647,1080,2,14,14,1750,36
3904,647,1080,2,12,12,1548,20
3905,648,1080,2,3,4,525,25
3906,648,1080,1,5,5,705,30
3907,648,1080,1,4,4,504,20
3908,648,1080,1,8,10,1208,16
3909,649,1081,1,3,3,405,28
3910,649,1081,10,1,1,132,15
3911,649,1081,1,10,12,1470,7
3912,649,1081,2,9,7,900,1
3913,649,1081,2,10,7,840,16
3914,649,1081,1,1,1,158,24
3915,649,1081,10,13,15,1859,29
3916,649,1081,2,10,13,1590,5
3917,650,1081,2,14,11,1428,32
3918,650,1081,2,4,3,388,33
3919,650,1081,3,1,1,94,6
3920,650,1081,5,4,6,720,66
3921,650,1081,1,7,4,581,53
3922,650,1081,5,4,4,548,52
3923,651,1081,3,2,2,298,1
3924,651,1081,4,12,13,1644,4
3925,651,1081,1,1,1,172,4
3926,651,1081,11,2,2,278,3
3927,651,1081,1,2,2,264,15
3928,652,1081,7,11,8,990,4
3929,652,1081,8,10,10,1260,34
3930,652,1081,11,16,15,1888,13
3931,652,1081,8,6,4,564,46
3932,652,1081,1,1,1,152,28
3933,652,1081,1,18,22,2646,44
3934,652,1081,2,14,19,2380,28
3935,653,1081,1,18,12,1440,22
3936,653,1081,1,7,9,1099,26
3937,653,1081,1,15,14,1680,28
3938,653,1081,10,14,11,1386,6
3939,654,1081,2,5,7,845,61
3940,654,1081,1,2,1,228,52
3941,654,1081,3,4,3,476,43
3942,654,1081,6,1,1,176,9
3943,654,1081,8,2,2,274,76
3944,654,1081,4,15,11,1425,33
3945,654,1081,1,9,11,1386,31
3946,654,1081,5,18,13,1584,73
3947,655,1081,2,3,3,360,12
3948,655,1081,1,20,26,3140,33
3949,655,1081,1,19,18,2242,42
3950,655,1081,9,16,17,2080,39
3951,656,1081,6,7,8,973,76
3952,656,1081,3,4,4,532,49
3953,656,1081,6,10,7,930,53
3954,656,1081,10,4,3,396,28
3955,656,1081,3,2,2,284,62
3956,657,1082,7,14,12,1442,14
3957,657,1082,7,17,23,2805,38
3958,657,1082,6,19,24,2888,8
3959,657,1082,12,15,10,1215,5
3960,657,1082,7,9,7,909,28
3961,658,1082,3,17,19,2346,11
3962,658,1082,1,14,10,1218,11
3963,658,1082,6,1,1,160,17
3964,658,1082,1,18,13,1620,16
3965,658,1082,2,20,25,3060,29
3966,659,1082,11,1,1,173,33
3967,659,1082,6,10,13,1640,33
3968,659,1082,1,3,3,447,26
3969,659,1082,10,10,12,1480,9
3970,660,1082,5,8,10,1224,15
3971,660,1082,11,12,13,1632,30
3972,660,1082,1,6,4,522,26
3973,660,1082,1,18,12,1530,14
3974,660,1082,3,16,22,2640,3
3975,660,1082,9,6,5,624,13
3976,661,1082,3,3,2,300,17
3977,661,1082,10,19,18,2166,6
3978,661,1082,6,14,17,2114,17
3979,661,1082,1,13,16,2002,22
3980,661,1082,10,16,22,2640,21
3981,661,1082,1,2,2,310,12
3982,661,1082,2,4,3,452,3
3983,661,1082,8,14,10,1316,12
3984,662,1082,6,6,7,852,10
3985,662,1082,6,18,22,2718,8
3986,662,1082,2,13,13,1625,4
3987,662,1082,8,15,19,2310,13
3988,662,1082,1,2,2,314,14
3989,662,1082,7,10,13,1580,13
3990,662,1082,2,8,11,1376,9
3991,662,1082,10,14,9,1162,9
3992,663,1082,1,1,1,99,72
3993,663,1082,2,13,10,1274,21
3994,663,1082,11,12,15,1848,32
3995,663,1082,9,14,13,1610,70
3996,663,1082,5,1,1,144,74
3997,664,1082,3,17,15,1853,40
3998,664,1082,1,14,11,1358,17
3999,664,1082,3,5,7,880,34
4000,664,1082,3,19,13,1672,28
4001,664,1082,1,3,2,273,20
4002,664,1082,1,4,5,620,16
4003,664,1082,2,20,26,3220,11
4004,664,1082,12,7,9,1197,27
4005,665,1082,7,1,1,123,12
4006,665,1082,11,2,1,224,21
4007,665,1082,5,4,4,524,22
4008,665,1082,8,1,1,101,24
4009,665,1082,10,9,13,1584,20
4010,665,1082,4,9,7,855,40
4011,665,1082,1,11,14,1793,3
4012,666,1082,2,19,21,2527,26
4013,666,1082,10,16,23,2816,31
4014,666,1082,10,3,4,534,34
4015,666,1082,1,9,11,1404,35
4016,666,1082,6,18,24,2880,3
4017,666,1082,5,1,1,131,30
4018,667,1083,3,14,17,2044,4
4019,667,1083,8,11,14,1749,6
4020,667,1083,10,13,12,1469,18
4021,667,1083,3,18,23,2862,26
4022,668,1083,3,20,25,3000,29
4023,668,1083,2,17,18,2176,37
4024,668,1083,2,3,3,363,22
4025,668,1083,6,11,15,1804,4
4026,668,1083,1,20,16,1940,39
4027,668,1083,6,2,2,334,31
4028,668,1083,12,8,11,1352,25
4029,668,1083,10,2,2,248,8
4030,669,1083,6,2,1,218,69
4031,669,1083,7,18,19,2340,27
4032,669,1083,3,8,8,1056,17
4033,669,1083,1,19,17,2147,42
4034,669,1083,2,2,2,256,63
4035,669,1083,1,1,1,156,74
4036,669,1083,2,5,4,590,68
4037,670,1083,2,13,13,1664,44
4038,670,1083,10,18,23,2844,28
4039,670,1083,3,14,10,1204,21
4040,670,1083,8,9,7,900,1
4041,671,1083,10,16,23,2816,29
4042,671,1083,2,1,1,153,29
4043,671,1083,8,10,14,1780,21
4044,671,1083,11,7,10,1260,33
4045,671,1083,8,1,1,134,9
4046,671,1083,2,12,11,1356,52
4047,671,1083,3,13,19,2340,9
4048,672,1083,7,2,1,186,26
4049,672,1083,6,20,26,3140,23
4050,672,1083,2,2,1,162,28
4051,672,1083,1,6,4,570,12
4052,672,1083,1,6,8,1062,29
4053,672,1083,3,16,22,2688,31
4054,673,1083,6,13,8,1079,14
4055,673,1083,1,9,12,1530,13
4056,673,1083,1,17,15,1904,50
4057,673,1083,12,1,1,177,2
4058,673,1083,1,19,23,2774,51
4059,673,1083,3,16,20,2416,17
4060,674,1083,6,12,13,1632,1
4061,674,1083,10,9,10,1233,5
4062,674,1083,12,14,13,1582,6
4063,674,1083,6,14,10,1246,5
4064,674,1083,7,6,4,516,7
4065,674,1083,5,8,11,1392,25
4066,674,1083,10,11,9,1199,14
4067,674,1083,2,19,27,3287,13
4068,675,1083,5,6,6,762,34
4069,675,1083,10,6,5,714,17
4070,675,1083,1,18,25,3024,30
4071,675,1083,4,9,9,1134,35
4072,675,1083,1,14,13,1568,40
4073,675,1083,6,10,13,1630,60
4074,675,1083,2,5,4,525,10
4075,676,1083,10,15,14,1740,32
4076,676,1083,6,20,28,3460,6
4077,676,1083,3,13,19,2301,14
4078,676,1083,2,10,13,1620,11
4079,676,1083,4,1,1,104,25
4080,677,1084,7,18,13,1566,3
4081,677,1084,6,13,12,1443,2
4082,677,1084,2,7,4,588,13
4083,677,1084,6,8,8,968,24
4084,677,1084,5,5,4,570,20
4085,677,1084,10,11,9,1199,10
4086,678,1084,4,13,14,1768,16
4087,678,1084,4,17,12,1496,14
4088,678,1084,2,6,5,690,9
4089,678,1084,2,12,11,1356,9
4090,679,1084,9,12,16,2016,3
4091,679,1084,3,20,17,2140,15
4092,679,1084,7,18,13,1674,1
4093,679,1084,6,11,10,1210,21
4094,679,1084,6,5,6,740,15
4095,680,1084,10,13,17,2067,73
4096,680,1084,6,19,23,2793,66
4097,680,1084,8,20,14,1740,40
4098,680,1084,12,11,12,1551,75
4099,680,1084,7,16,12,1488,36
4100,680,1084,9,5,4,560,49
4101,681,1084,5,13,18,2210,9
4102,681,1084,1,5,4,530,18
4103,681,1084,6,19,21,2603,6
4104,681,1084,5,8,10,1216,4
4105,681,1084,1,4,5,648,18
4106,681,1084,4,13,10,1300,19
4107,681,1084,1,6,7,876,17
4108,681,1084,10,19,23,2869,7
4109,682,1084,8,1,1,103,15
4110,682,1084,1,1,1,82,5
4111,682,1084,6,13,15,1807,28
4112,682,1084,2,2,1,166,33
4113,683,1084,7,4,2,324,71
4114,683,1084,1,10,8,1040,48
4115,683,1084,2,3,2,348,8
4116,683,1084,10,8,10,1200,38
4117,683,1084,10,8,10,1296,11
4118,683,1084,6,2,3,360,62
4119,683,1084,2,18,24,2916,18
4120,684,1085,2,4,2,336,1
4121,684,1085,1,1,1,138,54
4122,684,1085,7,6,4,480,24
4123,684,1085,8,9,9,1098,48
4124,684,1085,6,15,11,1335,22
4125,684,1085,1,2,2,270,28
4126,684,1085,11,13,14,1742,18
4127,684,1085,1,1,1,162,26
4128,685,1085,7,8,7,928,1
4129,685,1085,8,18,18,2178,7
4130,685,1085,3,19,18,2166,50
4131,685,1085,6,2,2,292,40
4132,686,1085,3,18,15,1890,19
4133,686,1085,5,13,16,1924,47
4134,686,1085,5,20,21,2620,11
4135,686,1085,2,15,22,2700,1
4136,686,1085,5,18,20,2430,36
4137,687,1085,1,17,23,2839,63
4138,687,1085,8,3,3,378,4
4139,687,1085,2,19,21,2546,24
4140,687,1085,2,3,3,456,59
4141,687,1085,10,1,1,168,77
4142,687,1085,2,1,1,91,17
4143,687,1085,3,12,13,1656,81
4144,687,1085,5,18,15,1854,49
4145,688,1085,10,19,20,2413,9
4146,688,1085,10,15,15,1890,22
4147,688,1085,4,4,4,552,32
4148,688,1085,3,3,4,495,48
4149,688,1085,1,10,10,1290,39
4150,688,1085,1,3,2,276,35
4151,688,1085,6,18,14,1764,18
4152,688,1085,1,19,20,2489,9
4153,689,1085,1,16,16,1952,33
4154,689,1085,6,15,10,1290,46
4155,689,1085,10,9,12,1548,47
4156,689,1085,2,5,3,465,36
4157,689,1085,2,10,10,1270,32
4158,690,1085,8,5,3,400,19
4159,690,1085,1,12,14,1716,1
4160,690,1085,7,1,1,173,2
4161,690,1085,1,13,11,1404,11
4162,690,1085,3,2,2,276,6
4163,690,1085,1,5,4,575,16
4164,690,1085,12,17,14,1700,18
4165,691,1086,1,17,23,2771,34
4166,691,1086,1,9,12,1539,29
4167,691,1086,2,5,5,665,5
4168,691,1086,2,18,26,3204,24
4169,692,1086,8,18,24,2916,8
4170,692,1086,1,19,20,2413,1
4171,692,1086,6,15,11,1395,12
4172,692,1086,2,14,10,1260,6
4173,693,1086,1,19,15,1843,13
4174,693,1086,1,15,11,1335,52
4175,693,1086,3,11,15,1837,1
4176,693,1086,1,16,14,1792,58
4177,693,1086,7,3,3,432,37
4178,693,1086,8,18,25,3078,21
4179,693,1086,7,8,10,1296,10
4180,694,1086,3,18,22,2754,28
4181,694,1086,10,14,14,1736,17
4182,694,1086,6,9,10,1260,15
4183,694,1086,3,3,3,477,66
4184,694,1086,10,16,14,1680,40
4185,694,1086,8,3,2,321,10
4186,694,1086,1,11,7,935,20
4187,695,1086,3,6,4,528,60
4188,695,1086,10,7,10,1260,47
4189,695,1086,3,17,25,3009,31
4190,695,1086,2,5,5,665,68
4191,695,1086,1,9,11,1341,56
4192,695,1086,1,14,15,1918,25
4193,695,1086,6,8,11,1368,33
4194,695,1086,10,18,21,2592,25
4195,696,1086,8,13,17,2080,20
4196,696,1086,3,5,6,745,4
4197,696,1086,2,2,2,274,53
4198,696,1086,3,9,12,1530,4
4199,696,1086,3,15,19,2385,22
4200,696,1086,2,12,13,1560,11
4201,697,1086,6,18,18,2196,42
4202,697,1086,1,16,21,2560,40
4203,697,1086,7,20,15,1860,30
4204,697,1086,1,3,2,276,60
4205,698,1086,6,1,1,98,43
4206,698,1086,8,15,20,2505,50
4207,698,1086,1,6,5,606,4
4208,698,1086,3,20,21,2540,30
4209,699,1086,6,1,1,90,43
4210,699,1086,1,15,15,1800,37
4211,699,1086,2,2,1,162,11
4212,699,1086,10,2,1,180,21
4213,700,1086,10,12,16,1956,44
4214,700,1086,6,9,10,1224,41
4215,700,1086,10,11,7,924,29
4216,700,1086,2,16,12,1472,49
4217,700,1086,3,7,5,672,30
4218,701,1087,6,1,1,109,3
4219,701,1087,1,13,12,1508,20
4220,701,1087,1,10,14,1780,1
4221,701,1087,1,19,15,1805,1
4222,701,1087,2,5,3,420,7
4223,701,1087,3,17,22,2686,10
4224,701,1087,1,18,17,2124,21
4225,701,1087,6,4,3,432,21
4226,702,1087,2,8,8,1016,37
4227,702,1087,2,2,2,252,25
4228,702,1087,1,2,2,264,32
4229,702,1087,5,19,12,1539,2
4230,702,1087,3,14,17,2100,4
4231,702,1087,1,13,18,2223,29
4232,703,1087,12,17,16,1938,45
4233,703,1087,6,7,9,1148,13
4234,703,1087,5,10,9,1190,38
4235,703,1087,7,12,10,1296,2
4236,703,1087,1,16,18,2208,25
4237,704,1087,1,6,8,966,23
4238,704,1087,9,3,3,429,14
4239,704,1087,11,11,10,1232,9
4240,704,1087,10,6,5,696,7
4241,704,1087,3,9,7,927,4
4242,704,1087,6,19,26,3211,10
4243,705,1087,10,3,2,243,3
4244,705,1087,5,14,19,2324,3
4245,705,1087,2,1,1,161,35
4246,705,1087,5,14,16,2030,17
4247,705,1087,2,5,3,470,6
4248,705,1087,2,15,13,1620,9
4249,706,1087,11,15,15,1830,13
4250,706,1087,10,19,23,2869,13
4251,706,1087,11,15,15,1815,14
4252,706,1087,5,6,4,546,3
4253,706,1087,6,19,28,3382,7
4254,706,1087,2,13,9,1105,4
4255,707,1087,8,5,5,690,24
4256,707,1087,2,6,4,534,17
4257,707,1087,3,15,10,1245,45
4258,707,1087,6,1,1,136,8
4259,707,1087,1,12,10,1200,15
4260,708,1087,1,6,4,552,83
4261,708,1087,8,6,4,528,46
4262,708,1087,10,17,25,3060,16
4263,708,1087,5,16,22,2752,1
4264,708,1087,6,19,14,1748,56
4265,709,1087,1,12,12,1464,18
4266,709,1087,5,19,19,2280,19
4267,709,1087,7,16,13,1616,23
4268,709,1087,6,13,16,1963,17
4269,709,1087,1,2,2,352,25
4270,709,1087,2,8,9,1128,18
4271,709,1087,7,20,17,2140,3
4272,710,1087,4,19,22,2679,58
4273,710,1087,1,17,16,1955,22
4274,710,1087,11,10,7,860,43
4275,710,1087,1,17,13,1649,11
4276,710,1087,7,16,13,1600,1
4277,711,1088,2,5,6,800,30
4278,711,1088,1,5,3,435,33
4279,711,1088,1,9,10,1278,36
4280,711,1088,6,5,7,875,68
4281,711,1088,7,3,3,399,47
4282,711,1088,6,7,9,1183,2
4283,711,1088,6,1,1,96,5
4284,711,1088,6,2,1,230,20
4285,712,1088,4,5,7,845,29
4286,712,1088,1,12,17,2052,7
4287,712,1088,1,5,6,720,3
4288,712,1088,3,2,2,264,9
4289,712,1088,3,1,1,167,27
4290,712,1088,1,20,18,2180,30
4291,712,1088,9,15,17,2070,12
4292,713,1088,5,5,7,890,10
4293,713,1088,6,6,7,936,12
4294,713,1088,3,3,3,420,39
4295,713,1088,2,20,14,1700,21
4296,713,1088,6,17,15,1819,16
4297,713,1088,10,1,1,113,32
4298,713,1088,9,18,17,2070,9
4299,713,1088,6,13,10,1300,20
4300,714,1088,3,1,1,144,2
4301,714,1088,2,18,19,2286,14
4302,714,1088,9,13,14,1794,25
4303,714,1088,10,2,2,258,8
4304,715,1088,5,13,13,1638,47
4305,715,1088,1,19,18,2204,33
4306,715,1088,2,2,2,272,56
4307,715,1088,3,7,9,1169,40
4308,716,1088,5,12,8,972,20
4309,716,1088,6,13,10,1313,30
4310,716,1088,1,6,6,774,9
4311,716,1088,3,4,3,364,19
4312,716,1088,11,9,8,963,27
4313,717,1089,7,9,12,1494,10
4314,717,1089,1,17,20,2465,41
4315,717,1089,10,2,2,296,48
4316,717,1089,4,20,27,3340,40
4317,717,1089,1,20,22,2640,10
4318,717,1089,6,10,14,1710,6
4319,717,1089,6,19,26,3173,25
4320,717,1089,2,7,8,1057,22
4321,718,1089,10,6,6,756,43
4322,718,1089,1,18,16,1980,15
4323,718,1089,2,7,4,588,45
4324,718,1089,2,3,4,510,24
4325,718,1089,10,17,20,2431,26
4326,718,1089,1,9,9,1143,30
4327,719,1089,6,16,16,1952,59
4328,719,1089,3,9,12,1548,43
4329,719,1089,10,12,11,1320,56
4330,719,1089,2,16,15,1824,51
4331,719,1089,2,20,29,3580,49
4332,719,1089,11,3,3,405,27
4333,719,1089,10,5,3,450,23
4334,719,1089,2,12,8,984,2
4335,720,1089,4,11,9,1133,49
4336,720,1089,3,5,5,605,51
4337,720,1089,10,19,20,2432,26
4338,720,1089,2,15,12,1545,8
4339,720,1089,10,8,5,648,30
4340,720,1089,10,9,7,873,16
4341,721,1089,1,4,3,464,7
4342,721,1089,12,9,12,1467,70
4343,721,1089,6,8,6,800,54
4344,721,1089,8,10,14,1790,41
4345,721,1089,10,7,9,1197,8
4346,721,1089,3,14,12,1512,85
4347,722,1089,11,1,1,83,69
4348,722,1089,6,4,4,572,68
4349,722,1089,9,6,4,588,16
4350,722,1089,1,18,20,2466,12
4351,723,1089,1,12,16,1968,36
4352,723,1089,7,6,6,810,65
4353,723,1089,8,9,8,1026,84
4354,723,1089,10,16,11,1376,15
4355,723,1089,4,6,8,972,4
4356,723,1089,6,14,14,1722,19
4357,724,1090,1,14,15,1834,42
4358,724,1090,3,7,8,973,1
4359,724,1090,1,2,2,324,6
4360,724,1090,10,12,9,1188,57
4361,724,1090,10,3,2,249,48
4362,724,1090,2,17,23,2788,6
4363,724,1090,1,5,5,705,23
4364,725,1090,1,15,20,2460,28
4365,725,1090,10,4,4,536,1
4366,725,1090,6,8,10,1224,23
4367,725,1090,8,7,10,1239,13
4368,725,1090,5,3,3,429,6
4369,725,1090,10,7,5,665,7
4370,726,1090,5,13,11,1326,59
4371,726,1090,7,20,27,3240,12
4372,726,1090,6,16,24,2880,16
4373,726,1090,2,12,15,1896,23
4374,726,1090,9,7,6,770,10
4375,727,1090,2,20,17,2080,34
4376,727,1090,6,6,4,480,19
4377,727,1090,2,16,22,2688,15
4378,727,1090,8,8,6,768,15
4379,727,1090,3,3,3,432,23
4380,727,1090,11,16,17,2080,6
4381,727,1090,10,18,20,2484,3
4382,728,1090,4,4,5,708,33
4383,728,1090,8,7,7,896,3
4384,728,1090,1,16,12,1520,10
4385,728,1090,3,12,16,1944,36
4386,728,1090,2,18,24,2988,36
4387,728,1090,6,6,8,1020,6
4388,728,1090,11,16,22,2640,28
4389,728,1090,10,9,11,1332,17
4390,729,1090,2,9,7,864,19
4391,729,1090,1,7,9,1176,20
4392,729,1090,1,6,8,1026,66
4393,729,1090,1,4,5,704,38
4394,729,1090,2,5,5,620,20
4395,730,1090,3,13,11,1339,22
4396,730,1090,1,2,2,258,16
4397,730,1090,9,16,14,1776,5
4398,730,1090,10,4,4,592,4
4399,730,1090,2,16,15,1840,7
4400,730,1090,9,1,1,142,21
4401,731,1091,6,11,9,1089,2
4402,731,1091,10,3,2,324,50
4403,731,1091,1,2,2,290,37
4404,731,1091,6,8,10,1224,61
4405,732,1091,2,9,10,1260,3
4406,732,1091,2,9,11,1368,5
4407,732,1091,8,3,3,381,6
4408,732,1091,3,9,6,801,5
4409,733,1091,2,19,26,3135,6
4410,733,1091,6,13,16,2015,14
4411,733,1091,6,15,18,2250,32
4412,733,1091,2,6,4,522,31
4413,733,1091,8,5,3,410,17
4414,733,1091,1,6,8,990,1
4415,733,1091,1,16,12,1472,9
4416,734,1091,1,7,8,1071,8
4417,734,1091,7,14,18,2226,13
4418,734,1091,3,19,25,3078,15
4419,734,1091,3,19,23,2774,16
4420,734,1091,1,6,6,804,16
4421,734,1091,10,8,6,720,26
4422,735,1091,6,1,1,138,22
4423,735,1091,7,17,20,2516,31
4424,735,1091,6,14,14,1750,16
4425,735,1091,9,7,9,1120,37
4426,735,1091,10,10,8,1050,8
4427,735,1091,6,13,13,1586,20
4428,735,1091,1,17,23,2822,38
4429,736,1091,1,2,1,200,8
4430,736,1091,6,12,8,996,50
4431,736,1091,2,13,12,1482,19
4432,736,1091,5,15,14,1740,31
4433,736,1091,1,2,1,160,9
4434,737,1091,2,18,24,2970,56
4435,737,1091,4,10,12,1530,58
4436,737,1091,6,10,7,910,54
4437,737,1091,8,13,13,1612,55
4438,737,1091,6,2,1,224,43
4439,737,1091,1,14,12,1554,46
4440,737,1091,2,8,9,1120,26
4441,738,1092,3,6,6,834,57
4442,738,1092,1,19,25,3097,46
4443,738,1092,1,13,11,1404,42
4444,738,1092,1,12,15,1860,60
4445,738,1092,7,6,6,762,45
4446,738,1092,1,17,14,1700,60
4447,738,1092,3,7,7,938,39
4448,738,1092,2,3,3,360,38
4449,739,1092,9,11,14,1738,51
4450,739,1092,2,10,11,1320,56
4451,739,1092,2,11,16,1936,34
4452,739,1092,10,10,14,1750,29
4453,739,1092,2,9,13,1620,10
4454,739,1092,8,10,13,1580,16
4455,739,1092,3,20,25,3100,32
4456,739,1092,7,8,11,1360,34
4457,740,1092,2,9,9,1188,34
4458,740,1092,1,18,15,1818,19
4459,740,1092,2,19,19,2318,65
4460,740,1092,3,20,28,3440,62
4461,740,1092,7,7,8,1071,86
4462,740,1092,8,17,21,2618,35
4463,741,1092,11,19,21,2603,9
4464,741,1092,1,6,4,564,31
4465,741,1092,7,16,16,1936,20
4466,741,1092,10,17,17,2108,13
4467,742,1092,3,19,15,1824,17
4468,742,1092,1,1,1,85,39
4469,742,1092,2,14,13,1652,49
4470,742,1092,10,5,7,860,29
4471,742,1092,5,1,1,98,46
4472,742,1092,1,4,3,424,60
4473,743,1092,7,13,11,1352,43
4474,743,1092,6,16,10,1280,56
4475,743,1092,11,3,3,459,28
4476,743,1092,10,9,12,1530,47
4477,743,1092,5,7,6,791,42
4478,743,1092,3,8,6,720,10
4479,743,1092,2,18,22,2700,48
4480,743,1092,1,7,6,819,24
4481,744,1093,1,8,6,832,40
4482,744,1093,3,6,5,678,53
4483,744,1093,1,4,2,328,39
4484,744,1093,2,15,21,2565,54
4485,744,1093,4,13,19,2340,4
4486,745,1093,7,5,6,760,36
4487,745,1093,2,19,13,1634,20
4488,745,1093,10,3,4,486,85
4489,745,1093,11,15,14,1740,9
4490,745,1093,3,7,4,588,39
4491,745,1093,1,11,7,957,20
4492,746,1093,1,18,23,2844,36
4493,746,1093,3,11,9,1133,58
4494,746,1093,7,6,5,630,26
4495,746,1093,1,5,6,795,30
4496,747,1093,2,19,14,1767,14
4497,747,1093,1,1,1,109,2
4498,747,1093,1,9,9,1188,30
4499,747,1093,3,4,5,660,28
4500,747,1093,8,12,8,972,29
4501,748,1093,6,12,17,2112,41
4502,748,1093,2,2,1,204,36
4503,748,1093,6,7,5,609,11
4504,748,1093,10,6,5,654,34
4505,748,1093,8,6,5,660,4
4506,748,1093,1,5,3,425,17
4507,748,1093,5,15,11,1320,3
4508,749,1093,11,5,4,585,7
4509,749,1093,10,2,2,272,53
4510,749,1093,10,9,12,1476,70
4511,749,1093,3,4,4,560,64
4512,749,1093,2,9,9,1188,14
4513,750,1093,2,18,16,1962,35
4514,750,1093,10,15,12,1485,31
4515,750,1093,6,11,13,1584,5
4516,750,1093,1,11,14,1716,3
4517,751,1094,7,10,14,1710,17
4518,751,1094,10,5,4,555,32
4519,751,1094,2,7,7,959,37
4520,751,1094,7,3,2,309,7
4521,751,1094,1,3,2,258,8
4522,751,1094,5,17,12,1445,16
4523,751,1094,7,18,19,2394,52
4524,752,1094,3,2,2,284,10
4525,752,1094,6,8,10,1248,5
4526,752,1094,2,19,25,3021,20
4527,752,1094,2,12,10,1224,20
4528,753,1094,1,5,5,715,13
4529,753,1094,7,8,7,864,18
4530,753,1094,3,6,4,492,12
4531,753,1094,10,5,4,490,4
4532,754,1094,6,9,11,1395,25
4533,754,1094,10,7,6,728,1
4534,754,1094,6,7,6,735,19
4535,754,1094,2,15,10,1230,20
4536,754,1094,4,17,20,2431,33
4537,754,1094,6,11,7,891,18
4538,755,1094,10,20,27,3340,13
4539,755,1094,7,12,8,1068,11
4540,755,1094,1,15,17,2145,9
4541,755,1094,6,6,6,780,14
4542,756,1094,7,14,12,1526,18
4543,756,1094,1,16,18,2240,21
4544,756,1094,8,6,6,750,37
4545,756,1094,1,14,10,1260,26
4546,756,1094,2,3,2,294,39
4547,756,1094,1,12,15,1836,11
4548,756,1094,1,10,7,940,5
4549,756,1094,2,14,12,1498,3
4550,757,1094,7,19,20,2489,30
4551,757,1094,3,15,20,2475,20
4552,757,1094,6,6,7,954,38
4553,757,1094,6,6,4,510,56
4554,757,1094,2,11,15,1804,34
4555,757,1094,6,1,1,162,86
4556,758,1094,1,4,3,432,42
4557,758,1094,5,2,1,170,18
4558,758,1094,6,8,11,1360,55
4559,758,1094,1,3,2,306,55
4560,758,1094,1,6,9,1080,5
4561,759,1094,7,18,14,1782,28
4562,759,1094,5,18,21,2574,26
4563,759,1094,2,1,1,93,49
4564,759,1094,6,17,17,2057,17
4565,760,1094,2,10,14,1760,18
4566,760,1094,9,1,1,85,50
4567,760,1094,1,17,20,2431,57
4568,760,1094,6,16,14,1776,41
4569,760,1094,5,13,17,2093,52
4570,760,1094,2,13,18,2275,40
4571,760,1094,8,4,5,624,56
4572,761,1095,1,5,7,855,28
4573,761,1095,8,6,4,534,13
4574,761,1095,1,10,14,1680,5
4575,761,1095,1,6,7,948,17
4576,761,1095,5,4,3,464,47
4577,762,1095,1,20,22,2740,20
4578,762,1095,9,14,18,2170,79
4579,762,1095,6,20,19,2300,74
4580,762,1095,6,4,5,652,21
4581,763,1095,1,8,9,1080,28
4582,763,1095,3,6,8,1020,1
4583,763,1095,1,12,10,1260,11
4584,763,1095,5,7,8,1043,26
4585,763,1095,1,4,2,320,21
4586,763,1095,6,11,9,1122,18
4587,763,1095,2,17,15,1870,36
4588,763,1095,7,12,15,1800,11
4589,764,1095,6,19,28,3382,8
4590,764,1095,1,13,16,1924,56
4591,764,1095,1,15,22,2640,56
4592,764,1095,10,8,6,816,27
4593,764,1095,10,17,22,2686,50
4594,765,1095,3,3,3,432,22
4595,765,1095,6,18,26,3168,26
4596,765,1095,1,15,11,1395,16
4597,765,1095,3,10,14,1790,7
4598,765,1095,1,3,2,312,10
4599,765,1095,6,6,5,630,15
4600,765,1095,7,5,3,460,35
4601,766,1095,2,6,6,834,77
4602,766,1095,7,3,3,441,62
4603,766,1095,2,1,1,131,62
4604,766,1095,4,4,5,652,6
4605,766,1095,3,12,15,1848,22
4606,767,1095,10,9,8,999,10
4607,767,1095,6,15,19,2355,57
4608,767,1095,11,4,4,552,65
4609,767,1095,6,12,15,1860,54
4610,768,1096,5,10,10,1240,64
4611,768,1096,1,1,1,171,20
4612,768,1096,7,13,13,1651,52
4613,768,1096,5,6,7,948,46
4614,768,1096,6,4,3,388,42
4615,769,1096,4,19,15,1900,22
4616,769,1096,2,20,19,2280,28
4617,769,1096,6,1,1,177,29
4618,769,1096,7,5,6,770,39
4619,769,1096,1,9,12,1440,31
4620,769,1096,1,20,22,2640,28
4621,769,1096,6,10,7,880,29
4622,769,1096,6,13,15,1846,2
4623,770,1096,3,16,14,1792,9
4624,770,1096,2,20,25,3060,5
4625,770,1096,3,3,3,435,4
4626,770,1096,8,17,16,2006,2
4627,770,1096,3,8,7,928,14
4628,770,1096,3,11,9,1166,7
4629,770,1096,7,18,22,2664,2
4630,770,1096,12,10,14,1790,10
4631,771,1096,2,20,16,2020,17
4632,771,1096,8,1,1,121,6
4633,771,1096,1,2,1,200,13
4634,771,1096,1,15,10,1275,13
4635,771,1096,3,18,23,2826,2
4636,771,1096,1,18,15,1836,9
4637,772,1096,1,8,5,640,36
4638,772,1096,10,19,23,2869,13
4639,772,1096,10,2,2,244,31
4640,772,1096,2,18,22,2700,16
4641,772,1096,6,16,15,1808,7
4642,772,1096,5,14,12,1540,1
4643,772,1096,1,15,22,2700,24
4644,772,1096,10,2,1,160,14
4645,773,1096,7,13,10,1209,38
4646,773,1096,10,20,20,2500,42
4647,773,1096,1,12,12,1548,19
4648,773,1096,1,9,13,1602,37
4649,773,1096,1,15,18,2235,43
4650,773,1096,10,10,11,1350,29
4651,773,1096,5,17,25,3009,31
4652,774,1096,5,6,6,798,2
4653,774,1096,1,7,7,938,12
4654,774,1096,10,4,2,344,8
4655,774,1096,2,10,9,1180,9
4656,775,1096,2,11,12,1474,18
4657,775,1096,10,13,13,1651,6
4658,775,1096,2,2,2,256,5
4659,775,1096,8,5,3,470,11
4660,775,1096,10,20,26,3120,14
4661,775,1096,10,5,5,600,14
4662,775,1096,7,6,5,618,4
4663,776,1096,1,10,11,1360,1
4664,776,1096,2,10,11,1410,13
4665,776,1096,2,10,13,1670,11
4666,776,1096,2,8,10,1248,14
4667,776,1096,2,4,3,436,8
4668,777,1096,11,10,10,1220,12
4669,777,1096,2,4,3,404,12
4670,777,1096,9,20,14,1740,1
4671,777,1096,7,13,10,1248,11
4672,778,1097,2,5,6,805,15
4673,778,1097,4,14,20,2492,9
4674,778,1097,5,18,25,3114,8
4675,778,1097,6,18,18,2178,23
4676,778,1097,6,18,18,2178,6
4677,778,1097,1,10,8,1010,22
4678,778,1097,9,5,7,855,11
4679,779,1097,2,12,15,1896,11
4680,779,1097,3,2,2,246,7
4681,779,1097,5,2,2,252,40
4682,779,1097,6,9,10,1233,59
4683,779,1097,2,16,14,1744,47
4684,779,1097,6,12,17,2136,19
4685,779,1097,2,17,24,2941,38
4686,779,1097,1,15,11,1425,46
4687,780,1097,3,9,8,1053,39
4688,780,1097,1,11,9,1199,32
4689,780,1097,4,1,1,108,13
4690,780,1097,1,7,7,931,6
4691,780,1097,10,3,4,504,13
4692,780,1097,2,17,22,2652,12
4693,780,1097,3,2,2,290,31
4694,780,1097,4,6,7,906,5
4695,781,1097,3,1,1,116,36
4696,781,1097,3,11,15,1837,5
4697,781,1097,2,4,4,544,20
4698,781,1097,3,7,7,847,15
4699,781,1097,3,17,12,1462,7
4700,781,1097,4,4,4,500,28
4701,781,1097,6,7,6,819,18
4702,781,1097,10,16,12,1456,31
4703,782,1097,8,19,13,1672,20
4704,782,1097,2,13,10,1261,38
4705,782,1097,6,9,9,1152,41
4706,782,1097,8,9,9,1107,4
4707,782,1097,6,19,24,2926,51
4708,782,1097,1,2,1,188,4
4709,782,1097,5,18,18,2214,31
4710,782,1097,2,1,1,148,58
4711,783,1097,7,18,23,2808,27
4712,783,1097,6,10,9,1160,11
4713,783,1097,6,13,12,1495,48
4714,783,1097,10,17,16,2006,40
4715,784,1097,3,18,19,2286,63
4716,784,1097,2,19,19,2356,67
4717,784,1097,1,17,24,2958,15
4718,784,1097,9,2,1,204,19
4719,784,1097,1,19,22,2641,69
4720,784,1097,6,3,2,291,39
4721,785,1098,10,15,11,1350,30
4722,785,1098,1,11,16,1936,38
4723,785,1098,5,9,9,1098,7
4724,785,1098,8,7,7,938,32
4725,785,1098,7,6,7,876,26
4726,785,1098,11,4,3,360,12
4727,785,1098,7,1,1,106,34
4728,785,1098,4,14,17,2072,8
4729,786,1098,6,16,19,2368,3
4730,786,1098,2,11,14,1683,1
4731,786,1098,10,1,1,174,20
4732,786,1098,6,19,25,3040,6
4733,786,1098,9,15,17,2085,19
4734,787,1098,5,14,15,1876,38
4735,787,1098,1,12,9,1092,41
4736,787,1098,9,11,16,1925,33
4737,787,1098,5,1,1,176,47
4738,787,1098,3,1,1,178,54
4739,788,1098,6,1,1,175,48
4740,788,1098,1,19,17,2090,51
4741,788,1098,6,1,1,111,55
4742,788,1098,5,19,22,2660,20
4743,788,1098,1,11,11,1364,8
4744,789,1098,1,17,17,2057,69
4745,789,1098,8,17,24,2907,16
4746,789,1098,1,11,7,957,18
4747,789,1098,2,15,13,1590,52
4748,789,1098,1,11,15,1859,68
4749,789,1098,4,13,19,2288,52
4750,789,1098,1,15,11,1350,28
4751,789,1098,6,17,24,2924,52
4752,790,1098,2,20,14,1740,46
4753,790,1098,1,11,13,1639,21
4754,790,1098,11,14,10,1274,24
4755,790,1098,6,10,11,1370,43
4756,790,1098,2,11,11,1419,25
4757,790,1098,2,16,20,2432,12
4758,791,1098,2,8,8,1040,44
4759,791,1098,6,5,6,725,59
4760,791,1098,2,16,13,1648,30
4761,791,1098,1,6,7,894,39
4762,792,1098,2,8,7,936,12
4763,792,1098,5,13,12,1456,17
4764,792,1098,1,14,10,1246,3
4765,792,1098,10,20,28,3380,30
4766,793,1098,10,10,11,1320,17
4767,793,1098,1,12,9,1140,3
4768,793,1098,1,18,22,2682,1
4769,793,1098,1,7,4,567,17
4770,793,1098,1,14,12,1484,28
4771,793,1098,1,17,13,1581,17
4772,793,1098,6,9,10,1242,8
4773,793,1098,5,19,17,2071,38
4774,794,1098,3,2,2,266,32
4775,794,1098,3,20,26,3200,1
4776,794,1098,5,6,7,864,35
4777,794,1098,7,9,11,1422,33
4778,794,1098,3,9,9,1080,23
4779,794,1098,1,8,11,1424,22
4780,794,1098,5,15,12,1455,32
4781,794,1098,1,9,7,945,2
4782,795,1099,8,13,12,1482,5
4783,795,1099,1,7,9,1085,65
4784,795,1099,7,3,3,432,64
4785,795,1099,1,16,18,2176,84
4786,796,1099,7,7,7,917,19
4787,796,1099,7,15,10,1215,54
4788,796,1099,2,8,11,1368,1
4789,796,1099,6,20,15,1880,23
4790,796,1099,1,14,9,1148,12
4791,797,1099,2,6,4,510,30
4792,797,1099,2,6,5,654,29
4793,797,1099,1,2,2,344,21
4794,797,1099,2,15,12,1455,1
4795,797,1099,2,9,6,792,1
4796,798,1099,9,9,6,828,73
4797,798,1099,1,9,9,1143,31
4798,798,1099,9,3,2,261,62
4799,798,1099,7,10,7,920,19
4800,798,1099,1,9,11,1341,60
4801,798,1099,1,18,21,2520,20
4802,798,1099,7,9,11,1377,53
4803,798,1099,1,6,6,762,11
4804,799,1099,2,9,12,1512,42
4805,799,1099,6,6,6,798,7
4806,799,1099,1,20,14,1720,3
4807,799,1099,1,13,15,1911,28
4808,799,1099,1,13,11,1391,4
4809,800,1099,3,6,4,522,5
4810,800,1099,8,2,2,312,11
4811,800,1099,8,8,8,1040,14
4812,800,1099,7,3,3,459,12
4813,800,1099,1,18,23,2772,1
4814,800,1099,1,15,17,2100,11
4815,800,1099,1,4,4,572,8
4816,800,1099,1,19,12,1539,1
4817,801,1099,3,7,10,1232,5
4818,801,1099,6,6,5,600,12
4819,801,1099,1,18,19,2304,73
4820,801,1099,1,17,19,2380,10
4821,801,1099,6,16,13,1568,24
4822,801,1099,1,9,9,1080,36
4823,801,1099,7,4,4,572,15
4824,801,1099,5,18,13,1584,61
4825,802,1099,2,14,10,1204,3
4826,802,1099,9,10,9,1170,14
4827,802,1099,8,5,4,515,6
4828,802,1099,1,13,8,1053,3
4829,802,1099,2,7,9,1085,5
4830,802,1099,7,5,7,865,15
4831,803,1099,2,15,17,2100,6
4832,803,1099,2,1,1,106,6
4833,803,1099,3,12,12,1440,4
4834,803,1099,2,5,5,700,14
4835,803,1099,1,15,19,2355,10
4836,803,1099,7,1,1,166,5
4837,804,1100,2,13,9,1092,9
4838,804,1100,1,19,26,3135,8
4839,804,1100,2,18,23,2772,60
4840,804,1100,9,6,6,810,35
4841,804,1100,10,10,14,1730,39
4842,804,1100,8,14,13,1568,31
4843,804,1100,5,17,23,2822,27
4844,804,1100,1,15,16,1920,4
4845,805,1100,2,15,14,1695,1
4846,805,1100,4,8,9,1088,3
4847,805,1100,11,4,5,612,2
4848,805,1100,4,20,25,3040,5
4849,805,1100,1,10,7,850,2
4850,805,1100,3,17,25,3026,7
4851,805,1100,3,5,4,525,11
4852,805,1100,11,9,11,1341,9
4853,806,1100,10,2,2,288,21
4854,806,1100,1,19,23,2793,53
4855,806,1100,2,14,12,1442,19
4856,806,1100,7,1,1,101,9
4857,806,1100,12,7,10,1225,63
4858,806,1100,6,5,3,405,46
4859,806,1100,10,1,1,106,28
4860,807,1100,5,13,12,1443,10
4861,807,1100,7,13,14,1794,8
4862,807,1100,6,20,13,1600,1
4863,807,1100,4,19,28,3382,19
4864,808,1100,3,1,1,82,19
4865,808,1100,11,3,3,387,19
4866,808,1100,7,5,4,550,5
4867,808,1100,6,7,8,966,24
4868,809,1100,10,19,27,3287,59
4869,809,1100,7,20,14,1700,50
4870,809,1100,1,11,10,1298,70
4871,809,1100,11,3,3,450,55
4872,809,1100,3,9,9,1161,32
4873,809,1100,1,1,1,156,76
4874,809,1100,4,8,7,888,56
4875,809,1100,1,4,5,688,32
4876,810,1100,10,11,8,1001,22
4877,810,1100,6,12,16,2016,9
4878,810,1100,2,5,7,885,19
4879,810,1100,11,10,8,990,1
4880,810,1100,1,9,12,1485,1
4881,810,1100,1,7,7,847,25
4882,810,1100,2,14,15,1848,1
4883,810,1100,3,13,16,1989,20
4884,811,1100,10,9,9,1179,28
4885,811,1100,3,2,1,184,4
4886,811,1100,5,9,12,1458,47
4887,811,1100,1,5,7,850,35
4888,811,1100,10,17,14,1683,9
4889,811,1100,6,17,19,2329,39
4890,811,1100,10,10,6,800,10
4891,811,1100,11,13,10,1274,3
4892,812,1101,2,11,8,1067,60
4893,812,1101,2,12,16,1932,25
4894,812,1101,3,6,5,648,45
4895,812,1101,12,1,1,81,38
4896,812,1101,1,20,15,1840,72
4897,812,1101,11,18,25,3042,43
4898,812,1101,1,4,5,668,54
4899,813,1101,8,11,11,1364,19
4900,813,1101,1,13,10,1222,2
4901,813,1101,1,20,17,2040,8
4902,813,1101,1,14,15,1848,1
4903,813,1101,1,5,6,755,8
4904,814,1101,1,6,5,630,9
4905,814,1101,5,14,10,1232,23
4906,814,1101,1,1,1,163,17
4907,814,1101,10,12,8,972,32
4908,815,1101,2,9,8,1071,49
4909,815,1101,7,10,13,1630,23
4910,815,1101,10,15,16,1995,29
4911,815,1101,10,10,10,1290,4
4912,815,1101,1,3,3,366,31
4913,815,1101,1,16,22,2752,27
4914,816,1101,2,12,15,1812,27
4915,816,1101,1,14,17,2072,11
4916,816,1101,1,11,16,1936,7
4917,816,1101,7,5,5,690,43
4918,816,1101,11,13,14,1781,1
4919,817,1101,10,13,10,1287,17
4920,817,1101,2,3,3,477,57
4921,817,1101,10,14,17,2086,57
4922,817,1101,4,9,11,1431,38
4923,817,1101,3,3,4,492,21
4924,817,1101,6,7,7,882,2
4925,817,1101,1,4,4,580,39
4926,818,1101,11,5,4,550,41
4927,818,1101,10,7,6,833,7
4928,818,1101,2,14,20,2436,49
4929,818,1101,5,4,3,396,12
4930,818,1101,2,14,13,1568,78
4931,818,1101,7,12,10,1200,46
4932,819,1101,11,9,8,1044,83
4933,819,1101,8,4,3,368,86
4934,819,1101,7,16,23,2864,26
4935,819,1101,5,3,3,441,19
4936,820,1101,2,8,8,984,44
4937,820,1101,6,10,12,1440,33
4938,820,1101,8,3,3,441,34
4939,820,1101,2,14,17,2072,2
4940,820,1101,12,13,12,1469,2
4941,820,1101,2,4,3,368,3
4942,820,1101,1,6,6,762,20
4943,821,1101,2,1,1,95,46
4944,821,1101,3,10,13,1580,48
4945,821,1101,11,14,9,1120,16
4946,821,1101,4,4,5,684,47
4947,821,1101,6,17,18,2193,4
4948,822,1102,1,15,18,2250,4
4949,822,1102,1,9,6,756,1
4950,822,1102,1,16,12,1504,16
4951,822,1102,1,16,23,2800,7
4952,822,1102,6,15,22,2655,27
4953,823,1102,10,5,7,885,12
4954,823,1102,6,20,29,3520,2
4955,823,1102,7,9,6,828,19
4956,823,1102,6,15,18,2205,11
4957,823,1102,10,1,1,160,4
4958,823,1102,1,15,15,1845,8
4959,823,1102,2,6,8,1020,4
4960,824,1102,5,15,18,2190,1
4961,824,1102,3,15,19,2340,8
4962,824,1102,7,15,11,1410,54
4963,824,1102,1,1,1,150,66
4964,824,1102,1,20,23,2800,20
4965,824,1102,1,7,9,1162,50
4966,824,1102,2,16,23,2864,16
4967,824,1102,5,16,16,1968,30
4968,825,1102,10,1,1,103,37
4969,825,1102,5,18,18,2268,46
4970,825,1102,3,17,11,1428,2
4971,825,1102,1,9,12,1485,38
4972,825,1102,1,5,4,535,51
4973,825,1102,11,6,4,570,51
4974,825,1102,6,13,17,2041,49
4975,825,1102,5,15,14,1695,51
4976,826,1102,8,12,8,1056,56
4977,826,1102,6,4,3,444,74
4978,826,1102,10,12,16,2028,19
4979,826,1102,1,2,2,348,15
4980,826,1102,9,10,8,980,50
4981,826,1102,1,16,10,1296,28
4982,826,1102,1,2,2,326,67
4983,827,1102,10,4,5,636,35
4984,827,1102,10,19,15,1843,19
4985,827,1102,5,10,12,1440,5
4986,827,1102,1,1,1,118,7
4987,827,1102,7,20,14,1780,1
4988,827,1102,2,8,5,680,10
4989,828,1103,7,18,19,2322,23
4990,828,1103,2,8,7,872,22
4991,828,1103,10,20,20,2440,8
4992,828,1103,2,3,2,273,1
4993,828,1103,2,4,5,708,9
4994,828,1103,10,14,13,1582,5
4995,828,1103,4,19,28,3420,14
4996,829,1103,2,11,11,1331,24
4997,829,1103,7,4,3,388,18
4998,829,1103,7,15,17,2145,11
4999,829,1103,8,5,4,545,19
5000,829,1103,2,19,22,2717,17
5001,829,1103,1,12,11,1356,5
5002,829,1103,2,2,2,354,22
5003,830,1103,7,1,1,99,38
5004,830,1103,8,14,20,2478,48
5005,830,1103,8,14,20,2492,60
5006,830,1103,3,2,2,250,9
5007,830,1103,3,1,1,138,27
5008,831,1103,2,9,13,1584,62
5009,831,1103,5,8,9,1128,8
5010,831,1103,1,16,16,1920,40
5011,831,1103,11,17,11,1394,24
5012,832,1103,9,17,17,2057,59
5013,832,1103,6,13,9,1118,21
5014,832,1103,5,11,10,1243,51
5015,832,1103,6,13,10,1274,58
5016,833,1103,12,15,16,1995,55
5017,833,1103,2,1,1,137,84
5018,833,1103,10,7,5,686,62
5019,833,1103,10,7,7,861,27
5020,833,1103,7,13,15,1820,54
5021,833,1103,6,12,15,1884,17
5022,834,1104,9,20,14,1720,53
5023,834,1104,10,1,1,113,67
5024,834,1104,10,17,18,2210,76
5025,834,1104,6,6,4,522,43
5026,834,1104,8,8,7,904,1
5027,834,1104,2,1,1,167,68
5028,834,1104,10,20,29,3560,19
5029,834,1104,3,19,21,2527,11
5030,835,1104,3,9,13,1611,1
5031,835,1104,2,11,12,1452,29
5032,835,1104,1,16,19,2304,39
5033,835,1104,10,16,22,2720,22
5034,835,1104,2,6,6,810,55
5035,835,1104,1,1,1,110,54
5036,835,1104,8,9,7,882,55
5037,836,1104,7,5,5,690,27
5038,836,1104,1,6,5,612,19
5039,836,1104,3,4,5,708,10
5040,836,1104,9,12,16,1956,63
5041,836,1104,3,4,4,568,14
5042,836,1104,3,2,2,358,38
5043,836,1104,1,18,19,2286,15
5044,837,1104,6,8,5,672,24
5045,837,1104,1,4,4,536,38
5046,837,1104,1,19,16,1938,12
5047,837,1104,1,6,8,1050,27
5048,837,1104,12,19,23,2850,1
5049,837,1104,1,9,7,927,44
5050,837,1104,3,16,11,1424,4
5051,838,1104,3,1,1,107,11
5052,838,1104,3,7,7,959,6
5053,838,1104,10,1,1,84,38
5054,838,1104,6,7,6,721,53
5055,839,1104,10,13,16,1989,29
5056,839,1104,10,15,12,1500,73
5057,839,1104,2,15,16,2025,31
5058,839,1104,10,1,1,149,29
5059,839,1104,11,2,2,348,51
5060,839,1104,7,11,10,1243,8
5061,840,1104,8,18,18,2178,7
5062,840,1104,7,8,11,1392,39
5063,840,1104,2,15,21,2535,11
5064,840,1104,12,16,13,1648,35
5065,840,1104,10,6,7,918,8
5066,840,1104,9,8,8,992,42
5067,840,1104,1,19,21,2546,4
5068,840,1104,1,14,19,2394,27
5069,841,1105,10,18,24,2916,20
5070,841,1105,2,7,9,1085,32
5071,841,1105,2,19,20,2413,2
5072,841,1105,3,1,1,144,55
5073,841,1105,5,10,6,800,27
5074,841,1105,7,12,17,2112,27
5075,841,1105,10,1,1,101,3
5076,842,1105,5,6,7,936,2
5077,842,1105,1,3,3,381,10
5078,842,1105,10,8,10,1272,2
5079,842,1105,2,18,22,2754,2
5080,843,1105,2,7,6,777,14
5081,843,1105,1,6,5,666,23
5082,843,1105,1,5,5,635,42
5083,843,1105,8,12,8,1044,8
5084,843,1105,6,8,8,984,19
5085,844,1105,6,18,22,2718,10
5086,844,1105,6,7,9,1113,7
5087,844,1105,7,8,6,832,6
5088,844,1105,2,8,8,1040,6
5089,844,1105,6,5,3,400,18
5090,844,1105,1,19,27,3325,18
5091,844,1105,12,8,6,760,5
5092,845,1105,1,19,13,1653,29
5093,845,1105,8,20,21,2600,21
5094,845,1105,10,20,26,3120,40
5095,845,1105,1,2,1,190,10
5096,846,1105,1,15,14,1785,76
5097,846,1105,2,6,4,528,2
5098,846,1105,2,20,29,3580,35
5099,846,1105,6,19,16,2014,58
5100,846,1105,2,4,5,620,17
5101,847,1105,7,4,4,564,48
5102,847,1105,2,13,10,1248,55
5103,847,1105,10,9,10,1260,41
5104,847,1105,1,17,22,2720,52
5105,848,1105,7,20,22,2680,16
5106,848,1105,3,8,5,664,1
5107,848,1105,5,6,8,984,35
5108,848,1105,2,5,4,570,8
5109,848,1105,1,4,2,352,46
5110,849,1105,1,4,3,456,14
5111,849,1105,7,5,3,460,38
5112,849,1105,6,10,9,1100,43
5113,849,1105,9,17,19,2312,32
5114,849,1105,10,15,20,2415,9
5115,849,1105,2,20,16,1920,24
5116,850,1106,4,8,11,1360,27
5117,850,1106,2,11,15,1859,30
5118,850,1106,5,4,5,620,6
5119,850,1106,7,1,1,118,25
5120,851,1106,3,13,16,1989,26
5121,851,1106,11,8,11,1408,22
5122,851,1106,6,18,20,2430,46
5123,851,1106,1,20,14,1740,22
5124,852,1106,6,14,13,1610,8
5125,852,1106,10,11,14,1771,65
5126,852,1106,8,12,17,2088,68
5127,852,1106,5,18,15,1818,42
5128,852,1106,7,16,12,1552,52
5129,852,1106,8,1,1,174,66
5130,852,1106,2,16,12,1536,22
5131,852,1106,2,7,10,1253,41
5132,853,1106,3,18,15,1800,12
5133,853,1106,1,12,8,972,49
5134,853,1106,1,6,6,750,47
5135,853,1106,8,13,10,1313,49
5136,853,1106,10,10,11,1370,12
5137,853,1106,5,7,9,1085,49
5138,853,1106,2,6,8,972,1
5139,853,1106,1,6,5,600,16
5140,854,1106,5,6,7,936,1
5141,854,1106,8,20,28,3380,42
5142,854,1106,3,6,8,1008,29
5143,854,1106,1,14,15,1834,1
5144,854,1106,2,11,7,946,38
5145,854,1106,2,7,6,721,5
5146,855,1106,1,8,10,1264,5
5147,855,1106,1,3,3,459,15
5148,855,1106,2,7,8,1036,40
5149,855,1106,1,6,5,708,30
5150,856,1106,2,1,1,168,2
5151,856,1106,3,1,1,147,5
5152,856,1106,3,2,2,242,13
5153,856,1106,2,4,5,668,24
5154,856,1106,3,2,2,280,14
5155,857,1106,1,17,24,2907,31
5156,857,1106,2,1,1,153,11
5157,857,1106,2,6,5,630,9
5158,857,1106,3,15,16,2010,22
5159,857,1106,1,8,11,1328,4
5160,857,1106,1,7,10,1260,14
5161,858,1107,11,10,8,970,13
5162,858,1107,7,13,13,1612,18
5163,858,1107,10,10,7,940,48
5164,858,1107,1,6,6,834,31
5165,859,1107,3,14,20,2464,5
5166,859,1107,3,7,6,784,38
5167,859,1107,1,2,1,230,55
5168,859,1107,8,16,16,1936,44
5169,859,1107,1,18,20,2448,3
5170,859,1107,12,16,21,2544,25
5171,860,1107,1,6,5,696,36
5172,860,1107,1,10,9,1140,50
5173,860,1107,2,16,13,1616,15
5174,860,1107,2,14,20,2506,22
5175,860,1107,8,17,18,2193,37
5176,861,1107,1,10,14,1780,69
5177,861,1107,2,8,8,1024,18
5178,861,1107,3,19,13,1615,36
5179,861,1107,6,6,5,630,67
5180,862,1107,11,1,1,156,22
5181,862,1107,2,11,14,1760,21
5182,862,1107,3,9,7,918,6
5183,862,1107,2,9,8,990,21
5184,863,1107,9,2,2,308,29
5185,863,1107,3,3,2,339,87
5186,863,1107,3,10,11,1420,83
5187,863,1107,6,4,3,468,29
5188,864,1108,1,2,2,260,49
5189,864,1108,1,15,20,2445,45
5190,864,1108,10,9,9,1197,60
5191,864,1108,1,13,19,2288,30
5192,864,1108,3,3,3,381,39
5193,864,1108,10,3,3,438,48
5194,865,1108,5,2,1,198,58
5195,865,1108,3,6,7,918,15
5196,865,1108,1,17,16,2023,43
5197,865,1108,1,15,20,2445,72
5198,865,1108,2,10,9,1100,47
5199,865,1108,3,14,9,1176,44
5200,865,1108,10,8,11,1360,32
5201,865,1108,3,14,18,2170,66
5202,866,1108,3,15,20,2475,14
5203,866,1108,1,13,15,1820,8
5204,866,1108,5,5,4,515,12
5205,866,1108,3,16,20,2448,42
5206,866,1108,2,3,3,474,2
5207,866,1108,8,15,18,2175,42
5208,866,1108,4,11,9,1177,33
5209,867,1108,8,2,2,258,31
5210,867,1108,7,19,21,2527,14
5211,867,1108,2,6,8,1014,33
5212,867,1108,6,17,24,2992,31
5213,867,1108,11,1,1,174,55
5214,867,1108,2,11,7,902,55
5215,867,1108,6,10,12,1530,9
5216,867,1108,1,4,5,672,30
5217,868,1108,3,3,3,447,26
5218,868,1108,6,15,10,1245,27
5219,868,1108,2,6,4,522,5
5220,868,1108,3,6,7,918,44
5221,868,1108,10,1,1,140,13
5222,868,1108,10,19,24,2926,12
5223,868,1108,7,17,22,2686,6
5224,868,1108,6,19,23,2812,11
5225,869,1108,3,11,16,1958,7
5226,869,1108,8,8,9,1112,3
5227,869,1108,3,1,1,148,14
5228,869,1108,9,10,13,1580,9
5229,869,1108,1,19,18,2223,6
5230,870,1108,5,8,6,728,16
5231,870,1108,11,10,13,1670,41
5232,870,1108,6,1,1,94,19
5233,870,1108,2,19,25,3002,27
5234,870,1108,3,13,16,2028,12
5235,870,1108,1,11,13,1628,29
5236,870,1108,1,12,11,1356,39
5237,870,1108,5,9,8,981,36
5238,871,1108,6,8,5,688,19
5239,871,1108,8,3,3,417,69
5240,871,1108,1,16,19,2304,1
5241,871,1108,2,13,17,2106,35
5242,871,1108,6,4,4,492,68
5243,871,1108,6,2,1,186,49
5244,872,1108,10,17,12,1547,22
5245,872,1108,1,15,22,2685,3
5246,872,1108,1,2,2,312,10
5247,872,1108,3,10,7,850,29
5248,872,1108,10,7,4,581,33
5249,873,1109,3,13,10,1287,68
5250,873,1109,1,14,17,2100,23
5251,873,1109,6,10,9,1180,68
5252,873,1109,2,1,1,164,3
5253,874,1109,6,11,13,1672,12
5254,874,1109,6,15,20,2400,18
5255,874,1109,1,14,17,2086,1
5256,874,1109,3,19,26,3173,8
5257,874,1109,7,13,10,1222,11
5258,874,1109,8,13,14,1690,9
5259,874,1109,1,2,2,294,9
5260,874,1109,9,8,10,1272,8
5261,875,1109,12,14,12,1456,22
5262,875,1109,10,9,8,1035,9
5263,875,1109,1,20,21,2560,21
5264,875,1109,6,9,9,1098,17
5265,875,1109,6,16,10,1280,3
5266,876,1109,8,5,4,590,6
5267,876,1109,6,12,10,1284,14
5268,876,1109,6,19,14,1729,5
5269,876,1109,11,15,15,1890,8
5270,876,1109,1,18,17,2052,15
5271,876,1109,3,2,1,222,13
5272,877,1109,10,10,9,1110,49
5273,877,1109,2,10,7,850,46
5274,877,1109,2,14,13,1568,65
5275,877,1109,7,18,20,2448,48
5276,877,1109,8,9,12,1494,3
5277,878,1109,9,17,21,2533,19
5278,878,1109,1,19,21,2603,64
5279,878,1109,2,12,11,1380,52
5280,878,1109,3,7,5,672,30
5281,878,1109,3,13,14,1703,60
5282,878,1109,6,20,24,2940,53
5283,879,1109,2,10,12,1520,63
5284,879,1109,11,6,4,582,7
5285,879,1109,11,6,7,942,68
5286,879,1109,2,6,6,792,73
5287,879,1109,6,1,1,129,54
5288,880,1109,6,6,5,624,12
5289,880,1109,2,19,24,2964,22
5290,880,1109,9,19,27,3306,20
5291,880,1109,8,18,16,1998,7
5292,880,1109,2,18,26,3132,16
5293,880,1109,10,13,16,1963,17
5294,880,1109,3,16,18,2192,20
5295,880,1109,1,14,9,1134,10
5296,881,1109,1,17,15,1904,39
5297,881,1109,8,4,4,484,13
5298,881,1109,6,7,10,1239,39
5299,881,1109,1,5,5,655,1
5300,881,1109,1,3,2,351,20
5301,881,1109,1,15,16,1965,10
5302,881,1109,9,3,2,357,42
5303,881,1109,6,2,1,232,37
5304,882,1109,1,17,21,2601,32
5305,882,1109,2,18,21,2520,9
5306,882,1109,1,20,24,2980,28
5307,882,1109,6,13,12,1534,11
5308,883,1110,11,5,3,435,6
5309,883,1110,2,8,5,664,16
5310,883,1110,12,14,18,2198,4
5311,883,1110,6,9,11,1359,13
5312,883,1110,1,19,28,3401,2
5313,883,1110,6,12,13,1572,5
5314,883,1110,10,3,3,420,12
5315,883,1110,2,1,1,137,14
5316,884,1110,6,16,13,1584,25
5317,884,1110,7,10,6,800,10
5318,884,1110,2,10,11,1420,9
5319,884,1110,1,6,6,720,8
5320,884,1110,11,7,8,987,22
5321,884,1110,6,13,9,1196,1
5322,884,1110,1,16,19,2288,7
5323,885,1110,12,12,8,1044,15
5324,885,1110,3,19,28,3363,12
5325,885,1110,11,5,7,840,22
5326,885,1110,9,19,24,2964,5
5327,885,1110,6,17,19,2397,13
5328,885,1110,1,2,1,208,20
5329,885,1110,7,10,9,1190,18
5330,886,1110,6,9,10,1287,56
5331,886,1110,1,18,19,2394,17
5332,886,1110,8,11,8,968,1
5333,886,1110,6,16,17,2112,42
5334,886,1110,1,20,14,1780,61
5335,886,1110,6,18,26,3222,46
5336,886,1110,1,8,10,1312,22
5337,886,1110,10,19,19,2356,11
5338,887,1110,11,2,2,314,53
5339,887,1110,1,12,14,1740,1
5340,887,1110,2,18,26,3132,6
5341,887,1110,7,4,4,484,58
5342,887,1110,9,9,8,1026,46
5343,888,1110,2,4,4,520,7
5344,888,1110,6,16,10,1280,7
5345,888,1110,2,19,17,2109,2
5346,888,1110,7,11,10,1309,16
5347,888,1110,5,1,1,177,32
5348,888,1110,6,18,14,1782,23
5349,889,1110,6,13,19,2314,21
5350,889,1110,7,2,1,220,66
5351,889,1110,2,18,22,2700,52
5352,889,1110,6,9,12,1440,3
5353,889,1110,6,18,22,2682,2
5354,890,1111,7,3,3,384,19
5355,890,1111,6,20,17,2120,56
5356,890,1111,1,8,8,984,47
5357,890,1111,3,7,5,609,13
5358,890,1111,6,15,14,1770,17
5359,890,1111,10,17,20,2448,4
5360,890,1111,7,14,16,1988,3
5361,890,1111,4,20,25,3020,31
5362,891,1111,6,20,15,1820,35
5363,891,1111,9,10,9,1080,6
5364,891,1111,1,5,5,645,25
5365,891,1111,1,11,13,1628,18
5366,892,1111,2,13,11,1430,12
5367,892,1111,6,4,5,624,42
5368,892,1111,3,10,11,1380,52
5369,892,1111,6,6,4,588,2
5370,893,1111,6,16,18,2256,18
5371,893,1111,2,9,8,1053,31
5372,893,1111,7,2,2,296,9
5373,893,1111,10,7,5,630,29
5374,893,1111,7,10,10,1290,5
5375,893,1111,9,19,19,2337,16
5376,893,1111,6,14,16,1988,25
5377,894,1111,2,19,20,2432,30
5378,894,1111,1,8,5,648,5
5379,894,1111,7,3,4,522,18
5380,894,1111,2,5,5,635,16
5381,894,1111,8,15,10,1200,7
5382,895,1111,1,2,2,260,31
5383,895,1111,1,13,11,1430,56
5384,895,1111,9,12,8,1020,17
5385,895,1111,7,3,4,486,55
5386,895,1111,2,1,1,159,16
5387,895,1111,1,7,9,1085,6
5388,895,1111,6,6,4,522,31
5389,896,1111,1,20,18,2260,11
5390,896,1111,1,7,10,1246,15
5391,896,1111,7,19,22,2641,12
5392,896,1111,2,4,5,612,6
5393,896,1111,11,2,1,172,18
5394,896,1111,3,5,5,695,12
5395,897,1112,2,9,12,1440,38
5396,897,1112,11,2,2,240,19
5397,897,1112,7,20,19,2320,45
5398,897,1112,2,11,9,1188,33
5399,897,1112,1,18,12,1476,41
5400,897,1112,5,18,23,2808,25
5401,898,1112,2,10,14,1770,22
5402,898,1112,3,13,10,1300,56
5403,898,1112,1,12,9,1188,8
5404,898,1112,4,16,11,1376,21
5405,898,1112,7,13,8,1053,16
5406,899,1112,9,10,12,1490,55
5407,899,1112,1,1,1,117,58
5408,899,1112,10,5,7,880,54
5409,899,1112,10,13,8,1066,17
5410,899,1112,1,3,3,378,65
5411,899,1112,2,3,3,381,26
5412,899,1112,6,3,3,408,30
5413,900,1112,8,11,12,1474,2
5414,900,1112,2,15,19,2295,2
5415,900,1112,2,6,5,672,10
5416,900,1112,1,8,10,1240,11
5417,900,1112,2,19,17,2147,2
5418,900,1112,7,9,12,1557,24
5419,900,1112,2,4,5,668,26
5420,901,1112,2,15,11,1425,74
5421,901,1112,10,3,4,531,68
5422,901,1112,6,18,19,2340,56
5423,901,1112,11,10,14,1710,52
5424,902,1112,2,4,5,600,16
5425,902,1112,1,11,15,1881,39
5426,902,1112,4,18,20,2484,26
5427,902,1112,5,1,1,127,30
5428,902,1112,1,6,5,666,31
5429,902,1112,10,3,3,447,17
5430,903,1112,5,6,4,498,10
5431,903,1112,2,16,14,1760,4
5432,903,1112,1,5,7,840,12
5433,903,1112,6,16,14,1712,13
5434,904,1112,12,13,12,1521,17
5435,904,1112,1,18,14,1746,21
5436,904,1112,2,6,6,780,30
5437,904,1112,2,19,25,3097,12
5438,904,1112,2,15,17,2100,16
5439,904,1112,6,6,5,648,22
5440,904,1112,6,2,1,194,16
5441,904,1112,6,1,1,153,7
5442,905,1112,6,8,11,1416,13
5443,905,1112,1,9,8,1053,3
5444,905,1112,1,10,11,1430,11
5445,905,1112,1,19,23,2793,3
5446,905,1112,10,1,1,166,8
5447,905,1112,2,11,8,990,6
5448,905,1112,9,11,8,1056,15
5449,906,1113,5,20,26,3180,9
5450,906,1113,1,8,6,760,4
5451,906,1113,1,13,19,2340,37
5452,906,1113,11,7,9,1162,20
5453,906,1113,1,14,18,2240,20
5454,906,1113,10,16,18,2192,60
5455,906,1113,3,7,5,623,54
5456,907,1113,11,13,12,1534,62
5457,907,1113,1,15,10,1200,27
5458,907,1113,5,2,1,220,49
5459,907,1113,8,11,14,1738,41
5460,908,1113,6,3,4,519,5
5461,908,1113,6,10,14,1730,7
5462,908,1113,1,16,15,1824,3
5463,908,1113,6,14,16,1960,47
5464,908,1113,4,14,16,1932,54
5465,909,1113,9,14,11,1400,1
5466,909,1113,9,8,11,1360,26
5467,909,1113,1,17,23,2788,23
5468,909,1113,6,13,12,1469,61
5469,910,1113,3,11,14,1716,16
5470,910,1113,6,7,5,651,17
5471,910,1113,10,19,26,3211,19
5472,910,1113,6,19,23,2831,23
5473,910,1113,2,20,14,1780,9
5474,910,1113,6,17,18,2278,2
5475,910,1113,6,20,20,2400,11
5476,910,1113,1,10,13,1560,23
5477,911,1113,8,14,13,1638,14
5478,911,1113,1,8,10,1240,17
5479,911,1113,10,4,3,384,7
5480,911,1113,1,18,23,2772,35
5481,911,1113,8,3,4,492,7
5482,911,1113,2,10,12,1510,22
5483,911,1113,2,1,1,80,5
5484,912,1113,1,7,9,1085,68
5485,912,1113,7,10,11,1430,39
5486,912,1113,1,6,6,738,51
5487,912,1113,7,17,23,2873,63
5488,912,1113,1,17,25,3043,65
5489,913,1113,3,18,24,2934,31
5490,913,1113,1,18,17,2106,5
5491,913,1113,2,2,2,258,5
5492,913,1113,11,7,9,1183,17
5493,913,1113,6,12,13,1572,20
5494,914,1113,11,9,9,1170,4
5495,914,1113,7,11,13,1595,55
5496,914,1113,6,20,19,2280,73
5497,914,1113,8,13,11,1352,87
5498,914,1113,5,1,1,159,57
5499,914,1113,1,13,10,1235,7
5500,914,1113,9,2,2,306,19
5501,914,1113,3,13,14,1703,17
5502,915,1114,10,15,20,2505,65
5503,915,1114,3,9,9,1098,64
5504,915,1114,6,17,18,2227,42
5505,915,1114,2,12,14,1716,46
5506,915,1114,1,6,5,672,61
5507,915,1114,3,1,1,80,7
5508,916,1114,5,14,17,2058,17
5509,916,1114,2,2,2,250,10
5510,916,1114,3,12,11,1344,42
5511,916,1114,1,6,5,672,39
5512,916,1114,2,17,21,2635,79
5513,916,1114,3,10,6,800,19
5514,917,1114,3,18,20,2412,2
5515,917,1114,4,8,8,960,31
5516,917,1114,10,3,3,411,2
5517,917,1114,11,14,12,1456,3
5518,917,1114,10,10,9,1140,10
5519,917,1114,10,17,22,2754,27
5520,917,1114,1,2,2,336,22
5521,917,1114,7,18,23,2844,35
5522,918,1114,7,7,6,798,1
5523,918,1114,6,14,18,2254,3
5524,918,1114,9,16,20,2496,16
5525,918,1114,10,19,22,2698,5
5526,918,1114,9,11,9,1089,18
5527,918,1114,2,7,7,882,13
5528,919,1114,2,2,2,278,14
5529,919,1114,2,13,19,2288,45
5530,919,1114,4,17,11,1377,37
5531,919,1114,2,8,10,1224,17
5532,920,1114,9,18,12,1530,5
5533,920,1114,6,14,9,1120,6
5534,920,1114,7,9,8,1026,5
5535,920,1114,6,2,1,218,3
5536,920,1114,2,17,22,2652,5
5537,920,1114,2,9,11,1422,1
5538,920,1114,3,10,8,990,2
5539,920,1114,2,19,27,3325,15
5540,921,1115,3,20,21,2520,8
5541,921,1115,6,3,3,435,28
5542,921,1115,7,17,24,2924,11
5543,921,1115,1,17,20,2482,49
5544,921,1115,7,20,20,2400,51
5545,921,1115,6,13,18,2197,33
5546,921,1115,8,9,6,837,37
5547,922,1115,1,14,9,1162,24
5548,922,1115,7,13,18,2223,18
5549,922,1115,1,14,16,1974,19
5550,922,1115,10,7,5,644,29
5551,922,1115,1,1,1,129,26
5552,923,1115,2,17,25,3009,12
5553,923,1115,3,17,14,1683,38
5554,923,1115,8,13,13,1638,44
5555,923,1115,5,14,18,2226,71
5556,924,1115,2,15,21,2580,5
5557,924,1115,1,16,12,1520,15
5558,924,1115,6,19,13,1577,5
5559,924,1115,10,8,9,1120,2
5560,924,1115,1,14,14,1680,9
5561,925,1115,1,18,17,2070,60
5562,925,1115,11,19,19,2299,34
5563,925,1115,1,15,16,1995,64
5564,925,1115,2,7,9,1085,68
5565,925,1115,1,18,22,2682,80
5566,925,1115,6,15,21,2625,27
5567,925,1115,3,3,3,375,75
5568,926,1115,1,19,18,2242,24
5569,926,1115,4,20,29,3540,46
5570,926,1115,6,6,6,786,53
5571,926,1115,5,17,16,1921,36
5572,926,1115,4,14,12,1484,34
5573,926,1115,1,5,3,410,44
5574,926,1115,3,3,2,297,16
5575,926,1115,6,4,3,412,8
5576,927,1115,7,18,22,2682,4
5577,927,1115,1,19,25,3078,18
5578,927,1115,5,13,17,2119,4
5579,927,1115,4,5,3,415,16
5580,927,1115,1,13,13,1677,2
5581,927,1115,10,2,2,276,5
5582,928,1115,5,13,16,1950,30
5583,928,1115,2,17,23,2788,56
5584,928,1115,6,20,23,2760,6
5585,928,1115,2,11,7,935,54
5586,928,1115,4,15,18,2175,53
5587,928,1115,10,8,6,832,44
5588,928,1115,2,15,10,1215,63
5589,928,1115,3,4,5,712,22
5590,929,1115,2,2,2,334,21
5591,929,1115,3,2,2,250,9
5592,929,1115,6,17,19,2397,40
5593,929,1115,6,8,9,1168,18
5594,929,1115,7,9,8,1017,3
5595,929,1115,2,17,20,2516,14
5596,930,1116,10,2,2,326,45
5597,930,1116,1,5,4,545,42
5598,930,1116,8,2,1,210,26
5599,930,1116,5,15,11,1410,21
5600,930,1116,6,13,19,2327,35
5601,930,1116,6,2,2,308,41
5602,931,1116,5,5,4,545,39
5603,931,1116,8,9,9,1125,55
5604,931,1116,4,9,9,1188,61
5605,931,1116,6,10,6,830,30
5606,931,1116,8,14,20,2408,55
5607,931,1116,11,1,1,88,56
5608,931,1116,1,5,6,790,41
5609,932,1116,6,4,4,500,38
5610,932,1116,10,12,13,1644,11
5611,932,1116,6,5,6,820,29
5612,932,1116,2,17,18,2210,36
5613,932,1116,8,7,9,1190,3
5614,932,1116,1,3,3,366,36
5615,932,1116,2,10,13,1620,11
5616,932,1116,12,8,7,872,12
5617,933,1116,1,12,16,1920,24
5618,933,1116,2,8,10,1232,14
5619,933,1116,8,1,1,139,7
5620,933,1116,2,13,15,1820,23
5621,933,1116,2,6,8,1038,4
5622,933,1116,2,19,19,2375,18
5623,934,1116,2,20,15,1880,14
5624,934,1116,1,1,1,123,1
5625,934,1116,10,6,4,534,17
5626,934,1116,6,13,16,1976,18
5627,934,1116,1,10,7,920,8
5628,934,1116,8,10,9,1150,22
5629,934,1116,3,2,2,340,19
5630,935,1116,8,10,6,830,17
5631,935,1116,6,5,6,740,52
5632,935,1116,2,8,7,840,4
5633,935,1116,8,14,18,2254,45
5634,935,1116,11,1,1,153,83
5635,935,1116,6,6,4,564,72
5636,935,1116,10,14,14,1792,58
5637,936,1117,3,3,2,240,9
5638,936,1117,12,13,11,1430,18
5639,936,1117,1,2,1,194,51
5640,936,1117,10,5,4,485,44
5641,936,1117,7,8,7,912,40
5642,936,1117,6,2,1,178,58
5643,936,1117,11,15,16,2010,36
5644,937,1117,6,1,1,92,61
5645,937,1117,10,20,14,1780,42
5646,937,1117,1,10,9,1150,52
5647,937,1117,1,10,6,830,22
5648,937,1117,1,12,8,1056,59
5649,937,1117,2,13,13,1638,56
5650,938,1117,8,4,5,600,25
5651,938,1117,2,5,5,640,14
5652,938,1117,1,19,28,3420,49
5653,938,1117,2,13,17,2054,41
5654,938,1117,2,19,28,3363,11
5655,938,1117,6,16,22,2672,29
5656,938,1117,2,9,6,819,20
5657,939,1117,10,18,18,2178,1
5658,939,1117,11,11,11,1353,3
5659,939,1117,7,7,10,1260,9
5660,939,1117,8,9,11,1350,13
5661,939,1117,3,6,7,888,18
5662,940,1117,3,8,7,872,9
5663,940,1117,2,12,11,1380,49
5664,940,1117,7,3,3,381,88
5665,940,1117,3,19,16,1995,20
5666,940,1117,2,4,3,452,76
5667,940,1117,3,17,19,2363,76
5668,941,1117,1,1,1,117,1
5669,941,1117,6,10,9,1110,29
5670,941,1117,4,14,15,1876,7
5671,941,1117,4,2,2,338,34
5672,942,1117,1,18,21,2538,62
5673,942,1117,2,10,8,1060,38
5674,942,1117,1,3,2,264,17
5675,942,1117,2,16,19,2368,27
5676,943,1117,8,3,3,450,15
5677,943,1117,1,20,27,3300,13
5678,943,1117,6,11,12,1474,10
5679,943,1117,1,15,10,1290,14
5680,943,1117,6,1,1,98,28
5681,943,1117,3,19,25,3116,7
5682,943,1117,2,3,3,381,9
5683,944,1117,1,6,5,624,4
5684,944,1117,1,17,19,2295,22
5685,944,1117,11,11,15,1859,2
5686,944,1117,6,5,4,505,19
5687,944,1117,7,4,3,468,10
5688,944,1117,1,14,16,1974,3
5689,944,1117,1,3,2,336,21
5690,945,1118,11,13,14,1742,16
5691,945,1118,1,17,13,1666,9
5692,945,1118,1,5,4,575,3
5693,945,1118,1,11,9,1199,9
5694,946,1118,2,1,1,92,3
5695,946,1118,10,4,5,708,14
5696,946,1118,2,10,8,1060,15
5697,946,1118,6,7,6,763,12
5698,946,1118,2,17,18,2176,8
5699,946,1118,8,6,5,666,17
5700,947,1118,2,7,6,826,24
5701,947,1118,4,10,14,1780,39
5702,947,1118,6,14,9,1120,23
5703,947,1118,2,17,19,2295,55
5704,947,1118,1,6,8,1050,7
5705,947,1118,7,19,19,2375,32
5706,948,1118,6,8,7,920,71
5707,948,1118,6,12,10,1224,61
5708,948,1118,9,12,13,1572,12
5709,948,1118,2,6,6,774,52
5710,948,1118,2,11,13,1672,9
5711,948,1118,2,13,10,1300,48
5712,948,1118,8,17,12,1479,54
5713,949,1118,3,12,10,1296,16
5714,949,1118,3,19,26,3211,24
5715,949,1118,1,15,22,2685,18
5716,949,1118,10,13,14,1755,47
5717,949,1118,2,8,8,984,14
5718,949,1118,5,14,11,1344,49
5719,950,1118,7,5,4,585,26
5720,950,1118,10,13,15,1859,76
5721,950,1118,1,4,4,492,61
5722,950,1118,1,15,20,2430,54
5723,950,1118,11,18,16,1944,42
5724,950,1118,2,10,11,1320,71
5725,951,1118,2,19,13,1577,53
5726,951,1118,8,13,18,2249,69
5727,951,1118,1,19,22,2660,76
5728,951,1118,6,20,26,3140,70
5729,951,1118,8,3,3,399,13
5730,951,1118,2,8,11,1328,65
5731,951,1118,1,13,19,2340,66
5732,952,1118,1,8,5,656,32
5733,952,1118,8,16,12,1536,25
5734,952,1118,1,6,8,1074,1
5735,952,1118,10,9,11,1332,40
5736,952,1118,3,16,20,2400,2
5737,952,1118,5,5,5,645,18
5738,952,1118,6,4,3,384,8
5739,953,1118,7,15,16,1950,24
5740,953,1118,2,9,7,882,22
5741,953,1118,2,10,10,1240,52
5742,953,1118,1,7,9,1092,14
5743,953,1118,3,19,24,2945,39
5744,953,1118,1,13,16,1989,34
5745,953,1118,4,3,4,495,15
5746,953,1118,1,14,19,2366,50
5747,954,1118,1,14,15,1918,44
5748,954,1118,1,18,16,1944,14
5749,954,1118,2,20,15,1880,3
5750,954,1118,1,13,10,1209,11
5751,954,1118,2,19,13,1577,8
5752,954,1118,3,8,10,1216,39
5753,954,1118,2,19,13,1596,49
5754,955,1119,11,7,8,980,43
5755,955,1119,3,16,21,2624,14
5756,955,1119,11,9,11,1332,7
5757,955,1119,2,19,23,2831,17
5758,955,1119,1,2,1,178,28
5759,955,1119,4,7,4,588,5
5760,956,1119,3,10,12,1540,84
5761,956,1119,7,3,4,534,4
5762,956,1119,1,10,13,1630,21
5763,956,1119,10,2,1,198,68
5764,957,1119,3,18,12,1512,10
5765,957,1119,10,20,14,1700,32
5766,957,1119,2,4,5,712,26
5767,957,1119,2,11,10,1298,34
5768,958,1119,2,3,3,402,4
5769,958,1119,6,19,26,3135,7
5770,958,1119,4,19,14,1748,14
5771,958,1119,10,13,9,1131,6
5772,958,1119,2,16,12,1472,6
5773,959,1119,10,4,5,616,40
5774,959,1119,10,1,1,97,39
5775,959,1119,10,1,1,100,67
5776,959,1119,5,3,2,351,12
5777,959,1119,1,18,20,2484,39
5778,960,1119,8,20,17,2140,28
5779,960,1119,3,17,17,2159,32
5780,960,1119,2,14,12,1456,5
5781,960,1119,2,3,2,252,32
5782,961,1120,1,19,18,2204,6
5783,961,1120,2,5,3,475,12
5784,961,1120,2,2,1,178,23
5785,961,1120,2,11,9,1177,11
5786,961,1120,1,20,27,3280,14
5787,961,1120,11,6,6,774,3
5788,961,1120,3,9,9,1116,11
5789,962,1120,7,3,2,240,9
5790,962,1120,6,10,11,1420,47
5791,962,1120,8,15,19,2310,35
5792,962,1120,6,20,19,2300,34
5793,962,1120,5,12,13,1608,25
5794,962,1120,6,17,21,2584,39
5795,962,1120,1,2,1,166,24
5796,963,1120,3,12,16,1968,52
5797,963,1120,1,12,17,2148,65
5798,963,1120,2,5,4,515,58
5799,963,1120,6,3,3,414,20
5800,963,1120,2,5,7,885,84
5801,963,1120,2,12,8,996,34
5802,964,1120,6,3,2,351,9
5803,964,1120,1,8,5,640,13
5804,964,1120,4,14,12,1442,9
5805,964,1120,1,17,19,2312,4
5806,965,1120,3,20,14,1740,11
5807,965,1120,2,4,4,568,3
5808,965,1120,5,1,1,140,7
5809,965,1120,1,17,24,2924,2
5810,965,1120,1,6,4,582,4
5811,965,1120,1,5,4,515,3
5812,965,1120,5,10,6,810,9
5813,966,1120,5,12,15,1884,39
5814,966,1120,1,9,6,819,5
5815,966,1120,7,18,17,2052,58
5816,966,1120,6,4,3,436,48
5817,966,1120,10,4,5,680,15
5818,967,1120,9,11,9,1144,21
5819,967,1120,11,15,12,1470,11
5820,967,1120,7,17,21,2635,9
5821,967,1120,10,1,1,135,19
5822,968,1120,11,20,29,3540,30
5823,968,1120,5,1,1,96,60
5824,968,1120,5,3,2,249,58
5825,968,1120,2,20,19,2320,59
5826,968,1120,10,11,10,1221,20
5827,968,1120,1,11,16,1947,9
5828,968,1120,8,17,25,3009,59
5829,968,1120,1,9,8,1044,31
5830,969,1121,5,6,4,540,66
5831,969,1121,6,20,18,2160,3
5832,969,1121,2,12,14,1716,72
5833,969,1121,6,1,1,166,30
5834,969,1121,3,19,28,3382,15
5835,970,1121,9,20,28,3440,29
5836,970,1121,2,8,11,1376,26
5837,970,1121,6,1,1,120,22
5838,970,1121,5,12,14,1716,24
5839,970,1121,6,10,14,1690,2
5840,971,1121,10,1,1,133,39
5841,971,1121,11,19,25,3059,4
5842,971,1121,6,12,9,1188,34
5843,971,1121,6,18,20,2412,1
5844,971,1121,2,2,2,258,22
5845,971,1121,3,8,7,872,29
5846,971,1121,7,12,13,1632,3
5847,971,1121,1,11,8,1078,29
5848,972,1121,6,3,2,354,19
5849,972,1121,10,2,1,194,12
5850,972,1121,1,1,1,145,9
5851,972,1121,1,13,17,2054,20
5852,972,1121,1,20,21,2600,10
5853,972,1121,2,15,22,2685,16
5854,972,1121,10,6,6,726,26
5855,973,1121,6,8,11,1400,5
5856,973,1121,10,6,5,642,10
5857,973,1121,4,2,1,230,3
5858,973,1121,3,5,4,595,4
5859,973,1121,7,11,10,1221,13
5860,973,1121,6,11,13,1628,11
5861,974,1121,10,13,11,1326,64
5862,974,1121,5,13,8,1053,21
5863,974,1121,2,12,13,1644,8
5864,974,1121,2,7,6,756,19
5865,974,1121,6,11,15,1826,38
5866,974,1121,2,8,6,720,42
5867,974,1121,6,5,6,735,50
5868,974,1121,2,9,6,738,18
5869,975,1121,10,20,26,3120,12
5870,975,1121,3,4,4,568,38
5871,975,1121,11,20,16,1940,17
5872,975,1121,1,3,3,396,60
5873,975,1121,5,6,4,570,46
5874,976,1121,10,13,17,2041,14
5875,976,1121,3,1,1,130,15
5876,976,1121,11,12,17,2112,3
5877,976,1121,11,4,3,436,38
5878,976,1121,1,2,1,236,35
5879,977,1121,1,14,10,1288,43
5880,977,1121,6,4,5,612,16
5881,977,1121,6,7,7,889,40
5882,977,1121,2,20,23,2840,6
5883,977,1121,6,1,1,87,42
5884,978,1121,6,14,10,1288,25
5885,978,1121,1,11,11,1408,18
5886,978,1121,7,3,3,435,24
5887,978,1121,2,20,19,2380,1
5888,978,1121,7,19,25,3021,10
5889,978,1121,2,10,14,1790,23
5890,978,1121,7,7,5,679,15
5891,978,1121,1,13,17,2119,30
5892,979,1122,2,10,11,1360,37
5893,979,1122,9,15,10,1215,16
5894,979,1122,6,12,10,1260,79
5895,979,1122,7,4,3,360,58
5896,979,1122,11,14,15,1862,55
5897,979,1122,2,12,10,1224,61
5898,980,1122,1,19,15,1900,12
5899,980,1122,9,11,12,1551,8
5900,980,1122,3,3,4,516,8
5901,980,1122,1,8,5,704,15
5902,980,1122,2,18,25,3006,57
5903,981,1122,6,7,7,854,32
5904,981,1122,1,7,9,1169,63
5905,981,1122,1,12,15,1848,20
5906,981,1122,1,5,5,640,37
5907,981,1122,6,12,13,1596,29
5908,981,1122,10,3,2,270,37
5909,981,1122,10,20,19,2380,25
5910,982,1122,3,11,16,1958,8
5911,982,1122,5,18,22,2736,5
5912,982,1122,10,3,2,318,5
5913,982,1122,2,12,15,1872,17
5914,982,1122,10,13,17,2054,7
5915,983,1122,1,18,15,1890,64
5916,983,1122,3,19,14,1691,44
5917,983,1122,10,17,13,1649,6
5918,983,1122,1,9,12,1485,4
5919,983,1122,8,12,10,1200,55
5920,983,1122,3,6,6,810,57
5921,984,1122,8,16,13,1648,18
5922,984,1122,2,12,10,1296,16
5923,984,1122,4,12,16,1992,26
5924,984,1122,2,13,17,2054,31
5925,985,1122,4,19,21,2546,11
5926,985,1122,1,19,18,2204,46
5927,985,1122,2,4,2,328,20
5928,985,1122,3,5,5,600,1
5929,985,1122,11,19,15,1824,37
5930,985,1122,3,13,16,1924,22
5931,985,1122,10,5,6,830,4
5932,986,1122,10,16,13,1632,30
5933,986,1122,7,1,1,158,57
5934,986,1122,6,7,6,784,35
5935,986,1122,10,3,2,288,15
5936,986,1122,2,12,8,960,24
5937,986,1122,1,7,6,819,64
5938,986,1122,3,1,1,116,45
5939,987,1122,2,17,16,1989,84
5940,987,1122,1,1,1,106,30
5941,987,1122,6,17,13,1649,12
5942,987,1122,2,18,25,3006,19
5943,987,1122,8,7,7,952,83
5944,988,1123,2,13,15,1846,13
5945,988,1123,7,15,10,1215,13
5946,988,1123,1,8,11,1320,5
5947,988,1123,10,17,18,2278,7
5948,988,1123,1,3,2,291,5
5949,988,1123,1,2,2,344,22
5950,989,1123,1,9,13,1602,35
5951,989,1123,1,7,7,938,29
5952,989,1123,6,13,8,1066,51
5953,989,1123,4,18,23,2826,26
5954,989,1123,4,3,4,507,14
5955,989,1123,2,11,14,1771,44
5956,990,1123,1,18,19,2286,27
5957,990,1123,2,2,1,188,13
5958,990,1123,1,20,21,2540,49
5959,990,1123,10,19,16,2033,24
5960,990,1123,1,1,1,89,7
5961,990,1123,10,10,10,1300,8
5962,990,1123,3,17,24,2907,45
5963,990,1123,10,2,2,298,4
5964,991,1123,6,2,1,232,33
5965,991,1123,6,2,1,232,8
5966,991,1123,2,3,3,372,52
5967,991,1123,2,17,17,2091,10
5968,991,1123,6,11,9,1144,67
5969,991,1123,6,4,3,460,66
5970,991,1123,6,16,15,1904,59
5971,991,1123,2,17,12,1462,26
5972,992,1123,4,11,11,1408,10
5973,992,1123,3,16,18,2192,9
5974,992,1123,1,20,14,1680,5
5975,992,1123,10,4,4,524,7
5976,992,1123,3,4,4,540,3
5977,992,1123,1,17,18,2193,14
5978,992,1123,11,17,18,2278,4
5979,993,1123,9,13,14,1768,46
5980,993,1123,6,17,14,1785,85
5981,993,1123,1,14,10,1232,61
5982,993,1123,10,11,7,913,43
5983,993,1123,11,18,15,1908,48
5984,993,1123,1,12,16,1944,70
5985,993,1123,1,12,13,1608,42
5986,994,1123,2,8,7,888,33
5987,994,1123,1,6,6,774,26
5988,994,1123,6,4,4,556,31
5989,994,1123,2,2,1,176,22
5990,994,1123,5,9,10,1206,28
5991,994,1123,5,20,17,2120,1
5992,995,1124,1,15,12,1530,31
5993,995,1124,7,14,18,2170,15
5994,995,1124,2,3,4,483,24
5995,995,1124,8,2,1,202,21
5996,995,1124,1,17,17,2159,20
5997,995,1124,3,8,5,640,30
5998,996,1124,10,16,12,1536,1
5999,996,1124,6,8,10,1208,11
6000,996,1124,11,16,18,2240,30
6001,996,1124,10,4,3,380,33
6002,996,1124,2,11,8,1056,31
6003,996,1124,6,13,11,1365,1
6004,996,1124,8,2,1,162,29
6005,996,1124,10,5,3,445,4
6006,997,1124,1,10,13,1660,19
6007,997,1124,4,2,2,248,31
6008,997,1124,10,15,17,2100,7
6009,997,1124,7,14,11,1330,31
6010,997,1124,1,12,17,2040,28
6011,997,1124,2,13,14,1703,30
6012,998,1124,6,13,15,1911,16
6013,998,1124,1,9,6,738,2
6014,998,1124,6,12,9,1188,11
6015,998,1124,10,10,8,970,44
6016,998,1124,2,12,10,1260,50
6017,998,1124,3,7,9,1176,12
6018,998,1124,1,3,3,462,5
6019,998,1124,7,8,10,1272,46
6020,999,1124,6,16,22,2640,32
6021,999,1124,3,4,4,488,64
6022,999,1124,8,19,14,1786,11
6023,999,1124,10,11,7,924,13
6024,999,1124,1,13,18,2210,20
6025,999,1124,3,1,1,144,5
6026,1000,1124,6,7,9,1155,34
6027,1000,1124,10,11,14,1716,59
6028,1000,1124,10,7,6,756,41
6029,1000,1124,2,17,24,2907,27
6030,1000,1124,2,3,3,468,24
6031,1000,1124,1,19,20,2489,61
6032,1000,1124,5,9,9,1161,32
6033,1000,1124,11,17,18,2244,50
6034,1001,1124,8,1,1,106,6
6035,1001,1124,10,16,22,2688,9
6036,1001,1124,8,14,15,1876,24
6037,1001,1124,1,17,13,1666,20
6038,1001,1124,3,11,10,1243,38
6039,1002,1125,2,2,1,168,19
6040,1002,1125,1,13,17,2145,7
6041,1002,1125,1,13,8,1066,41
6042,1002,1125,1,1,1,151,44
6043,1002,1125,2,5,5,715,15
6044,1003,1125,10,7,6,770,21
6045,1003,1125,10,7,7,896,39
6046,1003,1125,7,7,4,567,6
6047,1003,1125,10,2,2,344,3
6048,1004,1125,6,3,3,450,15
6049,1004,1125,5,1,1,119,18
6050,1004,1125,11,6,7,882,21
6051,1004,1125,11,8,8,976,9
6052,1004,1125,1,18,23,2808,6
6053,1004,1125,6,2,2,318,8
6054,1004,1125,1,9,12,1530,8
6055,1004,1125,6,14,15,1876,3
6056,1005,1125,5,1,1,145,11
6057,1005,1125,1,5,6,830,55
6058,1005,1125,5,12,17,2124,39
6059,1005,1125,8,9,13,1602,59
6060,1005,1125,10,12,17,2052,29
6061,1006,1125,6,7,9,1162,25
6062,1006,1125,7,1,1,158,14
6063,1006,1125,4,7,9,1099,15
6064,1006,1125,6,10,8,970,4
6065,1006,1125,5,4,5,700,10
6066,1006,1125,1,14,18,2198,8
6067,1007,1125,6,4,4,524,63
6068,1007,1125,3,4,4,580,64
6069,1007,1125,3,5,6,820,28
6070,1007,1125,3,8,9,1080,46
6071,1007,1125,1,13,19,2327,21
6072,1007,1125,3,13,11,1326,21
6073,1008,1125,3,17,11,1377,25
6074,1008,1125,3,13,9,1170,51
6075,1008,1125,12,11,9,1111,24
6076,1008,1125,5,20,27,3320,69
6077,1008,1125,11,1,1,139,38
6078,1008,1125,6,8,8,960,69
6079,1008,1125,1,11,11,1353,62
6080,1009,1126,11,16,17,2048,19
6081,1009,1126,1,7,8,1057,24
6082,1009,1126,11,18,12,1494,21
6083,1009,1126,1,3,4,510,19
6084,1009,1126,1,15,11,1395,25
6085,1009,1126,2,18,23,2772,13
6086,1010,1126,11,12,13,1560,12
6087,1010,1126,8,18,22,2664,15
6088,1010,1126,1,4,3,476,17
6089,1010,1126,3,2,2,326,12
6090,1010,1126,8,1,1,171,20
6091,1010,1126,1,9,11,1404,23
6092,1010,1126,6,17,19,2329,18
6093,1010,1126,9,16,16,1984,21
6094,1011,1126,6,5,6,775,7
6095,1011,1126,1,4,5,692,5
6096,1011,1126,2,1,1,88,21
6097,1011,1126,4,2,2,286,9
6098,1011,1126,1,1,1,131,21
6099,1012,1126,1,7,7,924,39
6100,1012,1126,1,4,5,644,36
6101,1012,1126,1,6,4,510,1
6102,1012,1126,8,16,21,2576,13
6103,1012,1126,1,5,4,565,51
6104,1013,1126,1,19,21,2603,47
6105,1013,1126,2,10,6,830,42
6106,1013,1126,4,3,4,486,36
6107,1013,1126,2,20,21,2540,53
6108,1013,1126,6,16,14,1792,7
6109,1013,1126,7,18,21,2574,27
6110,1013,1126,2,10,9,1120,48
6111,1014,1126,2,14,17,2100,35
6112,1014,1126,6,14,14,1750,33
6113,1014,1126,1,9,10,1296,13
6114,1014,1126,8,18,26,3132,15
6115,1015,1126,10,6,6,798,54
6116,1015,1126,4,14,15,1820,54
6117,1015,1126,2,11,10,1210,10
6118,1015,1126,1,15,17,2100,24
6119,1015,1126,5,1,1,145,58
6120,1015,1126,6,8,6,800,50
6121,1015,1126,10,14,20,2492,52
6122,1015,1126,6,7,9,1148,54
6123,1016,1126,10,14,18,2184,45
6124,1016,1126,2,18,12,1512,23
6125,1016,1126,1,10,10,1200,4
6126,1016,1126,2,2,2,312,12
6127,1016,1126,5,13,15,1807,11
6128,1017,1126,1,6,8,1062,7
6129,1017,1126,5,15,17,2055,8
6130,1017,1126,10,16,13,1568,11
6131,1017,1126,2,12,16,1980,1
6132,1017,1126,2,1,1,88,14
6133,1017,1126,1,18,18,2232,4
6134,1017,1126,2,5,7,840,1
6135,1018,1127,11,4,3,476,7
6136,1018,1127,2,3,2,291,15
6137,1018,1127,6,8,7,864,16
6138,1018,1127,6,11,9,1144,3
6139,1018,1127,8,4,3,376,5
6140,1019,1127,2,6,6,786,23
6141,1019,1127,1,15,14,1695,10
6142,1019,1127,5,13,11,1339,52
6143,1019,1127,6,4,5,672,4
6144,1020,1127,5,18,25,3078,44
6145,1020,1127,2,10,10,1230,6
6146,1020,1127,2,14,9,1190,52
6147,1020,1127,6,3,3,462,15
6148,1020,1127,2,3,3,423,43
6149,1021,1127,2,8,11,1344,30
6150,1021,1127,7,14,11,1358,31
6151,1021,1127,1,4,4,532,30
6152,1021,1127,1,15,14,1680,25
6153,1021,1127,1,5,3,455,43
6154,1021,1127,2,16,16,2032,28
6155,1022,1127,10,6,8,1056,28
6156,1022,1127,1,9,11,1323,8
6157,1022,1127,4,15,16,1950,11
6158,1022,1127,1,20,14,1740,28
6159,1022,1127,5,3,3,471,28
6160,1022,1127,2,8,10,1272,22
6161,1023,1127,10,10,10,1220,5
6162,1023,1127,7,20,25,3100,70
6163,1023,1127,1,5,6,830,54
6164,1023,1127,3,4,3,408,28
6165,1023,1127,2,8,11,1432,68
6166,1023,1127,10,17,11,1428,40
6167,1023,1127,4,3,4,492,38
6168,1024,1127,2,8,8,1048,20
6169,1024,1127,2,5,6,750,12
6170,1024,1127,8,8,6,744,16
6171,1024,1127,2,16,16,2016,24
6172,1024,1127,3,15,12,1545,5
6173,1025,1127,1,10,13,1600,17
6174,1025,1127,1,3,3,438,55
6175,1025,1127,7,10,9,1110,28
6176,1025,1127,10,12,10,1296,51
6177,1025,1127,1,2,2,334,42
6178,1025,1127,10,19,22,2679,31
6179,1025,1127,1,4,4,484,2
6180,1025,1127,3,19,14,1786,44
6181,1026,1128,8,15,13,1605,28
6182,1026,1128,1,4,4,536,5
6183,1026,1128,6,3,4,525,2
6184,1026,1128,7,16,14,1744,27
6185,1026,1128,6,6,4,552,19
6186,1026,1128,5,13,16,1976,29
6187,1027,1128,6,14,20,2506,31
6188,1027,1128,1,1,1,125,9
6189,1027,1128,5,15,17,2130,1
6190,1027,1128,3,10,10,1240,55
6191,1027,1128,6,20,28,3460,6
6192,1028,1128,2,2,1,162,12
6193,1028,1128,1,13,18,2275,34
6194,1028,1128,2,16,20,2416,40
6195,1028,1128,1,7,10,1225,20
6196,1028,1128,6,2,1,202,39
6197,1028,1128,2,13,14,1781,26
6198,1029,1128,2,20,29,3580,14
6199,1029,1128,2,15,20,2490,23
6200,1029,1128,2,3,3,444,10
6201,1029,1128,2,14,17,2086,33
6202,1030,1128,9,5,5,685,6
6203,1030,1128,1,11,8,1012,8
6204,1030,1128,2,13,9,1131,4
6205,1030,1128,5,6,4,594,1
6206,1030,1128,1,18,24,2952,18
6207,1031,1128,1,18,26,3132,13
6208,1031,1128,6,3,4,528,44
6209,1031,1128,2,4,5,688,50
6210,1031,1128,6,8,8,1064,54
6211,1031,1128,1,18,22,2736,44
6212,1032,1128,12,13,16,2028,1
6213,1032,1128,3,17,21,2635,23
6214,1032,1128,2,16,17,2144,16
6215,1032,1128,1,2,1,164,12
6216,1032,1128,1,9,12,1521,23
6217,1032,1128,1,2,2,280,1
6218,1032,1128,3,14,12,1540,9
6219,1033,1128,9,11,8,1023,12
6220,1033,1128,1,1,1,147,24
6221,1033,1128,1,4,5,716,38
6222,1033,1128,7,20,18,2260,52
6223,1033,1128,6,12,11,1356,60
6224,1033,1128,2,20,23,2800,10
6225,1033,1128,6,12,12,1476,25
6226,1033,1128,9,20,17,2060,30
6227,1034,1128,3,4,5,672,65
6228,1034,1128,4,5,5,670,31
6229,1034,1128,6,13,10,1209,18
6230,1034,1128,7,13,19,2327,57
6231,1034,1128,5,1,1,127,47
6232,1035,1129,5,17,19,2397,37
6233,1035,1129,9,2,1,202,18
6234,1035,1129,1,10,13,1650,49
6235,1035,1129,11,10,9,1180,51
6236,1035,1129,10,6,7,858,55
6237,1036,1129,11,4,2,356,30
6238,1036,1129,3,4,5,668,20
6239,1036,1129,1,4,4,508,12
6240,1036,1129,2,8,6,752,39
6241,1036,1129,3,18,26,3132,27
6242,1036,1129,1,14,13,1582,31
6243,1037,1129,2,19,20,2451,38
6244,1037,1129,4,16,10,1312,14
6245,1037,1129,2,18,26,3222,15
6246,1037,1129,1,9,11,1341,15
6247,1037,1129,4,20,27,3240,15
6248,1037,1129,3,8,11,1344,6
6249,1038,1129,7,5,7,895,46
6250,1038,1129,11,20,15,1880,43
6251,1038,1129,6,16,11,1392,25
6252,1038,1129,2,8,7,920,5
6253,1038,1129,1,9,6,774,25
6254,1039,1129,1,15,12,1515,9
6255,1039,1129,4,9,10,1269,8
6256,1039,1129,5,1,1,91,8
6257,1039,1129,3,19,28,3382,26
6258,1040,1129,6,17,22,2686,17
6259,1040,1129,6,19,22,2679,10
6260,1040,1129,6,15,19,2385,20
6261,1040,1129,1,6,4,582,4
6262,1040,1129,4,4,3,460,18
6263,1040,1129,10,11,12,1463,12
6264,1041,1129,5,4,2,324,14
6265,1041,1129,1,7,9,1120,26
6266,1041,1129,6,11,12,1452,8
6267,1041,1129,1,14,12,1470,27
6268,1041,1129,1,20,23,2780,12
6269,1041,1129,9,15,12,1530,24
6270,1041,1129,10,14,10,1302,14
6271,1041,1129,6,20,22,2640,7
6272,1042,1129,1,7,8,1029,76
6273,1042,1129,6,19,13,1634,51
6274,1042,1129,5,6,8,1014,7
6275,1042,1129,1,7,9,1134,2
6276,1043,1129,2,6,4,564,13
6277,1043,1129,2,7,7,931,4
6278,1043,1129,8,8,5,712,16
6279,1043,1129,6,17,17,2074,9
6280,1043,1129,6,2,1,238,23
6281,1043,1129,6,2,1,222,16
6282,1043,1129,6,20,20,2500,24
6283,1044,1130,2,14,12,1540,77
6284,1044,1130,10,18,26,3186,16
6285,1044,1130,1,9,12,1557,28
6286,1044,1130,6,5,4,490,42
6287,1044,1130,8,11,8,1023,57
6288,1044,1130,8,3,3,468,24
6289,1044,1130,2,3,4,480,33
6290,1044,1130,9,14,11,1428,14
6291,1045,1130,3,2,1,190,35
6292,1045,1130,3,19,24,2964,17
6293,1045,1130,2,4,3,424,36
6294,1045,1130,2,8,6,736,21
6295,1045,1130,2,2,2,314,16
6296,1046,1130,5,11,16,1969,6
6297,1046,1130,6,14,19,2366,40
6298,1046,1130,2,19,23,2812,60
6299,1046,1130,1,9,12,1557,5
6300,1046,1130,5,20,26,3140,23
6301,1046,1130,7,15,17,2115,25
6302,1046,1130,2,3,3,399,52
6303,1047,1130,1,20,23,2800,7
6304,1047,1130,10,15,10,1245,16
6305,1047,1130,6,4,4,564,22
6306,1047,1130,2,10,6,810,23
6307,1047,1130,10,10,8,960,21
6308,1048,1130,1,20,24,2940,15
6309,1048,1130,8,2,2,264,16
6310,1048,1130,1,8,9,1080,21
6311,1048,1130,2,1,1,92,35
6312,1048,1130,1,10,9,1170,18
6313,1048,1130,1,18,17,2052,10
6314,1049,1130,2,12,8,960,10
6315,1049,1130,3,12,16,2028,3
6316,1049,1130,1,17,18,2278,3
6317,1049,1130,11,14,13,1610,1
6318,1049,1130,6,19,18,2204,4
6319,1049,1130,2,12,10,1248,18
6320,1050,1130,1,10,13,1610,5
6321,1050,1130,2,11,8,1001,22
6322,1050,1130,6,2,2,290,6
6323,1050,1130,2,3,4,495,3
6324,1050,1130,1,7,7,840,13
6325,1050,1130,2,9,7,927,19
6326,1050,1130,6,6,4,504,21
6327,1051,1130,7,14,17,2156,43
6328,1051,1130,10,14,18,2184,12
6329,1051,1130,8,19,19,2356,15
6330,1051,1130,2,13,9,1183,37
6331,1051,1130,2,3,4,480,35
6332,1051,1130,8,7,9,1099,44
6333,1051,1130,1,20,18,2180,20
6334,1052,1131,2,6,7,870,13
6335,1052,1131,2,7,6,735,20
6336,1052,1131,6,18,23,2826,15
6337,1052,1131,11,9,7,954,31
6338,1053,1131,2,20,18,2240,24
6339,1053,1131,1,14,20,2506,26
6340,1053,1131,2,10,8,1020,10
6341,1053,1131,2,18,15,1836,13
6342,1053,1131,10,5,6,750,11
6343,1053,1131,2,15,14,1710,7
6344,1053,1131,2,1,1,153,28
6345,1053,1131,2,18,24,2898,17
6346,1054,1131,10,16,21,2560,56
6347,1054,1131,1,19,21,2546,52
6348,1054,1131,10,14,13,1624,21
6349,1054,1131,1,20,15,1840,54
6350,1054,1131,10,13,13,1586,3
6351,1054,1131,2,4,5,600,34
6352,1055,1131,8,11,10,1265,3
6353,1055,1131,5,15,13,1605,15
6354,1055,1131,2,10,14,1740,12
6355,1055,1131,6,13,17,2145,7
6356,1055,1131,4,14,15,1890,8
6357,1055,1131,6,20,25,3080,5
6358,1055,1131,3,14,19,2366,2
6359,1055,1131,3,1,1,135,10
6360,1056,1131,3,3,2,270,1
6361,1056,1131,11,7,8,1029,9
6362,1056,1131,8,15,11,1395,11
6363,1056,1131,3,12,13,1596,14
6364,1056,1131,7,1,1,163,11
6365,1056,1131,1,17,18,2278,1
6366,1056,1131,6,13,15,1846,22
6367,1056,1131,2,19,27,3268,22
6368,1057,1131,11,12,15,1896,41
6369,1057,1131,11,19,23,2774,21
6370,1057,1131,1,9,9,1089,2
6371,1057,1131,6,14,15,1848,37
6372,1057,1131,8,8,9,1136,22
6373,1058,1131,10,18,20,2430,3
6374,1058,1131,3,18,23,2790,6
6375,1058,1131,10,15,11,1425,10
6376,1058,1131,11,5,5,610,2
6377,1058,1131,11,8,9,1184,11
6378,1058,1131,10,16,17,2144,6
6379,1059,1132,6,8,9,1168,42
6380,1059,1132,2,8,11,1416,48
6381,1059,1132,3,18,12,1548,43
6382,1059,1132,2,11,13,1595,23
6383,1060,1132,1,3,4,531,5
6384,1060,1132,3,19,20,2432,11
6385,1060,1132,1,20,27,3260,7
6386,1060,1132,1,10,13,1620,17
6387,1061,1132,3,17,18,2176,49
6388,1061,1132,3,7,7,903,21
6389,1061,1132,3,2,1,208,48
6390,1061,1132,3,9,8,1062,44
6391,1061,1132,2,20,18,2260,26
6392,1061,1132,4,20,21,2560,48
6393,1061,1132,7,8,7,872,7
6394,1062,1132,1,12,13,1632,22
6395,1062,1132,3,16,22,2736,24
6396,1062,1132,10,15,13,1620,4
6397,1062,1132,10,10,9,1150,12
6398,1062,1132,3,14,11,1428,22
6399,1063,1132,10,15,18,2220,21
6400,1063,1132,7,17,22,2686,32
6401,1063,1132,8,9,13,1620,32
6402,1063,1132,11,12,15,1896,18
6403,1063,1132,6,8,7,928,22
6404,1064,1132,3,15,22,2700,33
6405,1064,1132,10,1,1,176,31
6406,1064,1132,3,15,16,1995,72
6407,1064,1132,3,1,1,113,20
6408,1064,1132,1,16,17,2128,60
6409,1065,1132,3,7,6,826,3
6410,1065,1132,1,16,23,2848,7
6411,1065,1132,6,7,5,609,20
6412,1065,1132,6,2,2,324,23
6413,1065,1132,1,9,13,1566,2
6414,1065,1132,8,12,13,1560,12
6415,1065,1132,7,5,4,550,24
6416,1065,1132,2,9,9,1107,8
6417,1066,1132,2,11,9,1133,13
6418,1066,1132,10,5,5,660,28
6419,1066,1132,11,1,1,84,17
6420,1066,1132,3,19,27,3306,6
6421,1066,1132,1,8,7,952,38
6422,1066,1132,12,12,13,1596,5
6423,1066,1132,1,20,24,2880,37
6424,1067,1132,1,4,5,668,41
6425,1067,1132,4,15,22,2700,36
6426,1067,1132,3,3,2,357,40
6427,1067,1132,3,14,10,1274,66
6428,1068,1133,2,15,21,2595,75
6429,1068,1133,3,13,16,1950,19
6430,1068,1133,7,1,1,174,48
6431,1068,1133,7,12,13,1572,44
6432,1069,1133,5,20,14,1760,36
6433,1069,1133,7,8,11,1344,30
6434,1069,1133,1,6,7,918,24
6435,1069,1133,4,10,6,820,41
6436,1070,1133,6,14,11,1428,20
6437,1070,1133,1,2,2,250,9
6438,1070,1133,1,3,3,444,50
6439,1070,1133,2,10,11,1420,40
6440,1070,1133,3,8,7,856,71
6441,1071,1133,7,17,17,2091,6
6442,1071,1133,2,10,9,1180,5
6443,1071,1133,1,11,14,1727,9
6444,1071,1133,2,1,1,175,22
6445,1071,1133,1,8,12,1440,17
6446,1071,1133,3,8,8,1000,3
6447,1071,1133,5,14,15,1848,10
6448,1072,1133,1,3,2,318,47
6449,1072,1133,1,7,4,567,19
6450,1072,1133,2,12,10,1260,35
6451,1072,1133,10,14,20,2492,41
6452,1072,1133,5,3,3,372,27
6453,1072,1133,11,17,25,3043,69
6454,1073,1133,4,20,20,2420,22
6455,1073,1133,10,20,14,1740,34
6456,1073,1133,2,3,2,303,36
6457,1073,1133,11,11,11,1386,34
6458,1074,1133,2,20,17,2040,7
6459,1074,1133,5,4,5,620,8
6460,1074,1133,2,19,14,1729,18
6461,1074,1133,10,2,2,346,2
6462,1074,1133,12,18,13,1584,27
6463,1074,1133,2,13,11,1352,9
6464,1074,1133,1,20,17,2040,10
6465,1075,1133,10,19,22,2641,16
6466,1075,1133,11,2,2,310,7
6467,1075,1133,1,17,17,2040,10
6468,1075,1133,3,7,6,819,6
6469,1075,1133,12,10,14,1720,26
6470,1075,1133,1,8,6,720,22
6471,1075,1133,10,12,12,1512,13
6472,1075,1133,10,3,3,363,15
6473,1076,1133,2,15,17,2040,35
6474,1076,1133,1,4,2,344,27
6475,1076,1133,2,18,17,2124,21
6476,1076,1133,2,14,20,2436,28
6477,1076,1133,2,10,10,1210,20
6478,1076,1133,1,18,26,3132,12
6479,1077,1134,10,20,19,2280,11
6480,1077,1134,1,14,13,1666,22
6481,1077,1134,1,20,28,3460,26
6482,1077,1134,1,14,10,1302,23
6483,1077,1134,7,13,18,2184,20
6484,1077,1134,1,2,2,352,27
6485,1077,1134,10,17,22,2737,5
6486,1078,1134,3,5,5,665,33
6487,1078,1134,10,5,6,835,6
6488,1078,1134,6,16,16,2000,41
6489,1078,1134,3,13,17,2067,37
6490,1079,1134,5,9,10,1287,37
6491,1079,1134,8,3,4,525,1
6492,1079,1134,1,19,17,2071,9
6493,1079,1134,6,12,14,1716,9
6494,1080,1134,1,7,5,700,5
6495,1080,1134,1,15,14,1710,18
6496,1080,1134,2,16,23,2784,5
6497,1080,1134,2,7,8,1057,15
6498,1080,1134,10,5,6,790,12
6499,1080,1134,1,11,9,1133,29
6500,1080,1134,7,2,2,244,22
6501,1081,1134,10,17,18,2227,1
6502,1081,1134,8,2,1,232,1
6503,1081,1134,1,6,5,678,1
6504,1081,1134,3,12,11,1416,16
6505,1081,1134,2,13,18,2184,11
6506,1082,1134,10,17,24,2941,75
6507,1082,1134,4,14,15,1820,89
6508,1082,1134,2,2,1,184,50
6509,1082,1134,2,12,13,1620,18
6510,1082,1134,1,18,21,2556,68
6511,1082,1134,4,17,19,2312,49
6512,1083,1134,6,8,5,712,27
6513,1083,1134,2,2,2,266,17
6514,1083,1134,10,5,6,775,3
6515,1083,1134,10,4,5,692,25
6516,1083,1134,5,1,1,115,62
6517,1083,1134,9,9,12,1485,58
6518,1083,1134,10,3,4,528,2
6519,1083,1134,1,1,1,106,43
6520,1084,1134,8,11,15,1903,16
6521,1084,1134,5,19,18,2223,20
6522,1084,1134,1,4,3,452,30
6523,1084,1134,8,2,2,252,15
6524,1084,1134,2,5,6,755,16
6525,1084,1134,6,3,4,522,27
6526,1084,1134,3,2,2,304,22
6527,1084,1134,7,5,6,820,47
6528,1085,1134,2,17,25,3009,67
6529,1085,1134,3,17,24,2975,53
6530,1085,1134,9,11,11,1408,20
6531,1085,1134,6,6,6,762,69
6532,1085,1134,6,6,7,882,22
6533,1085,1134,7,1,1,177,15
6534,1085,1134,5,5,4,555,48
6535,1085,1134,1,14,16,2030,66
6536,1086,1134,6,14,16,1988,53
6537,1086,1134,6,17,11,1394,52
6538,1086,1134,2,18,16,1944,62
6539,1086,1134,11,9,11,1377,42
6540,1086,1134,9,16,16,1952,19
6541,1086,1134,1,12,16,1932,26
6542,1087,1135,6,11,14,1716,21
6543,1087,1135,10,20,23,2840,36
6544,1087,1135,5,15,14,1725,12
6545,1087,1135,11,3,4,510,38
6546,1087,1135,11,13,18,2171,21
6547,1087,1135,3,11,16,1947,16
6548,1088,1135,4,9,9,1098,8
6549,1088,1135,2,14,14,1750,26
6550,1088,1135,2,12,17,2148,21
6551,1088,1135,3,4,5,632,13
6552,1088,1135,3,20,22,2680,8
6553,1088,1135,10,1,1,86,19
6554,1088,1135,11,12,17,2088,17
6555,1088,1135,8,2,1,188,13
6556,1089,1135,7,11,14,1683,31
6557,1089,1135,6,5,4,510,18
6558,1089,1135,1,17,16,1955,35
6559,1089,1135,8,7,6,833,39
6560,1090,1135,5,19,25,3040,67
6561,1090,1135,7,14,19,2282,7
6562,1090,1135,11,17,11,1428,36
6563,1090,1135,1,7,6,735,39
6564,1090,1135,5,3,3,366,29
6565,1090,1135,3,8,8,1016,68
6566,1090,1135,3,16,12,1488,45
6567,1091,1135,10,12,11,1332,38
6568,1091,1135,1,13,9,1105,40
6569,1091,1135,10,16,15,1824,48
6570,1091,1135,9,13,17,2093,45
6571,1091,1135,1,5,3,430,41
6572,1091,1135,2,7,7,910,45
6573,1091,1135,10,10,13,1590,37
6574,1092,1135,7,12,13,1584,15
6575,1092,1135,7,5,6,720,12
6576,1092,1135,7,6,4,540,12
6577,1092,1135,11,7,8,1057,8
6578,1092,1135,10,16,18,2208,11
6579,1093,1136,2,14,13,1582,14
6580,1093,1136,10,12,13,1560,31
6581,1093,1136,6,9,8,1044,26
6582,1093,1136,1,18,23,2844,2
6583,1093,1136,9,11,8,990,7
6584,1094,1136,3,12,8,1056,20
6585,1094,1136,6,9,8,1062,13
6586,1094,1136,8,20,29,3580,22
6587,1094,1136,2,4,4,536,36
6588,1094,1136,6,6,7,876,32
6589,1094,1136,4,11,15,1804,74
6590,1094,1136,3,15,17,2040,56
6591,1095,1136,10,16,10,1312,24
6592,1095,1136,2,20,18,2260,42
6593,1095,1136,8,7,9,1127,54
6594,1095,1136,2,14,17,2072,31
6595,1095,1136,6,4,4,492,56
6596,1095,1136,3,19,16,1938,61
6597,1095,1136,1,1,1,154,18
6598,1095,1136,7,2,2,284,26
6599,1096,1136,2,12,15,1860,30
6600,1096,1136,3,2,2,328,4
6601,1096,1136,1,11,14,1782,17
6602,1096,1136,3,8,11,1424,19
6603,1097,1136,8,9,12,1512,35
6604,1097,1136,3,6,6,750,24
6605,1097,1136,3,17,17,2091,26
6606,1097,1136,2,8,8,984,18
6607,1098,1136,3,11,14,1793,48
6608,1098,1136,3,20,27,3300,41
6609,1098,1136,1,5,6,740,47
6610,1098,1136,11,12,15,1800,3
6611,1099,1136,7,10,11,1420,47
6612,1099,1136,10,4,5,652,53
6613,1099,1136,3,5,7,900,68
6614,1099,1136,8,9,12,1440,82
6615,1099,1136,1,7,7,924,22
6616,1099,1136,2,10,11,1360,1
6617,1099,1136,2,15,11,1395,33
6618,1100,1136,2,16,22,2640,76
6619,1100,1136,4,8,7,936,16
6620,1100,1136,5,11,14,1683,44
6621,1100,1136,12,17,24,2907,28
6622,1101,1137,1,15,10,1245,13
6623,1101,1137,6,13,9,1196,2
6624,1101,1137,1,12,15,1896,44
6625,1101,1137,1,2,2,354,7
6626,1101,1137,3,2,2,258,30
6627,1101,1137,6,9,11,1377,3
6628,1101,1137,4,14,19,2366,39
6629,1102,1137,6,13,18,2210,20
6630,1102,1137,1,12,15,1848,31
6631,1102,1137,6,19,21,2546,57
6632,1102,1137,3,8,8,1000,26
6633,1102,1137,8,16,14,1760,48
6634,1102,1137,10,12,17,2040,68
6635,1103,1137,1,5,4,485,28
6636,1103,1137,2,3,2,321,30
6637,1103,1137,8,4,5,704,25
6638,1103,1137,6,3,2,342,25
6639,1103,1137,1,15,14,1785,22
6640,1103,1137,4,10,13,1580,30
6641,1103,1137,3,8,8,960,62
6642,1104,1137,7,3,4,504,35
6643,1104,1137,5,1,1,105,86
6644,1104,1137,1,2,2,276,87
6645,1104,1137,7,12,17,2148,81
6646,1104,1137,3,12,15,1812,20
6647,1104,1137,2,1,1,145,23
6648,1104,1137,11,11,9,1133,86
6649,1105,1137,8,9,12,1530,5
6650,1105,1137,1,17,25,3009,34
6651,1105,1137,2,19,14,1767,6
6652,1105,1137,8,5,4,525,11
6653,1105,1137,1,6,6,726,11
6654,1105,1137,8,3,2,279,38
6655,1105,1137,4,18,22,2736,10
6656,1106,1137,3,11,12,1507,17
6657,1106,1137,6,9,9,1152,24
6658,1106,1137,7,6,6,762,44
6659,1106,1137,8,9,8,1044,5
6660,1106,1137,1,4,5,712,45
6661,1106,1137,5,11,8,990,14
6662,1107,1137,11,11,8,1078,8
6663,1107,1137,1,18,13,1656,28
6664,1107,1137,3,14,16,2030,39
6665,1107,1137,8,18,26,3222,36
6666,1107,1137,10,3,2,339,49
6667,1107,1137,6,6,4,498,10
6668,1107,1137,2,17,15,1887,26
6669,1107,1137,2,9,6,783,13
6670,1108,1137,5,13,8,1053,13
6671,1108,1137,1,16,23,2864,26
6672,1108,1137,10,15,17,2115,3
6673,1108,1137,7,1,1,133,31
6674,1108,1137,3,18,16,1980,30
6675,1109,1137,2,16,17,2128,31
6676,1109,1137,6,3,4,483,27
6677,1109,1137,1,4,4,572,10
6678,1109,1137,1,18,22,2646,26
6679,1109,1137,5,10,7,930,33
6680,1109,1137,2,19,17,2052,3
6681,1109,1137,2,6,6,774,20
6682,1109,1137,6,13,12,1456,28
6683,1110,1138,1,2,2,242,23
6684,1110,1138,10,8,10,1256,22
6685,1110,1138,1,9,11,1368,2
6686,1110,1138,11,16,21,2592,1
6687,1110,1138,2,5,5,615,27
6688,1110,1138,6,4,5,680,20
6689,1110,1138,3,2,1,190,18
6690,1110,1138,1,12,15,1812,19
6691,1111,1138,1,13,15,1807,1
6692,1111,1138,3,6,4,570,22
6693,1111,1138,10,3,3,468,16
6694,1111,1138,6,13,18,2249,9
6695,1111,1138,8,11,9,1111,26
6696,1111,1138,8,5,4,510,8
6697,1111,1138,3,1,1,150,33
6698,1111,1138,3,9,10,1305,1
6699,1112,1138,5,17,16,2006,13
6700,1112,1138,6,20,26,3220,6
6701,1112,1138,1,12,13,1644,16
6702,1112,1138,10,11,8,990,31
6703,1112,1138,2,9,9,1152,37
6704,1112,1138,1,12,9,1140,2
6705,1113,1138,2,3,2,297,35
6706,1113,1138,2,3,3,459,22
6707,1113,1138,2,19,26,3230,31
6708,1113,1138,5,1,1,108,22
6709,1114,1138,10,3,3,426,4
6710,1114,1138,1,12,13,1584,65
6711,1114,1138,3,2,2,306,39
6712,1114,1138,1,9,12,1521,49
6713,1114,1138,1,3,3,390,33
6714,1114,1138,5,8,11,1416,72
6715,1114,1138,6,7,6,770,58
6716,1115,1138,7,15,22,2655,52
6717,1115,1138,3,14,10,1218,2
6718,1115,1138,2,8,7,952,42
6719,1115,1138,10,19,27,3249,59
6720,1116,1138,7,2,1,218,15
6721,1116,1138,1,19,21,2527,29
6722,1116,1138,2,16,15,1808,22
6723,1116,1138,1,1,1,118,35
6724,1116,1138,2,18,12,1530,38
6725,1116,1138,2,15,21,2580,14
6726,1116,1138,10,18,13,1638,23
6727,1117,1138,1,2,2,276,12
6728,1117,1138,8,10,11,1410,14
6729,1117,1138,9,4,3,372,2
6730,1117,1138,3,19,22,2660,13
6731,1117,1138,2,15,15,1890,10
6732,1117,1138,6,12,13,1596,11
6733,1118,1138,8,5,4,505,25
6734,1118,1138,6,7,6,819,33
6735,1118,1138,2,1,1,177,14
6736,1118,1138,6,20,24,2880,17
6737,1118,1138,11,13,15,1911,23
6738,1118,1138,7,1,1,135,25
6739,1118,1138,7,20,17,2060,27
6740,1118,1138,1,17,13,1632,27
6741,1119,1139,10,15,17,2040,12
6742,1119,1139,3,7,8,1064,19
6743,1119,1139,10,14,11,1372,13
6744,1119,1139,2,15,19,2325,6
6745,1119,1139,10,15,11,1320,3
6746,1119,1139,1,15,22,2655,8
6747,1119,1139,11,4,3,384,18
6748,1120,1139,6,2,2,264,22
6749,1120,1139,2,6,5,654,25
6750,1120,1139,6,8,5,688,19
6751,1120,1139,1,19,17,2071,33
6752,1120,1139,2,1,1,180,52
6753,1121,1139,11,9,12,1530,8
6754,1121,1139,6,1,1,131,12
6755,1121,1139,6,7,7,861,15
6756,1121,1139,5,13,13,1573,5
6757,1121,1139,6,3,2,291,17
6758,1121,1139,2,16,22,2736,2
6759,1121,1139,1,13,12,1469,9
6760,1121,1139,5,18,18,2214,10
6761,1122,1139,1,19,25,3040,67
6762,1122,1139,8,9,7,909,47
6763,1122,1139,2,10,8,980,68
6764,1122,1139,8,11,10,1221,57
6765,1122,1139,3,10,8,960,47
6766,1123,1139,10,14,17,2100,17
6767,1123,1139,6,15,18,2235,13
6768,1123,1139,1,6,4,510,8
6769,1123,1139,7,5,4,505,4
6770,1123,1139,2,3,3,423,2
6771,1123,1139,10,3,3,477,11
6772,1123,1139,5,14,12,1484,5
6773,1123,1139,5,16,20,2432,17
6774,1124,1139,4,3,2,336,21
6775,1124,1139,8,19,19,2394,53
6776,1124,1139,1,4,4,560,74
6777,1124,1139,3,10,7,940,55
6778,1124,1139,1,7,10,1239,24
6779,1124,1139,5,17,11,1360,61
6780,1124,1139,1,11,8,990,6
6781,1124,1139,1,16,15,1904,44
6782,1125,1139,1,6,8,1038,23
6783,1125,1139,6,1,1,90,24
6784,1125,1139,10,12,11,1416,12
6785,1125,1139,10,3,3,390,9
6786,1126,1139,6,3,2,261,35
6787,1126,1139,3,5,5,695,41
6788,1126,1139,6,1,1,179,13
6789,1126,1139,2,13,18,2171,74
6790,1126,1139,3,9,7,909,7
6791,1127,1139,5,11,10,1287,25
6792,1127,1139,1,19,20,2413,65
6793,1127,1139,11,5,4,550,28
6794,1127,1139,3,1,1,134,7
6795,1127,1139,8,9,9,1098,58
6796,1127,1139,11,5,4,545,18
6797,1127,1139,3,3,2,342,44
6798,1128,1139,1,12,8,1020,24
6799,1128,1139,1,14,16,2002,20
6800,1128,1139,11,16,22,2640,5
6801,1128,1139,1,5,5,620,3
6802,1128,1139,6,2,1,190,18
6803,1128,1139,1,12,9,1152,8
6804,1128,1139,2,5,6,760,15
6805,1129,1140,7,19,19,2337,33
6806,1129,1140,1,4,4,492,35
6807,1129,1140,11,12,12,1452,8
6808,1129,1140,1,7,9,1099,42
6809,1129,1140,3,10,13,1560,11
6810,1130,1140,2,4,3,476,24
6811,1130,1140,2,15,13,1650,53
6812,1130,1140,1,5,5,620,11
6813,1130,1140,4,18,16,1980,9
6814,1130,1140,1,19,22,2660,58
6815,1130,1140,2,14,19,2380,60
6816,1130,1140,3,9,8,1062,25
6817,1131,1140,10,20,23,2780,34
6818,1131,1140,4,20,21,2560,24
6819,1131,1140,3,11,12,1441,49
6820,1131,1140,7,10,9,1080,34
6821,1131,1140,10,2,1,200,40
6822,1131,1140,10,2,2,354,52
6823,1132,1140,6,5,4,585,31
6824,1132,1140,6,14,10,1204,41
6825,1132,1140,1,2,2,304,19
6826,1132,1140,1,3,3,399,45
6827,1133,1140,3,10,8,1010,52
6828,1133,1140,2,5,4,480,47
6829,1133,1140,2,5,3,420,29
6830,1133,1140,3,20,18,2180,7
6831,1133,1140,6,3,4,513,35
6832,1133,1140,10,2,1,184,43
6833,1133,1140,1,8,6,744,15
6834,1134,1140,3,3,2,339,63
6835,1134,1140,11,11,12,1463,2
6836,1134,1140,10,3,3,438,35
6837,1134,1140,1,20,18,2160,28
6838,1134,1140,11,20,24,2940,35
6839,1135,1141,6,8,11,1416,42
6840,1135,1141,7,20,22,2660,44
6841,1135,1141,3,16,24,2880,31
6842,1135,1141,8,3,3,375,16
6843,1135,1141,10,1,1,101,11
6844,1136,1141,3,8,8,1048,21
6845,1136,1141,1,7,5,686,2
6846,1136,1141,6,2,2,270,20
6847,1136,1141,9,14,10,1232,20
6848,1136,1141,2,15,18,2160,32
6849,1136,1141,2,11,11,1320,17
6850,1137,1141,1,8,6,760,13
6851,1137,1141,6,20,16,1960,2
6852,1137,1141,7,15,15,1890,9
6853,1137,1141,10,8,10,1272,7
6854,1137,1141,2,8,11,1336,19
6855,1137,1141,3,1,1,115,11
6856,1138,1141,10,12,10,1224,33
6857,1138,1141,3,8,8,976,30
6858,1138,1141,1,17,13,1564,15
6859,1138,1141,2,16,14,1744,18
6860,1138,1141,2,7,5,602,12
6861,1138,1141,11,14,13,1666,7
6862,1138,1141,10,5,4,585,31
6863,1138,1141,10,1,1,161,37
6864,1139,1141,1,8,7,872,23
6865,1139,1141,1,3,3,393,4
6866,1139,1141,1,5,5,605,7
6867,1139,1141,8,16,22,2720,6
6868,1139,1141,2,12,12,1452,35
6869,1139,1141,10,2,2,310,62
6870,1139,1141,11,2,1,228,10
6871,1140,1141,2,3,3,465,40
6872,1140,1141,1,12,9,1092,9
6873,1140,1141,2,17,11,1428,32
6874,1140,1141,7,3,3,465,6
6875,1140,1141,10,12,8,984,23
6876,1140,1141,7,8,11,1384,45
6877,1140,1141,2,9,13,1593,5
6878,1141,1141,6,11,11,1375,64
6879,1141,1141,11,13,14,1755,30
6880,1141,1141,1,17,22,2720,17
6881,1141,1141,11,14,12,1554,3
6882,1141,1141,9,14,11,1330,53
6883,1141,1141,1,3,4,495,69
6884,1142,1141,2,5,3,405,56
6885,1142,1141,8,15,16,2025,61
6886,1142,1141,1,2,1,234,10
6887,1142,1141,1,20,25,3020,43
6888,1142,1141,2,12,16,1980,42
6889,1142,1141,3,15,17,2070,57
6890,1142,1141,1,7,9,1169,14
6891,1143,1141,1,19,13,1596,14
6892,1143,1141,1,10,14,1770,54
6893,1143,1141,7,2,2,346,28
6894,1143,1141,6,16,19,2320,68
6895,1143,1141,4,4,4,592,27
6896,1143,1141,1,13,17,2132,15
6897,1143,1141,2,8,10,1208,67
6898,1143,1141,1,17,19,2380,69
6899,1144,1142,10,20,14,1700,45
6900,1144,1142,6,19,20,2432,43
6901,1144,1142,12,18,22,2664,21
6902,1144,1142,2,6,7,882,5
6903,1144,1142,1,5,7,855,63
6904,1144,1142,1,1,1,172,82
6905,1145,1142,3,7,8,966,7
6906,1145,1142,2,10,6,820,15
6907,1145,1142,4,1,1,148,8
6908,1145,1142,1,13,17,2041,15
6909,1145,1142,11,17,25,3009,20
6910,1145,1142,6,19,20,2413,4
6911,1146,1142,6,7,7,924,30
6912,1146,1142,10,9,9,1161,31
6913,1146,1142,2,2,2,270,25
6914,1146,1142,5,14,15,1918,24
6915,1146,1142,1,18,18,2214,32
6916,1146,1142,10,3,3,402,20
6917,1147,1142,6,12,13,1572,27
6918,1147,1142,12,8,11,1408,12
6919,1147,1142,4,15,13,1590,19
6920,1147,1142,1,2,1,194,45
6921,1147,1142,5,12,13,1608,43
6922,1147,1142,7,7,6,770,61
6923,1148,1142,1,7,5,644,49
6924,1148,1142,4,18,21,2538,14
6925,1148,1142,6,6,6,798,14
6926,1148,1142,2,18,21,2538,20
6927,1148,1142,1,4,3,392,34
6928,1149,1142,11,10,10,1230,11
6929,1149,1142,1,2,2,246,10
6930,1149,1142,6,2,2,288,2
6931,1149,1142,6,19,23,2850,7
6932,1149,1142,5,16,17,2096,21
6933,1149,1142,3,17,20,2465,16
6934,1150,1142,3,1,1,105,52
6935,1150,1142,8,10,9,1110,34
6936,1150,1142,1,2,1,166,2
6937,1150,1142,6,10,9,1080,21
6938,1151,1142,11,16,22,2688,46
6939,1151,1142,2,15,19,2280,37
6940,1151,1142,11,14,14,1680,18
6941,1151,1142,3,13,10,1287,33
6942,1151,1142,6,7,7,875,7
6943,1152,1143,2,15,22,2685,21
6944,1152,1143,6,2,1,160,11
6945,1152,1143,1,2,1,192,15
6946,1152,1143,10,10,7,840,24
6947,1152,1143,2,15,17,2055,55
6948,1153,1143,1,12,14,1752,19
6949,1153,1143,7,9,6,837,17
6950,1153,1143,10,6,8,1068,28
6951,1153,1143,4,1,1,123,3
6952,1153,1143,3,14,9,1190,23
6953,1153,1143,5,4,3,412,7
6954,1154,1143,5,9,10,1278,21
6955,1154,1143,6,19,23,2869,13
6956,1154,1143,8,14,10,1260,11
6957,1154,1143,1,13,17,2054,11
6958,1154,1143,9,10,9,1180,10
6959,1154,1143,1,5,4,500,26
6960,1154,1143,11,18,14,1782,9
6961,1154,1143,5,13,11,1352,24
6962,1155,1143,3,10,10,1260,3
6963,1155,1143,2,3,2,282,35
6964,1155,1143,1,5,5,640,44
6965,1155,1143,2,19,15,1805,17
6966,1155,1143,8,20,29,3540,16
6967,1156,1143,2,1,1,113,59
6968,1156,1143,10,3,3,432,73
6969,1156,1143,9,4,3,372,75
6970,1156,1143,8,20,16,1920,41
6971,1157,1143,1,10,14,1720,32
6972,1157,1143,3,18,24,2970,50
6973,1157,1143,1,3,2,255,15
6974,1157,1143,2,9,6,819,13
6975,1157,1143,7,17,13,1581,8
6976,1157,1143,10,18,24,2898,7
6977,1157,1143,2,11,8,990,45
6978,1157,1143,7,6,6,720,41
6979,1158,1143,2,15,10,1260,65
6980,1158,1143,2,1,1,153,36
6981,1158,1143,8,13,14,1794,13
6982,1158,1143,2,17,19,2346,68
6983,1159,1143,1,12,17,2124,13
6984,1159,1143,2,16,12,1536,5
6985,1159,1143,3,16,20,2496,9
6986,1159,1143,8,15,21,2580,9
6987,1159,1143,1,7,7,959,9
6988,1160,1143,3,20,18,2180,32
6989,1160,1143,6,8,8,1040,79
6990,1160,1143,2,6,8,960,52
6991,1160,1143,11,3,2,240,50
6992,1160,1143,1,6,6,804,58
6993,1160,1143,2,3,4,507,83
6994,1160,1143,5,12,14,1704,51
6995,1160,1143,2,2,1,180,4
6996,1161,1143,2,4,3,404,42
6997,1161,1143,2,2,2,258,37
6998,1161,1143,1,9,10,1224,38
6999,1161,1143,11,13,15,1807,39
7000,1161,1143,10,13,19,2327,35
7001,1161,1143,4,17,12,1496,60
7002,1162,1144,1,2,2,276,30
7003,1162,1144,1,3,3,408,32
7004,1162,1144,11,8,10,1304,31
7005,1162,1144,2,10,13,1560,13
7006,1163,1144,5,4,2,356,29
7007,1163,1144,1,14,10,1204,3
7008,1163,1144,2,1,1,101,6
7009,1163,1144,2,10,7,910,23
7010,1163,1144,2,19,21,2546,29
7011,1163,1144,2,8,7,872,34
7012,1163,1144,2,19,27,3287,27
7013,1164,1144,2,4,4,564,50
7014,1164,1144,6,7,10,1211,15
7015,1164,1144,2,1,1,176,4
7016,1164,1144,2,19,24,2926,12
7017,1164,1144,2,13,13,1612,14
7018,1165,1144,11,20,23,2820,59
7019,1165,1144,2,15,13,1605,39
7020,1165,1144,7,5,4,570,64
7021,1165,1144,7,5,4,525,45
7022,1166,1144,11,8,10,1272,20
7023,1166,1144,10,13,16,1950,59
7024,1166,1144,6,9,12,1521,11
7025,1166,1144,12,8,7,920,74
7026,1166,1144,1,4,5,708,62
7027,1166,1144,10,13,14,1768,5
7028,1167,1144,5,4,4,564,14
7029,1167,1144,2,11,12,1529,10
7030,1167,1144,1,4,4,516,3
7031,1167,1144,2,13,18,2197,13
7032,1167,1144,6,20,17,2080,15
7033,1167,1144,10,9,9,1170,5
7034,1168,1145,3,4,3,468,85
7035,1168,1145,11,11,11,1386,63
7036,1168,1145,1,8,10,1248,31
7037,1168,1145,2,5,5,700,90
7038,1168,1145,9,4,5,688,70
7039,1168,1145,11,13,18,2275,75
7040,1168,1145,11,12,12,1452,17
7041,1168,1145,6,2,2,244,4
7042,1169,1145,1,3,4,540,8
7043,1169,1145,6,2,1,180,21
7044,1169,1145,3,14,10,1246,30
7045,1169,1145,1,9,13,1620,17
7046,1170,1145,10,8,5,640,7
7047,1170,1145,6,18,21,2610,18
7048,1170,1145,6,7,8,1029,39
7049,1170,1145,6,13,16,1989,80
7050,1170,1145,1,18,19,2358,62
7051,1171,1145,1,9,12,1485,17
7052,1171,1145,5,16,22,2656,30
7053,1171,1145,10,8,10,1280,27
7054,1171,1145,10,12,12,1440,27
7055,1171,1145,1,5,4,480,5
7056,1172,1145,10,1,1,132,28
7057,1172,1145,7,17,24,2941,51
7058,1172,1145,9,4,4,564,50
7059,1172,1145,1,8,5,664,20
7060,1172,1145,1,9,13,1593,15
7061,1173,1145,3,7,7,840,9
7062,1173,1145,3,15,16,2025,36
7063,1173,1145,1,8,6,784,29
7064,1173,1145,8,3,4,513,30
7065,1173,1145,6,11,8,1067,69
7066,1174,1145,1,20,18,2200,60
7067,1174,1145,6,20,26,3180,42
7068,1174,1145,10,6,5,618,41
7069,1174,1145,1,20,22,2660,33
7070,1175,1145,2,8,11,1400,41
7071,1175,1145,3,18,20,2430,33
7072,1175,1145,1,4,2,356,20
7073,1175,1145,8,8,7,864,3
7074,1175,1145,3,1,1,157,46
7075,1175,1145,5,11,13,1661,32
7076,1175,1145,3,11,11,1320,45
7077,1175,1145,2,2,2,356,41
7078,1176,1145,8,17,19,2397,7
7079,1176,1145,1,12,15,1836,13
7080,1176,1145,6,1,1,171,35
7081,1176,1145,11,8,9,1112,22
7082,1176,1145,1,6,8,1032,51
7083,1177,1146,1,17,16,2006,3
7084,1177,1146,5,1,1,102,11
7085,1177,1146,2,20,25,3100,16
7086,1177,1146,3,8,11,1376,15
7087,1177,1146,11,19,16,1995,12
7088,1178,1146,1,5,4,560,58
7089,1178,1146,2,3,2,267,9
7090,1178,1146,3,7,7,910,59
7091,1178,1146,1,17,18,2278,19
7092,1178,1146,11,13,17,2119,60
7093,1178,1146,10,4,3,372,21
7094,1179,1146,1,1,1,81,70
7095,1179,1146,1,13,12,1443,5
7096,1179,1146,7,17,23,2873,19
7097,1179,1146,6,6,8,960,33
7098,1179,1146,12,18,14,1746,66
7099,1180,1146,1,16,22,2672,34
7100,1180,1146,5,3,2,303,41
7101,1180,1146,3,14,14,1750,19
7102,1180,1146,5,5,4,515,1
7103,1181,1146,6,1,1,150,19
7104,1181,1146,1,16,14,1792,5
7105,1181,1146,3,6,7,852,28
7106,1181,1146,7,7,9,1120,26
7107,1182,1146,7,11,11,1375,11
7108,1182,1146,1,1,1,82,12
7109,1182,1146,10,2,2,290,4
7110,1182,1146,6,18,26,3204,9
7111,1182,1146,7,5,5,670,6
7112,1182,1146,1,2,1,162,7
7113,1182,1146,3,15,12,1455,5
7114,1182,1146,2,2,1,198,21
7115,1183,1146,6,5,6,805,18
7116,1183,1146,1,15,15,1830,14
7117,1183,1146,6,14,20,2492,37
7118,1183,1146,1,18,12,1494,39
7119,1183,1146,1,14,19,2380,26
7120,1184,1146,6,18,21,2520,24
7121,1184,1146,6,1,1,111,7
7122,1184,1146,10,9,9,1143,9
7123,1184,1146,10,3,2,246,13
7124,1184,1146,1,13,12,1469,19
7125,1184,1146,3,1,1,167,18
7126,1184,1146,2,11,13,1650,1
7127,1185,1146,4,10,8,980,38
7128,1185,1146,10,6,7,876,1
7129,1185,1146,6,10,7,920,8
7130,1185,1146,2,11,7,902,42
7131,1186,1147,11,14,10,1288,25
7132,1186,1147,1,6,8,1020,43
7133,1186,1147,2,8,11,1352,21
7134,1186,1147,1,18,12,1548,42
7135,1186,1147,4,18,15,1872,59
7136,1186,1147,6,10,9,1100,45
7137,1186,1147,10,2,2,338,40
7138,1186,1147,4,13,11,1326,44
7139,1187,1147,1,4,3,364,8
7140,1187,1147,10,6,6,726,21
7141,1187,1147,4,14,12,1442,30
7142,1187,1147,3,18,22,2700,35
7143,1187,1147,1,2,1,216,6
7144,1187,1147,11,9,11,1332,38
7145,1188,1147,10,12,14,1776,33
7146,1188,1147,1,19,22,2660,8
7147,1188,1147,9,14,10,1232,20
7148,1188,1147,9,5,4,510,39
7149,1188,1147,12,8,8,1016,45
7150,1188,1147,2,10,13,1640,24
7151,1189,1147,7,12,15,1824,27
7152,1189,1147,3,15,17,2145,6
7153,1189,1147,1,7,10,1260,29
7154,1189,1147,12,18,16,1944,2
7155,1189,1147,7,11,12,1529,27
7156,1189,1147,11,15,14,1680,21
7157,1190,1147,1,19,19,2375,17
7158,1190,1147,5,2,2,352,4
7159,1190,1147,10,6,5,618,4
7160,1190,1147,8,7,7,896,23
7161,1190,1147,5,13,9,1131,1
7162,1190,1147,10,7,6,798,15
7163,1190,1147,3,3,2,288,22
7164,1191,1147,6,8,5,640,88
7165,1191,1147,11,16,15,1840,50
7166,1191,1147,10,4,5,700,32
7167,1191,1147,7,19,24,2983,82
7168,1191,1147,3,20,16,1920,60
7169,1191,1147,1,11,15,1859,51
7170,1191,1147,10,8,7,856,67
7171,1191,1147,6,18,21,2628,87
7172,1192,1147,7,18,23,2844,33
7173,1192,1147,3,4,4,596,17
7174,1192,1147,8,19,22,2641,26
7175,1192,1147,7,2,2,342,1
7176,1192,1147,6,16,14,1760,32
7177,1192,1147,6,20,25,3080,20
7178,1193,1147,6,9,8,1071,18
7179,1193,1147,1,2,2,274,26
7180,1193,1147,6,6,8,1050,28
7181,1193,1147,1,11,10,1276,42
7182,1193,1147,2,15,15,1875,37
7183,1193,1147,1,13,8,1079,47
7184,1193,1147,2,11,14,1694,42
7185,1194,1147,4,19,27,3306,7
7186,1194,1147,3,20,28,3400,74
7187,1194,1147,11,12,14,1728,41
7188,1194,1147,3,8,11,1328,64
7189,1194,1147,2,18,13,1602,49
7190,1194,1147,3,10,8,1070,40
7191,1194,1147,6,16,22,2688,27
7192,1194,1147,1,15,20,2445,13
7193,1195,1147,1,7,7,840,4
7194,1195,1147,6,1,1,142,66
7195,1195,1147,5,13,16,2002,21
7196,1195,1147,1,7,9,1197,65
7197,1195,1147,2,1,1,110,25
7198,1195,1147,3,19,24,2983,44
7199,1195,1147,1,18,18,2196,6
7200,1196,1148,2,6,6,828,8
7201,1196,1148,2,11,8,1045,10
7202,1196,1148,6,5,4,565,20
7203,1196,1148,6,7,5,679,5
7204,1196,1148,2,16,18,2272,3
7205,1196,1148,2,20,20,2440,2
7206,1196,1148,6,12,12,1440,12
7207,1197,1148,1,14,10,1316,61
7208,1197,1148,2,7,7,931,40
7209,1197,1148,2,12,15,1824,36
7210,1197,1148,8,13,10,1222,21
7211,1197,1148,1,19,17,2109,12
7212,1198,1148,9,11,7,913,29
7213,1198,1148,7,4,3,396,11
7214,1198,1148,10,18,24,2934,16
7215,1198,1148,6,1,1,126,25
7216,1199,1148,6,8,11,1320,1
7217,1199,1148,10,12,12,1524,21
7218,1199,1148,8,11,14,1694,22
7219,1199,1148,1,14,12,1498,46
7220,1199,1148,2,1,1,143,32
7221,1199,1148,4,18,23,2826,44
7222,1199,1148,2,7,6,763,42
7223,1199,1148,1,14,12,1456,37
7224,1200,1148,1,17,14,1734,8
7225,1200,1148,3,13,18,2236,22
7226,1200,1148,11,5,5,670,19
7227,1200,1148,1,6,4,594,2
7228,1200,1148,5,12,12,1476,22
7229,1200,1148,1,4,4,552,20
7230,1200,1148,1,15,10,1245,3
7231,1201,1148,1,19,16,2014,9
7232,1201,1148,2,2,2,276,14
7233,1201,1148,6,6,4,564,13
7234,1201,1148,1,3,3,450,21
7235,1202,1148,6,3,4,522,39
7236,1202,1148,1,13,19,2340,42
7237,1202,1148,6,4,2,320,22
7238,1202,1148,2,16,12,1440,11
7239,1202,1148,1,14,9,1190,4
7240,1203,1149,6,15,21,2625,18
7241,1203,1149,1,2,2,240,19
7242,1203,1149,6,11,13,1562,29
7243,1203,1149,8,18,14,1764,4
7244,1203,1149,3,5,4,500,2
7245,1204,1149,5,10,9,1130,27
7246,1204,1149,7,12,14,1728,21
7247,1204,1149,1,9,10,1278,27
7248,1204,1149,1,19,21,2527,2
7249,1204,1149,6,9,10,1224,10
7250,1204,1149,6,9,9,1107,12
7251,1204,1149,2,7,7,959,36
7252,1204,1149,3,9,10,1260,32
7253,1205,1149,3,20,19,2280,54
7254,1205,1149,2,15,17,2070,7
7255,1205,1149,12,3,2,294,79
7256,1205,1149,4,20,23,2760,20
7257,1206,1149,5,20,16,1940,33
7258,1206,1149,8,5,5,655,44
7259,1206,1149,7,13,12,1456,8
7260,1206,1149,3,1,1,123,13
7261,1206,1149,10,3,4,486,34
7262,1206,1149,10,2,2,244,25
7263,1206,1149,7,13,16,1937,33
7264,1207,1149,2,16,20,2448,24
7265,1207,1149,6,5,5,695,38
7266,1207,1149,5,4,3,408,17
7267,1207,1149,1,12,11,1320,24
7268,1207,1149,6,9,6,810,26
7269,1207,1149,8,3,3,459,39
7270,1207,1149,1,20,25,3020,17
7271,1208,1149,1,4,4,560,1
7272,1208,1149,6,13,15,1846,4
7273,1208,1149,2,2,2,282,15
7274,1208,1149,6,2,2,280,10
7275,1208,1149,1,8,7,864,14
7276,1208,1149,11,19,20,2413,15
7277,1208,1149,6,15,21,2535,5
7278,1209,1149,6,11,8,968,6
7279,1209,1149,1,19,12,1520,4
7280,1209,1149,6,2,1,186,32
7281,1209,1149,5,12,8,996,47
7282,1210,1149,1,10,12,1520,16
7283,1210,1149,1,8,11,1360,6
7284,1210,1149,1,1,1,166,6
7285,1210,1149,6,16,16,2016,16
7286,1211,1149,6,20,22,2680,42
7287,1211,1149,6,15,21,2625,40
7288,1211,1149,2,6,6,744,20
7289,1211,1149,2,20,29,3540,34
7290,1211,1149,6,6,4,522,37
7291,1211,1149,1,10,7,940,45
7292,1212,1149,1,12,9,1092,13
7293,1212,1149,2,20,29,3560,15
7294,1212,1149,10,14,20,2464,26
7295,1212,1149,7,20,22,2740,25
7296,1212,1149,5,13,19,2314,1
7297,1212,1149,9,11,11,1353,32
7298,1213,1150,6,12,14,1752,39
7299,1213,1150,6,13,15,1898,66
7300,1213,1150,1,9,11,1395,5
7301,1213,1150,4,7,7,861,65
7302,1213,1150,3,10,14,1740,6
7303,1213,1150,6,15,14,1680,34
7304,1213,1150,2,19,25,3021,72
7305,1213,1150,3,6,5,678,48
7306,1214,1150,11,19,14,1767,7
7307,1214,1150,10,3,4,504,4
7308,1214,1150,10,17,17,2159,45
7309,1214,1150,10,18,16,2016,27
7310,1214,1150,6,17,22,2686,36
7311,1215,1150,8,3,2,333,23
7312,1215,1150,9,14,11,1330,33
7313,1215,1150,6,2,2,328,30
7314,1215,1150,7,7,9,1141,18
7315,1215,1150,6,18,12,1458,49
7316,1216,1150,2,12,15,1896,32
7317,1216,1150,6,5,3,405,22
7318,1216,1150,10,10,12,1490,11
7319,1216,1150,9,17,19,2397,7
7320,1216,1150,7,5,3,440,19
7321,1216,1150,3,9,11,1413,18
7322,1216,1150,3,13,8,1040,19
7323,1217,1150,11,16,22,2752,71
7324,1217,1150,10,16,13,1648,11
7325,1217,1150,2,3,3,414,24
7326,1217,1150,4,18,12,1548,35
7327,1217,1150,2,5,6,795,24
7328,1217,1150,3,14,18,2226,65
7329,1217,1150,5,20,23,2760,76
7330,1218,1150,2,9,9,1098,66
7331,1218,1150,2,15,22,2655,38
7332,1218,1150,11,8,7,920,1
7333,1218,1150,1,20,16,1940,75
7334,1218,1150,12,7,7,931,1
7335,1218,1150,6,20,22,2700,24
7336,1218,1150,6,11,15,1804,9
7337,1219,1151,4,1,1,94,10
7338,1219,1151,9,17,16,1972,19
7339,1219,1151,3,8,8,1072,47
7340,1219,1151,8,12,13,1584,8
7341,1219,1151,10,3,3,378,27
7342,1220,1151,7,8,5,696,60
7343,1220,1151,1,14,14,1708,33
7344,1220,1151,5,11,9,1199,14
7345,1220,1151,2,5,7,850,17
7346,1220,1151,3,10,9,1100,32
7347,1221,1151,8,16,11,1408,35
7348,1221,1151,3,6,5,696,20
7349,1221,1151,3,12,13,1596,13
7350,1221,1151,10,4,3,384,41
7351,1221,1151,1,18,25,3042,1
7352,1222,1151,10,18,26,3186,7
7353,1222,1151,10,14,10,1246,41
7354,1222,1151,7,10,10,1240,80
7355,1222,1151,10,11,13,1595,52
7356,1222,1151,2,12,13,1620,42
7357,1222,1151,7,10,7,900,67
7358,1222,1151,10,6,8,960,71
7359,1222,1151,6,6,6,738,18
7360,1223,1151,7,13,14,1755,3
7361,1223,1151,10,11,14,1738,18
7362,1223,1151,2,20,24,2940,20
7363,1223,1151,1,17,14,1700,35
7364,1223,1151,12,15,10,1260,22
7365,1223,1151,1,8,6,720,15
7366,1223,1151,9,6,7,948,35
7367,1223,1151,5,15,11,1365,11
7368,1224,1151,10,13,15,1898,28
7369,1224,1151,11,5,7,900,29
7370,1224,1151,10,16,19,2384,25
7371,1224,1151,1,18,25,3042,22
7372,1224,1151,1,5,6,735,30
7373,1225,1151,1,17,19,2397,29
7374,1225,1151,5,9,10,1224,63
7375,1225,1151,1,1,1,132,12
7376,1225,1151,6,8,7,864,18
7377,1225,1151,6,12,17,2112,49
7378,1226,1151,2,14,11,1428,13
7379,1226,1151,11,5,5,685,32
7380,1226,1151,6,2,1,174,17
7381,1226,1151,2,11,13,1617,23
7382,1226,1151,7,16,14,1712,4
7383,1227,1151,7,5,4,505,18
7384,1227,1151,2,15,10,1230,10
7385,1227,1151,7,9,6,765,25
7386,1227,1151,7,5,5,610,11
7387,1227,1151,2,14,17,2044,20
7388,1228,1151,10,15,20,2445,3
7389,1228,1151,2,4,4,532,31
7390,1228,1151,11,18,13,1584,24
7391,1228,1151,8,14,18,2254,19
7392,1228,1151,3,15,13,1635,34
7393,1228,1151,3,11,11,1408,39
7394,1228,1151,1,9,10,1305,43
7395,1229,1152,1,6,7,954,10
7396,1229,1152,11,6,5,696,70
7397,1229,1152,6,12,14,1776,60
7398,1229,1152,10,15,10,1245,2
7399,1229,1152,6,14,11,1400,31
7400,1230,1152,9,9,7,900,27
7401,1230,1152,2,16,17,2112,2
7402,1230,1152,6,20,20,2420,14
7403,1230,1152,1,5,7,855,4
7404,1230,1152,2,8,10,1224,33
7405,1230,1152,1,4,3,440,47
7406,1230,1152,10,16,12,1456,25
7407,1230,1152,1,8,7,888,23
7408,1231,1152,2,18,26,3222,10
7409,1231,1152,1,1,1,94,47
7410,1231,1152,8,7,8,966,36
7411,1231,1152,9,7,7,847,52
7412,1232,1152,4,17,25,3026,15
7413,1232,1152,1,11,11,1408,12
7414,1232,1152,6,20,21,2540,15
7415,1232,1152,7,19,26,3135,10
7416,1232,1152,2,16,16,1968,11
7417,1232,1152,6,12,12,1524,1
7418,1232,1152,10,11,14,1793,8
7419,1233,1152,7,3,3,408,15
7420,1233,1152,2,12,11,1392,10
7421,1233,1152,5,20,20,2480,21
7422,1233,1152,6,5,7,870,47
7423,1233,1152,1,2,2,276,21
7424,1233,1152,8,3,3,390,41
7425,1233,1152,1,3,3,474,24
7426,1233,1152,1,12,14,1704,38
7427,1234,1152,1,7,4,595,51
7428,1234,1152,8,5,5,700,41
7429,1234,1152,2,20,18,2260,30
7430,1234,1152,1,17,24,2941,50
7431,1234,1152,5,10,7,870,13
7432,1235,1152,1,3,4,540,11
7433,1235,1152,7,10,9,1160,1
7434,1235,1152,7,6,7,924,13
7435,1235,1152,12,14,12,1526,19
7436,1235,1152,6,1,1,153,17
7437,1236,1152,9,2,2,252,11
7438,1236,1152,2,19,19,2280,37
7439,1236,1152,1,1,1,116,31
7440,1236,1152,6,9,6,819,9
7441,1237,1153,3,3,3,450,6
7442,1237,1153,11,4,3,424,20
7443,1237,1153,7,8,7,904,33
7444,1237,1153,7,16,11,1408,13
7445,1237,1153,1,20,22,2700,12
7446,1237,1153,10,14,17,2086,27
7447,1238,1153,2,5,3,470,8
7448,1238,1153,1,6,7,954,6
7449,1238,1153,10,7,8,1008,6
7450,1238,1153,12,2,1,182,19
7451,1238,1153,6,10,12,1510,3
7452,1239,1153,5,17,24,2907,9
7453,1239,1153,6,14,13,1652,47
7454,1239,1153,1,4,5,612,14
7455,1239,1153,6,19,13,1596,66
7456,1240,1153,1,13,16,1963,23
7457,1240,1153,1,15,12,1485,8
7458,1240,1153,7,13,15,1846,2
7459,1240,1153,12,3,3,423,3
7460,1240,1153,1,7,9,1176,18
7461,1241,1153,1,17,25,3009,62
7462,1241,1153,2,11,7,913,15
7463,1241,1153,2,7,10,1260,21
7464,1241,1153,1,8,7,912,34
7465,1241,1153,6,14,9,1162,64
7466,1241,1153,1,17,19,2380,51
7467,1241,1153,2,16,18,2208,45
7468,1241,1153,7,5,5,625,84
7469,1242,1153,9,7,5,665,26
7470,1242,1153,1,7,9,1148,32
7471,1242,1153,11,17,24,2941,5
7472,1242,1153,1,2,2,240,29
7473,1243,1153,6,7,5,609,14
7474,1243,1153,3,15,10,1230,1
7475,1243,1153,2,20,19,2300,13
7476,1243,1153,10,13,14,1690,8
7477,1243,1153,10,5,7,890,8
7478,1243,1153,1,15,10,1305,1
7479,1243,1153,4,11,13,1606,1
7480,1243,1153,8,19,22,2717,3
7481,1244,1154,1,6,5,642,10
7482,1244,1154,1,1,1,176,13
7483,1244,1154,2,18,26,3222,16
7484,1244,1154,2,18,25,3024,17
7485,1244,1154,5,20,27,3260,6
7486,1244,1154,2,11,14,1716,1
7487,1244,1154,9,16,13,1648,5
7488,1245,1154,6,18,18,2214,48
7489,1245,1154,2,11,8,1034,14
7490,1245,1154,6,4,5,612,27
7491,1245,1154,8,7,6,833,34
7492,1245,1154,10,8,8,1072,32
7493,1246,1154,7,7,7,910,73
7494,1246,1154,9,7,5,686,31
7495,1246,1154,5,2,1,226,31
7496,1246,1154,3,15,15,1890,67
7497,1246,1154,2,14,13,1610,67
7498,1246,1154,3,16,22,2736,35
7499,1246,1154,1,8,9,1136,12
7500,1246,1154,1,13,11,1417,14
7501,1247,1154,6,16,17,2096,3
7502,1247,1154,1,12,14,1740,20
7503,1247,1154,1,4,3,376,48
7504,1247,1154,8,9,6,810,24
7505,1247,1154,3,18,14,1692,46
7506,1248,1154,10,3,3,399,35
7507,1248,1154,2,4,3,476,25
7508,1248,1154,10,7,7,896,5
7509,1248,1154,1,20,16,2020,26
7510,1248,1154,7,1,1,180,22
7511,1248,1154,2,9,9,1152,23
7512,1248,1154,10,6,8,1044,26
7513,1249,1154,7,8,9,1144,29
7514,1249,1154,1,9,6,747,13
7515,1249,1154,2,9,12,1440,44
7516,1249,1154,2,11,13,1672,23
7517,1249,1154,6,14,9,1162,1
7518,1249,1154,2,1,1,91,6
7519,1249,1154,6,14,18,2268,9
7520,1249,1154,1,5,4,540,34
7521,1250,1154,6,4,5,652,57
7522,1250,1154,7,7,7,903,68
7523,1250,1154,2,12,16,1968,8
7524,1250,1154,10,11,15,1826,81
7525,1250,1154,3,19,16,1976,34
7526,1250,1154,1,20,25,3060,11
7527,1251,1154,1,7,7,924,52
7528,1251,1154,6,9,13,1584,50
7529,1251,1154,10,8,7,920,53
7530,1251,1154,5,9,11,1359,18
7531,1251,1154,1,16,18,2224,3
7532,1251,1154,1,14,11,1428,52
7533,1251,1154,4,19,19,2318,46
7534,1251,1154,6,11,15,1870,8
7535,1252,1155,2,20,29,3500,25
7536,1252,1155,3,11,10,1287,9
7537,1252,1155,9,16,22,2704,23
7538,1252,1155,10,5,5,700,22
7539,1252,1155,1,1,1,81,8
7540,1252,1155,3,3,4,486,29
7541,1253,1155,6,10,14,1690,49
7542,1253,1155,2,6,5,654,21
7543,1253,1155,6,14,19,2394,14
7544,1253,1155,5,6,6,804,18
7545,1253,1155,10,17,22,2669,32
7546,1253,1155,7,2,1,172,6
7547,1253,1155,3,15,18,2265,7
7548,1254,1155,3,3,4,522,48
7549,1254,1155,2,9,13,1611,37
7550,1254,1155,2,10,7,910,45
7551,1254,1155,10,10,8,1020,41
7552,1254,1155,7,8,8,960,46
7553,1254,1155,2,5,7,900,35
7554,1255,1155,6,16,22,2736,23
7555,1255,1155,10,16,20,2448,36
7556,1255,1155,1,7,5,602,9
7557,1255,1155,3,11,11,1408,18
7558,1255,1155,6,16,12,1472,6
7559,1256,1155,10,3,3,441,60
7560,1256,1155,11,17,22,2652,36
7561,1256,1155,1,1,1,142,74
7562,1256,1155,1,14,11,1330,10
7563,1256,1155,2,13,12,1456,33
7564,1257,1155,10,8,5,696,25
7565,1257,1155,6,12,11,1416,6
7566,1257,1155,7,10,11,1420,7
7567,1257,1155,11,17,21,2533,21
7568,1257,1155,7,6,5,660,16
7569,1257,1155,12,16,15,1872,18
7570,1257,1155,6,16,18,2208,1
7571,1257,1155,1,18,22,2718,4
7572,1258,1155,1,4,3,400,6
7573,1258,1155,7,18,12,1494,11
7574,1258,1155,7,13,15,1833,4
7575,1258,1155,6,13,14,1716,2
7576,1258,1155,1,14,14,1764,14
7577,1259,1155,3,14,13,1666,26
7578,1259,1155,7,17,13,1649,7
7579,1259,1155,7,1,1,81,13
7580,1259,1155,6,16,10,1296,38
7581,1259,1155,9,1,1,137,3
7582,1259,1155,8,16,19,2336,4
7583,1260,1156,10,14,20,2464,75
7584,1260,1156,2,2,2,286,5
7585,1260,1156,5,17,15,1870,35
7586,1260,1156,4,20,16,1980,56
7587,1260,1156,4,10,12,1490,57
7588,1260,1156,10,6,7,948,53
7589,1260,1156,2,16,15,1856,35
7590,1261,1156,3,14,16,1960,26
7591,1261,1156,2,9,6,819,50
7592,1261,1156,6,6,7,864,7
7593,1261,1156,3,19,18,2166,32
7594,1261,1156,3,12,8,960,55
7595,1261,1156,10,2,1,208,20
7596,1262,1156,1,6,6,780,20
7597,1262,1156,12,8,5,696,7
7598,1262,1156,1,13,17,2132,31
7599,1262,1156,10,12,10,1212,31
7600,1263,1156,2,20,28,3420,49
7601,1263,1156,1,15,22,2640,50
7602,1263,1156,9,2,2,346,25
7603,1263,1156,2,3,3,405,33
7604,1263,1156,2,5,4,570,30
7605,1264,1156,1,18,15,1890,62
7606,1264,1156,7,19,24,2945,4
7607,1264,1156,1,12,10,1272,52
7608,1264,1156,7,14,18,2184,27
7609,1265,1156,2,9,7,864,10
7610,1265,1156,5,12,16,2028,26
7611,1265,1156,1,17,15,1853,30
7612,1265,1156,1,8,9,1144,12
7613,1265,1156,1,19,16,2014,7
7614,1265,1156,1,8,11,1368,31
7615,1265,1156,9,2,1,160,20
7616,1266,1156,1,15,10,1215,18
7617,1266,1156,1,8,11,1416,13
7618,1266,1156,6,18,21,2610,14
7619,1266,1156,5,12,13,1572,41
7620,1267,1156,6,18,24,2880,1
7621,1267,1156,2,8,9,1088,4
7622,1267,1156,6,12,17,2112,22
7623,1267,1156,6,16,17,2128,19
7624,1267,1156,6,18,12,1476,21
7625,1267,1156,6,10,10,1270,23
7626,1268,1156,1,16,22,2640,45
7627,1268,1156,5,8,9,1112,40
7628,1268,1156,6,14,13,1638,2
7629,1268,1156,2,5,6,800,53
7630,1268,1156,3,20,22,2680,34
7631,1269,1156,2,5,6,735,36
7632,1269,1156,1,19,13,1596,15
7633,1269,1156,6,20,26,3140,30
7634,1269,1156,10,17,15,1819,44
7635,1269,1156,1,12,8,984,16
7636,1270,1157,9,14,14,1736,47
7637,1270,1157,8,1,1,96,43
7638,1270,1157,1,14,15,1890,68
7639,1270,1157,3,2,2,262,59
7640,1270,1157,2,10,11,1430,54
7641,1270,1157,3,10,12,1520,74
7642,1270,1157,6,14,12,1554,19
7643,1270,1157,5,12,17,2064,79
7644,1271,1157,2,10,8,980,14
7645,1271,1157,3,6,4,594,2
7646,1271,1157,2,19,28,3363,7
7647,1271,1157,2,15,14,1755,4
7648,1271,1157,6,14,12,1526,10
7649,1271,1157,6,20,20,2460,15
7650,1271,1157,6,1,1,105,9
7651,1271,1157,5,11,16,1980,12
7652,1272,1157,8,12,10,1260,10
7653,1272,1157,3,17,20,2414,28
7654,1272,1157,1,5,7,870,12
7655,1272,1157,1,5,7,870,60
7656,1272,1157,10,13,17,2145,49
7657,1272,1157,2,6,6,744,50
7658,1272,1157,6,15,13,1590,24
7659,1273,1157,3,19,16,2033,39
7660,1273,1157,11,14,19,2310,26
7661,1273,1157,1,4,5,616,8
7662,1273,1157,1,1,1,118,36
7663,1273,1157,5,13,18,2236,2
7664,1273,1157,7,7,10,1225,10
7665,1273,1157,3,10,14,1760,29
7666,1273,1157,8,18,22,2754,41
7667,1274,1157,4,20,21,2520,18
7668,1274,1157,1,14,10,1218,40
7669,1274,1157,6,20,17,2100,32
7670,1274,1157,1,14,13,1638,24
7671,1274,1157,6,18,13,1674,1
7672,1274,1157,2,16,14,1776,18
7673,1274,1157,3,19,18,2242,17
7674,1275,1157,5,18,13,1566,42
7675,1275,1157,1,19,13,1577,43
7676,1275,1157,2,12,9,1092,71
7677,1275,1157,1,18,17,2124,58
7678,1275,1157,3,19,23,2793,70
7679,1276,1157,2,9,9,1125,3
7680,1276,1157,6,13,15,1885,21
7681,1276,1157,6,17,12,1445,26
7682,1276,1157,1,11,7,957,10
7683,1276,1157,2,17,21,2601,42
7684,1276,1157,6,13,12,1495,26
7685,1277,1158,2,8,8,1000,17
7686,1277,1158,5,20,20,2440,12
7687,1277,1158,12,6,4,558,23
7688,1277,1158,2,8,9,1152,29
7689,1277,1158,1,17,21,2533,3
7690,1278,1158,6,13,14,1742,1
7691,1278,1158,10,19,13,1653,14
7692,1278,1158,3,9,10,1224,18
7693,1278,1158,3,19,15,1805,43
7694,1278,1158,7,3,3,402,6
7695,1278,1158,1,4,4,492,3
7696,1278,1158,11,8,11,1384,37
7697,1279,1158,11,18,27,3240,53
7698,1279,1158,7,3,4,483,6
7699,1279,1158,1,10,7,950,41
7700,1279,1158,5,8,7,856,28
7701,1279,1158,2,18,19,2394,52
7702,1279,1158,1,8,9,1160,41
7703,1280,1158,6,16,13,1664,13
7704,1280,1158,5,4,2,332,2
7705,1280,1158,1,10,10,1250,14
7706,1280,1158,3,18,13,1638,15
7707,1280,1158,2,2,2,258,12
7708,1281,1158,6,19,14,1786,7
7709,1281,1158,10,12,8,1008,12
7710,1281,1158,2,19,14,1748,22
7711,1281,1158,8,19,17,2052,19
7712,1281,1158,3,15,11,1350,17
7713,1281,1158,3,16,11,1424,16
7714,1282,1158,6,5,6,780,27
7715,1282,1158,7,18,25,3078,47
7716,1282,1158,1,4,5,624,55
7717,1282,1158,1,19,17,2052,27
7718,1282,1158,8,3,4,531,25
7719,1282,1158,2,12,10,1200,18
7720,1283,1158,6,7,8,987,87
7721,1283,1158,1,16,19,2288,47
7722,1283,1158,5,12,12,1548,20
7723,1283,1158,7,9,11,1341,1
7724,1284,1158,6,6,6,798,17
7725,1284,1158,7,8,5,696,50
7726,1284,1158,6,12,8,1068,55
7727,1284,1158,2,3,2,303,15
7728,1285,1158,9,3,3,447,11
7729,1285,1158,10,5,6,825,83
7730,1285,1158,8,20,26,3140,29
7731,1285,1158,1,6,6,726,46
7732,1286,1158,7,5,3,435,55
7733,1286,1158,8,8,6,752,37
7734,1286,1158,8,11,14,1716,56
7735,1286,1158,5,17,23,2873,78
7736,1286,1158,12,4,2,328,75
7737,1286,1158,7,4,5,612,52
7738,1286,1158,10,2,1,232,46
7739,1286,1158,1,6,4,546,9
7740,1287,1159,1,4,4,524,9
7741,1287,1159,8,18,26,3204,1
7742,1287,1159,2,14,9,1190,18
7743,1287,1159,7,20,23,2860,4
7744,1287,1159,2,18,16,1980,9
7745,1287,1159,3,11,10,1243,9
7746,1287,1159,5,12,8,996,13
7747,1288,1159,9,17,11,1428,53
7748,1288,1159,9,15,14,1695,44
7749,1288,1159,3,20,25,3020,29
7750,1288,1159,6,18,18,2232,74
7751,1288,1159,6,16,15,1808,19
7752,1288,1159,6,9,6,810,40
7753,1289,1159,2,15,16,2025,6
7754,1289,1159,2,7,9,1162,10
7755,1289,1159,3,13,17,2041,3
7756,1289,1159,10,12,10,1248,2
7757,1289,1159,1,10,11,1430,5
7758,1289,1159,5,13,10,1235,16
7759,1289,1159,12,13,15,1898,11
7760,1289,1159,6,1,1,97,13
7761,1290,1159,1,13,13,1677,18
7762,1290,1159,7,18,19,2358,56
7763,1290,1159,1,7,6,833,67
7764,1290,1159,1,13,16,1950,53
7765,1291,1159,2,6,7,858,16
7766,1291,1159,9,10,7,850,6
7767,1291,1159,1,12,14,1716,5
7768,1291,1159,1,5,5,605,5
7769,1291,1159,2,7,7,861,5
7770,1291,1159,2,13,9,1092,1
7771,1291,1159,5,17,22,2703,10
7772,1292,1159,1,12,8,1044,44
7773,1292,1159,8,1,1,160,47
7774,1292,1159,10,8,8,976,26
7775,1292,1159,7,7,10,1204,16
7776,1292,1159,4,12,13,1584,3
7777,1292,1159,2,20,18,2180,37
7778,1292,1159,6,8,6,792,17
7779,1293,1159,1,5,6,770,9
7780,1293,1159,10,8,11,1376,4
7781,1293,1159,8,9,12,1521,21
7782,1293,1159,8,9,6,747,26
7783,1293,1159,10,16,19,2320,8
7784,1293,1159,2,7,9,1169,27
7785,1293,1159,6,16,20,2480,25
7786,1293,1159,5,10,7,850,25
7787,1294,1160,1,3,2,321,16
7788,1294,1160,6,19,26,3173,29
7789,1294,1160,7,3,3,432,4
7790,1294,1160,6,2,2,334,19
7791,1294,1160,2,10,8,1000,14
7792,1294,1160,2,15,18,2190,25
7793,1294,1160,6,14,12,1498,22
7794,1294,1160,2,17,19,2380,15
7795,1295,1160,1,10,12,1440,34
7796,1295,1160,11,5,4,525,48
7797,1295,1160,7,16,21,2560,10
7798,1295,1160,2,10,14,1750,12
7799,1295,1160,1,11,9,1155,21
7800,1295,1160,1,15,18,2205,44
7801,1295,1160,5,6,7,900,2
7802,1296,1160,2,8,10,1200,17
7803,1296,1160,1,16,13,1600,1
7804,1296,1160,11,15,16,1950,16
7805,1296,1160,3,13,18,2210,2
7806,1296,1160,5,18,22,2682,16
7807,1296,1160,2,17,19,2329,3
7808,1297,1160,2,3,4,501,27
7809,1297,1160,9,13,16,1963,12
7810,1297,1160,6,4,4,508,25
7811,1297,1160,7,5,5,650,5
7812,1297,1160,1,2,2,282,27
7813,1297,1160,2,3,2,336,26
7814,1297,1160,11,8,5,640,21
7815,1298,1160,1,10,10,1250,5
7816,1298,1160,6,20,21,2560,30
7817,1298,1160,2,15,14,1785,9
7818,1298,1160,10,7,5,616,20
7819,1298,1160,8,16,12,1472,26
7820,1298,1160,1,12,10,1308,8
7821,1298,1160,8,9,13,1620,19
7822,1299,1160,3,20,23,2780,4
7823,1299,1160,1,2,2,350,27
7824,1299,1160,8,10,9,1080,38
7825,1299,1160,2,20,23,2860,47
7826,1299,1160,7,18,25,3042,46
7827,1299,1160,8,14,18,2240,9
7828,1299,1160,7,17,20,2448,12
7829,1299,1160,9,16,19,2320,52
7830,1300,1160,6,5,5,715,20
7831,1300,1160,2,15,16,2025,30
7832,1300,1160,1,5,5,710,29
7833,1300,1160,2,2,1,212,7
7834,1300,1160,1,6,5,618,8
7835,1300,1160,10,11,10,1243,18
7836,1301,1161,3,4,3,476,68
7837,1301,1161,1,13,16,1963,60
7838,1301,1161,2,16,22,2752,64
7839,1301,1161,2,15,10,1230,29
7840,1301,1161,3,14,20,2478,46
7841,1301,1161,3,1,1,166,58
7842,1302,1161,10,4,3,412,9
7843,1302,1161,1,7,8,1008,27
7844,1302,1161,10,18,15,1818,31
7845,1302,1161,5,9,13,1593,29
7846,1302,1161,1,9,12,1530,14
7847,1302,1161,6,7,4,567,20
7848,1302,1161,7,12,16,1944,28
7849,1302,1161,5,2,2,262,26
7850,1303,1161,5,8,6,736,24
7851,1303,1161,1,9,7,954,44
7852,1303,1161,5,9,11,1386,12
7853,1303,1161,1,17,23,2788,40
7854,1303,1161,11,14,14,1736,13
7855,1303,1161,1,9,7,927,16
7856,1304,1161,3,3,3,420,3
7857,1304,1161,2,8,8,1024,33
7858,1304,1161,6,17,13,1564,11
7859,1304,1161,6,11,14,1694,45
7860,1304,1161,10,18,24,2880,48
7861,1305,1161,6,16,20,2448,13
7862,1305,1161,10,7,10,1239,27
7863,1305,1161,1,13,13,1599,37
7864,1305,1161,4,16,17,2096,30
7865,1306,1161,4,19,16,2014,47
7866,1306,1161,8,14,10,1246,27
7867,1306,1161,9,10,7,910,63
7868,1306,1161,2,20,14,1780,75
7869,1306,1161,2,18,12,1494,71
7870,1306,1161,6,10,8,1020,56
7871,1306,1161,8,5,4,520,26
7872,1307,1162,10,4,4,504,1
7873,1307,1162,1,3,2,270,8
7874,1307,1162,6,11,10,1309,1
7875,1307,1162,2,6,8,1050,7
7876,1307,1162,3,9,10,1287,6
7877,1307,1162,7,9,11,1386,1
7878,1307,1162,1,17,18,2210,4
7879,1308,1162,7,1,1,119,12
7880,1308,1162,2,16,14,1728,4
7881,1308,1162,2,20,25,3060,49
7882,1308,1162,3,8,8,1032,58
7883,1308,1162,1,2,2,308,51
7884,1308,1162,1,6,8,1062,25
7885,1308,1162,3,14,13,1666,29
7886,1309,1162,4,13,16,1976,37
7887,1309,1162,3,6,5,684,24
7888,1309,1162,6,16,12,1488,24
7889,1309,1162,2,15,19,2385,13
7890,1309,1162,1,16,18,2224,1
7891,1309,1162,1,11,10,1309,7
7892,1310,1162,1,6,8,1038,53
7893,1310,1162,1,19,21,2546,66
7894,1310,1162,2,17,21,2550,69
7895,1310,1162,10,18,19,2394,9
7896,1310,1162,1,17,17,2091,61
7897,1310,1162,1,12,14,1728,49
7898,1310,1162,11,16,20,2480,38
7899,1311,1162,12,14,13,1610,18
7900,1311,1162,10,2,1,202,25
7901,1311,1162,1,16,17,2080,32
7902,1311,1162,6,12,15,1872,26
7903,1311,1162,8,9,13,1566,22
7904,1312,1162,2,9,11,1386,34
7905,1312,1162,11,3,3,372,46
7906,1312,1162,9,8,7,920,57
7907,1312,1162,10,11,14,1782,5
7908,1312,1162,7,5,4,560,4
7909,1312,1162,8,8,9,1088,64
7910,1312,1162,1,1,1,151,35
7911,1313,1162,2,8,10,1296,80
7912,1313,1162,2,1,1,110,57
7913,1313,1162,8,12,11,1380,71
7914,1313,1162,10,2,2,356,62
7915,1313,1162,5,12,10,1308,69
7916,1313,1162,1,18,19,2286,52
7917,1313,1162,6,6,8,1032,78
7918,1314,1162,2,17,12,1445,45
7919,1314,1162,10,1,1,140,15
7920,1314,1162,3,2,1,230,6
7921,1314,1162,2,13,11,1391,12
7922,1314,1162,8,9,6,747,21
7923,1314,1162,1,5,5,660,24
7924,1314,1162,4,18,20,2466,41
7925,1314,1162,6,7,6,735,19
7926,1315,1162,6,9,12,1512,51
7927,1315,1162,10,2,1,222,28
7928,1315,1162,10,5,5,710,26
7929,1315,1162,9,19,25,3021,61
7930,1315,1162,2,11,14,1716,19
7931,1315,1162,8,19,18,2204,9
7932,1316,1162,6,14,9,1190,16
7933,1316,1162,8,4,5,668,20
7934,1316,1162,2,13,12,1534,17
7935,1316,1162,2,15,17,2100,19
7936,1316,1162,6,7,8,1022,7
7937,1317,1163,2,7,7,847,15
7938,1317,1163,10,12,11,1368,16
7939,1317,1163,5,7,7,861,1
7940,1317,1163,10,12,16,1980,6
7941,1318,1163,1,13,15,1911,16
7942,1318,1163,2,16,11,1392,16
7943,1318,1163,1,18,25,3006,4
7944,1318,1163,10,20,17,2060,8
7945,1318,1163,10,13,9,1196,7
7946,1318,1163,5,5,4,520,16
7947,1318,1163,3,12,15,1872,19
7948,1319,1163,7,7,6,777,32
7949,1319,1163,3,17,19,2329,1
7950,1319,1163,2,17,25,3043,1
7951,1319,1163,4,3,4,531,3
7952,1320,1163,1,1,1,134,35
7953,1320,1163,1,2,2,276,27
7954,1320,1163,7,10,11,1360,35
7955,1320,1163,4,7,4,567,30
7956,1320,1163,2,12,13,1668,28
7957,1320,1163,3,11,15,1804,37
7958,1321,1163,6,16,13,1648,9
7959,1321,1163,1,1,1,104,2
7960,1321,1163,10,18,21,2592,4
7961,1321,1163,8,13,12,1456,4
7962,1321,1163,7,3,3,402,8
7963,1321,1163,7,11,16,1925,10
7964,1322,1163,10,18,22,2718,43
7965,1322,1163,6,11,16,1925,38
7966,1322,1163,1,7,6,721,41
7967,1322,1163,1,12,13,1620,1
7968,1322,1163,10,11,9,1089,28
7969,1322,1163,6,2,1,190,48
7970,1323,1163,10,20,26,3120,26
7971,1323,1163,2,8,5,656,11
7972,1323,1163,10,12,13,1572,23
7973,1323,1163,2,1,1,111,2
7974,1324,1164,2,2,1,206,88
7975,1324,1164,3,6,4,498,16
7976,1324,1164,1,20,20,2500,28
7977,1324,1164,1,11,7,880,3
7978,1324,1164,2,7,5,630,86
7979,1324,1164,10,5,7,845,5
7980,1325,1164,8,2,1,236,16
7981,1325,1164,8,2,2,304,31
7982,1325,1164,10,2,2,248,39
7983,1325,1164,5,15,13,1605,46
7984,1325,1164,3,16,20,2496,58
7985,1326,1164,10,5,4,570,22
7986,1326,1164,6,11,10,1210,34
7987,1326,1164,9,12,9,1080,35
7988,1326,1164,1,5,6,830,13
7989,1326,1164,7,5,5,675,18
7990,1326,1164,10,19,19,2375,7
7991,1326,1164,4,6,6,756,24
7992,1326,1164,6,14,20,2506,34
7993,1327,1164,2,11,14,1705,6
7994,1327,1164,2,17,13,1615,74
7995,1327,1164,3,20,20,2440,39
7996,1327,1164,2,17,19,2346,50
7997,1328,1164,4,10,12,1540,48
7998,1328,1164,1,11,15,1914,2
7999,1328,1164,4,5,6,815,17
8000,1328,1164,2,10,7,850,16
8001,1328,1164,10,1,1,136,55
8002,1328,1164,3,12,12,1488,51
8003,1329,1164,4,3,2,261,33
8004,1329,1164,7,5,6,820,10
8005,1329,1164,3,11,10,1298,29
8006,1329,1164,7,15,20,2400,32
8007,1329,1164,10,9,9,1143,37
8008,1329,1164,10,12,11,1392,8
8009,1330,1164,1,10,14,1740,38
8010,1330,1164,8,8,9,1128,39
8011,1330,1164,3,2,1,164,32
8012,1330,1164,1,10,10,1220,24
8013,1330,1164,6,10,12,1500,20
8014,1330,1164,5,14,16,1946,17
8015,1330,1164,10,4,4,540,28
8016,1331,1164,2,14,19,2296,32
8017,1331,1164,1,11,11,1386,38
8018,1331,1164,1,1,1,101,29
8019,1331,1164,3,9,11,1431,2
8020,1331,1164,2,4,6,720,10
8021,1331,1164,10,5,5,710,10
8022,1331,1164,6,13,13,1638,13
8023,1331,1164,8,10,10,1270,8
8024,1332,1164,4,2,1,174,22
8025,1332,1164,2,12,12,1476,36
8026,1332,1164,2,10,10,1250,23
8027,1332,1164,6,11,11,1386,28
8028,1333,1165,1,16,22,2704,54
8029,1333,1165,3,2,2,302,46
8030,1333,1165,7,10,14,1750,12
8031,1333,1165,1,14,20,2478,7
8032,1333,1165,2,3,3,420,12
8033,1334,1165,5,6,4,546,41
8034,1334,1165,7,15,19,2310,15
8035,1334,1165,2,18,19,2322,57
8036,1334,1165,1,20,27,3340,16
8037,1334,1165,10,14,9,1176,34
8038,1334,1165,6,17,20,2448,35
8039,1334,1165,2,1,1,91,3
8040,1335,1165,6,3,2,279,24
8041,1335,1165,9,6,4,510,11
8042,1335,1165,3,2,1,168,40
8043,1335,1165,7,8,11,1360,14
8044,1335,1165,10,14,12,1554,32
8045,1336,1165,6,8,9,1192,18
8046,1336,1165,6,17,14,1717,3
8047,1336,1165,5,20,17,2140,17
8048,1336,1165,2,15,18,2190,4
8049,1337,1165,3,9,7,873,2
8050,1337,1165,5,10,12,1450,12
8051,1337,1165,1,6,8,1050,52
8052,1337,1165,3,16,15,1840,20
8053,1337,1165,7,14,13,1666,36
8054,1337,1165,10,9,10,1251,25
8055,1337,1165,7,6,8,1062,64
8056,1338,1165,3,11,13,1606,12
8057,1338,1165,6,18,21,2520,57
8058,1338,1165,9,10,9,1140,22
8059,1338,1165,2,17,19,2329,12
8060,1338,1165,2,9,9,1161,28
8061,1339,1165,2,11,11,1342,56
8062,1339,1165,3,5,4,525,79
8063,1339,1165,2,5,6,800,49
8064,1339,1165,8,19,28,3363,2
8065,1339,1165,10,19,20,2432,35
8066,1339,1165,7,19,20,2451,50
8067,1340,1166,6,18,15,1854,18
8068,1340,1166,6,5,4,555,81
8069,1340,1166,11,5,4,570,50
8070,1340,1166,5,5,4,515,7
8071,1341,1166,4,18,26,3222,35
8072,1341,1166,1,13,17,2158,9
8073,1341,1166,1,14,16,1988,39
8074,1341,1166,7,17,17,2057,64
8075,1341,1166,4,2,1,226,43
8076,1342,1166,6,15,20,2460,52
8077,1342,1166,6,12,13,1656,65
8078,1342,1166,2,1,1,86,46
8079,1342,1166,2,5,5,650,82
8080,1342,1166,7,14,13,1582,82
8081,1342,1166,2,20,18,2260,28
8082,1343,1166,1,14,10,1302,17
8083,1343,1166,11,12,10,1248,17
8084,1343,1166,8,6,4,510,4
8085,1343,1166,2,3,4,501,33
8086,1343,1166,3,9,10,1242,7
8087,1343,1166,10,5,3,430,16
8088,1343,1166,2,19,14,1729,37
8089,1344,1166,8,14,14,1778,41
8090,1344,1166,1,8,8,960,57
8091,1344,1166,10,11,7,946,35
8092,1344,1166,1,9,7,936,59
8093,1345,1166,4,16,17,2144,27
8094,1345,1166,7,7,6,721,32
8095,1345,1166,6,2,2,358,18
8096,1345,1166,1,7,8,1050,7
8097,1345,1166,1,2,2,350,33
8098,1345,1166,6,3,4,522,32
8099,1345,1166,1,12,9,1188,9
8100,1345,1166,6,17,16,1938,23
8101,1346,1166,2,20,13,1640,22
8102,1346,1166,10,16,10,1312,46
8103,1346,1166,1,20,26,3180,28
8104,1346,1166,1,4,3,468,14
8105,1346,1166,2,17,14,1768,3
8106,1346,1166,2,1,1,160,31
8107,1346,1166,3,12,9,1140,15
8108,1347,1166,6,5,4,485,14
8109,1347,1166,3,19,21,2622,37
8110,1347,1166,2,7,8,966,15
8111,1347,1166,2,15,13,1650,20
8112,1348,1166,6,15,14,1740,16
8113,1348,1166,8,6,6,792,28
8114,1348,1166,3,13,9,1105,12
8115,1348,1166,2,13,9,1183,27
8116,1349,1167,7,9,10,1242,42
8117,1349,1167,2,5,5,665,59
8118,1349,1167,10,2,2,332,31
8119,1349,1167,3,16,23,2800,8
8120,1349,1167,1,11,8,1034,1
8121,1349,1167,1,12,17,2100,56
8122,1349,1167,5,2,2,268,75
8123,1350,1167,8,6,4,540,45
8124,1350,1167,5,13,14,1794,45
8125,1350,1167,6,6,5,660,24
8126,1350,1167,8,7,8,1071,52
8127,1351,1167,2,10,14,1730,38
8128,1351,1167,7,3,3,399,22
8129,1351,1167,3,2,2,272,38
8130,1351,1167,2,5,3,465,34
8131,1351,1167,2,5,4,570,12
8132,1351,1167,3,9,9,1188,34
8133,1352,1167,7,19,13,1577,10
8134,1352,1167,7,10,7,880,55
8135,1352,1167,8,3,3,363,46
8136,1352,1167,2,17,11,1428,50
8137,1352,1167,2,2,2,314,15
8138,1352,1167,1,13,19,2327,24
8139,1353,1167,1,8,5,640,21
8140,1353,1167,3,12,16,2028,20
8141,1353,1167,1,2,1,160,37
8142,1353,1167,9,10,7,950,26
8143,1353,1167,8,9,8,981,29
8144,1353,1167,10,2,2,322,42
8145,1353,1167,1,15,10,1215,18
8146,1354,1167,2,20,16,2020,18
8147,1354,1167,10,8,7,856,21
8148,1354,1167,9,16,12,1456,15
8149,1354,1167,6,18,19,2286,13
8150,1354,1167,5,15,16,1920,20
8151,1355,1167,6,16,23,2784,16
8152,1355,1167,11,19,17,2090,2
8153,1355,1167,7,3,2,261,44
8154,1355,1167,2,12,15,1860,6
8155,1355,1167,8,20,29,3560,36
8156,1355,1167,1,3,3,426,38
8157,1356,1167,1,20,28,3420,53
8158,1356,1167,2,10,7,850,25
8159,1356,1167,2,10,10,1250,53
8160,1356,1167,1,11,14,1683,13
8161,1356,1167,10,12,13,1668,2
8162,1356,1167,6,13,13,1651,1
8163,1356,1167,6,13,11,1339,56
8164,1357,1168,3,6,6,822,15
8165,1357,1168,6,6,6,792,4
8166,1357,1168,7,13,19,2340,9
8167,1357,1168,1,14,16,2030,3
8168,1357,1168,7,1,1,157,29
8169,1357,1168,3,1,1,155,9
8170,1358,1168,8,3,4,489,30
8171,1358,1168,1,7,5,679,32
8172,1358,1168,6,6,7,882,2
8173,1358,1168,2,17,19,2363,30
8174,1359,1168,1,19,22,2641,18
8175,1359,1168,7,17,13,1632,13
8176,1359,1168,1,11,12,1474,77
8177,1359,1168,10,10,11,1350,4
8178,1360,1168,11,12,12,1548,15
8179,1360,1168,12,6,4,594,5
8180,1360,1168,2,4,3,424,48
8181,1360,1168,3,19,27,3306,59
8182,1360,1168,8,17,25,3060,23
8183,1360,1168,2,2,2,286,46
8184,1361,1168,10,17,18,2261,61
8185,1361,1168,1,18,14,1710,17
8186,1361,1168,7,16,23,2768,64
8187,1361,1168,2,15,14,1740,64
8188,1361,1168,3,8,8,1016,43
8189,1361,1168,6,10,8,1070,69
8190,1362,1168,6,16,23,2816,8
8191,1362,1168,1,5,7,890,3
8192,1362,1168,9,20,17,2100,4
8193,1362,1168,7,9,10,1206,41
8194,1362,1168,6,5,5,640,52
8195,1362,1168,4,19,14,1729,37
8196,1362,1168,3,19,24,2907,13
8197,1362,1168,1,8,11,1328,3
8198,1363,1169,3,7,4,595,11
8199,1363,1169,6,17,13,1632,17
8200,1363,1169,8,16,16,2032,8
8201,1363,1169,2,11,9,1122,14
8202,1363,1169,6,2,1,194,20
8203,1363,1169,6,18,21,2556,9
8204,1363,1169,3,4,3,376,6
8205,1363,1169,5,13,16,2015,22
8206,1364,1169,1,8,10,1224,11
8207,1364,1169,8,5,6,770,15
8208,1364,1169,1,15,18,2175,28
8209,1364,1169,2,1,1,111,37
8210,1364,1169,6,15,15,1905,4
8211,1364,1169,2,16,22,2688,32
8212,1365,1169,3,7,5,623,17
8213,1365,1169,6,7,6,826,41
8214,1365,1169,1,8,9,1152,10
8215,1365,1169,1,11,13,1573,46
8216,1366,1169,1,20,19,2280,66
8217,1366,1169,1,7,7,896,76
8218,1366,1169,7,12,13,1644,83
8219,1366,1169,2,14,12,1442,79
8220,1366,1169,2,7,8,1071,13
8221,1366,1169,3,13,14,1794,1
8222,1366,1169,8,18,18,2160,42
8223,1367,1169,2,19,25,3078,35
8224,1367,1169,2,4,2,348,9
8225,1367,1169,1,5,5,710,61
8226,1367,1169,2,7,7,868,36
8227,1367,1169,9,5,3,470,1
8228,1367,1169,1,17,12,1513,65
8229,1368,1169,6,7,5,693,32
8230,1368,1169,2,11,9,1166,68
8231,1368,1169,2,17,22,2737,10
8232,1368,1169,1,11,15,1881,64
8233,1368,1169,1,7,6,826,59
8234,1368,1169,2,2,2,324,12
8235,1368,1169,10,14,13,1624,21
8236,1368,1169,2,10,10,1220,42
8237,1369,1169,10,4,3,436,44
8238,1369,1169,7,13,17,2067,22
8239,1369,1169,1,8,10,1216,37
8240,1369,1169,1,3,4,528,57
8241,1370,1170,2,2,2,318,22
8242,1370,1170,9,9,10,1260,44
8243,1370,1170,1,2,2,266,4
8244,1370,1170,8,8,10,1224,34
8245,1370,1170,10,3,2,258,29
8246,1370,1170,6,12,9,1116,26
8247,1371,1170,2,3,4,522,12
8248,1371,1170,1,6,5,606,19
8249,1371,1170,6,16,16,1968,26
8250,1371,1170,1,17,12,1445,58
8251,1372,1170,6,3,3,441,47
8252,1372,1170,11,11,10,1254,8
8253,1372,1170,1,7,7,945,26
8254,1372,1170,2,1,1,97,34
8255,1372,1170,2,20,14,1760,22
8256,1372,1170,10,11,13,1650,8
8257,1373,1170,7,18,15,1818,19
8258,1373,1170,1,11,9,1122,24
8259,1373,1170,8,19,16,1938,6
8260,1373,1170,1,19,14,1786,21
8261,1373,1170,6,10,8,1000,19
8262,1373,1170,6,20,19,2280,17
8263,1374,1170,1,3,2,321,33
8264,1374,1170,11,13,16,1989,38
8265,1374,1170,1,4,3,464,11
8266,1374,1170,3,5,3,400,8
8267,1374,1170,9,1,1,93,29
8268,1374,1170,2,2,1,198,4
8269,1375,1170,7,14,18,2226,65
8270,1375,1170,4,17,18,2210,52
8271,1375,1170,2,10,12,1490,10
8272,1375,1170,6,5,5,695,24
8273,1375,1170,10,20,15,1900,32
8274,1375,1170,6,15,20,2475,42
8275,1376,1170,11,19,15,1805,11
8276,1376,1170,1,5,7,860,4
8277,1376,1170,5,1,1,92,4
8278,1376,1170,1,17,17,2040,5
8279,1376,1170,1,12,13,1572,27
8280,1376,1170,10,6,5,660,10
8281,1377,1171,7,5,7,860,17
8282,1377,1171,3,13,15,1833,6
8283,1377,1171,6,6,4,486,9
8284,1377,1171,2,9,7,900,16
8285,1378,1171,8,16,17,2064,4
8286,1378,1171,2,5,6,795,26
8287,1378,1171,6,19,27,3344,69
8288,1378,1171,4,14,19,2380,51
8289,1379,1171,11,16,18,2272,18
8290,1379,1171,1,15,20,2445,44
8291,1379,1171,1,10,14,1680,7
8292,1379,1171,1,7,9,1183,5
8293,1380,1171,6,20,28,3420,56
8294,1380,1171,4,5,4,580,52
8295,1380,1171,3,5,5,620,18
8296,1380,1171,1,12,11,1404,57
8297,1381,1171,6,7,9,1085,23
8298,1381,1171,4,14,20,2464,30
8299,1381,1171,6,11,15,1859,24
8300,1381,1171,1,4,5,600,22
8301,1381,1171,8,17,21,2601,25
8302,1381,1171,10,7,9,1155,22
8303,1381,1171,8,15,18,2250,55
8304,1381,1171,4,16,23,2784,6
8305,1382,1171,2,15,22,2670,15
8306,1382,1171,1,20,26,3140,24
8307,1382,1171,6,3,2,270,28
8308,1382,1171,6,19,16,1957,6
8309,1382,1171,6,11,10,1221,20
8310,1383,1171,2,16,21,2608,1
8311,1383,1171,4,12,8,960,72
8312,1383,1171,5,10,12,1520,37
8313,1383,1171,6,20,26,3160,52
8314,1384,1172,4,14,11,1344,50
8315,1384,1172,1,18,12,1458,52
8316,1384,1172,2,19,19,2375,5
8317,1384,1172,6,9,11,1350,18
8318,1384,1172,7,9,13,1575,11
8319,1384,1172,1,12,15,1848,22
8320,1384,1172,2,7,6,728,46
8321,1385,1172,2,4,5,616,27
8322,1385,1172,1,12,9,1128,48
8323,1385,1172,7,4,2,332,39
8324,1385,1172,3,10,10,1230,7
8325,1386,1172,3,12,17,2076,39
8326,1386,1172,1,11,15,1903,2
8327,1386,1172,2,16,14,1760,32
8328,1386,1172,10,5,4,490,16
8329,1386,1172,2,14,19,2366,32
8330,1387,1172,12,7,9,1162,23
8331,1387,1172,1,18,14,1692,18
8332,1387,1172,4,15,11,1320,68
8333,1387,1172,8,19,27,3344,30
8334,1388,1172,7,11,8,1067,53
8335,1388,1172,1,6,6,816,48
8336,1388,1172,2,19,21,2546,16
8337,1388,1172,7,16,14,1712,5
8338,1388,1172,1,20,17,2120,16
8339,1388,1172,12,4,2,328,35
8340,1388,1172,4,6,5,660,4
8341,1389,1172,8,19,17,2147,4
8342,1389,1172,1,18,13,1656,66
8343,1389,1172,8,8,11,1360,54
8344,1389,1172,2,12,17,2052,12
8345,1389,1172,6,2,1,192,9
8346,1389,1172,4,10,7,890,33
8347,1390,1172,1,17,16,1921,55
8348,1390,1172,1,18,21,2520,69
8349,1390,1172,3,7,6,721,9
8350,1390,1172,2,20,25,3060,62
8351,1390,1172,10,1,1,106,17
8352,1390,1172,11,9,7,936,83
8353,1390,1172,2,16,14,1792,28
8354,1391,1173,1,12,8,1056,3
8355,1391,1173,8,10,10,1300,1
8356,1391,1173,1,10,7,940,13
8357,1391,1173,1,11,11,1386,22
8358,1392,1173,1,16,23,2832,19
8359,1392,1173,6,5,6,830,30
8360,1392,1173,6,12,13,1608,60
8361,1392,1173,1,3,3,426,49
8362,1392,1173,8,3,4,510,67
8363,1392,1173,8,20,29,3540,72
8364,1393,1173,7,15,17,2130,55
8365,1393,1173,3,15,15,1905,9
8366,1393,1173,1,16,18,2224,85
8367,1393,1173,1,7,9,1099,69
8368,1393,1173,1,19,17,2052,79
8369,1393,1173,3,6,4,510,36
8370,1393,1173,4,8,5,672,36
8371,1394,1173,2,17,18,2244,17
8372,1394,1173,8,3,4,486,24
8373,1394,1173,8,8,7,920,4
8374,1394,1173,5,1,1,143,19
8375,1394,1173,6,10,14,1730,22
8376,1394,1173,1,4,4,496,29
8377,1395,1173,6,19,14,1767,50
8378,1395,1173,11,11,10,1210,43
8379,1395,1173,3,5,3,420,24
8380,1395,1173,10,10,13,1560,13
8381,1395,1173,7,19,16,1957,29
8382,1395,1173,1,19,19,2280,17
8383,1396,1173,2,14,16,1932,2
8384,1396,1173,1,2,2,348,60
8385,1396,1173,11,3,4,534,46
8386,1396,1173,1,18,24,2952,36
8387,1396,1173,1,12,12,1500,45
8388,1396,1173,7,8,11,1328,41
8389,1396,1173,2,2,2,274,67
8390,1396,1173,7,14,16,1932,60
8391,1397,1173,11,19,15,1919,18
8392,1397,1173,11,4,5,708,5
8393,1397,1173,7,15,22,2685,18
8394,1397,1173,6,1,1,115,3
8395,1397,1173,7,20,19,2380,64
8396,1397,1173,7,3,2,285,23
8397,1397,1173,2,4,5,672,57
8398,1397,1173,2,16,19,2368,2
8399,1398,1174,5,14,16,1974,3
8400,1398,1174,5,9,8,1026,5
8401,1398,1174,11,5,7,890,10
8402,1398,1174,2,16,11,1392,9
8403,1398,1174,5,14,16,1960,3
8404,1398,1174,1,1,1,95,17
8405,1399,1174,2,11,12,1529,7
8406,1399,1174,6,10,9,1080,4
8407,1399,1174,3,5,4,595,49
8408,1399,1174,6,17,21,2584,62
8409,1399,1174,6,9,11,1404,8
8410,1400,1174,2,8,9,1160,7
8411,1400,1174,8,15,19,2385,39
8412,1400,1174,10,17,21,2635,37
8413,1400,1174,1,13,16,1989,11
8414,1401,1174,10,4,3,372,25
8415,1401,1174,1,17,18,2278,37
8416,1401,1174,2,8,6,720,34
8417,1401,1174,10,13,13,1651,13
8418,1401,1174,4,4,3,404,60
8419,1401,1174,2,3,3,420,8
8420,1402,1174,10,15,14,1710,13
8421,1402,1174,7,5,5,625,25
8422,1402,1174,8,16,15,1872,2
8423,1402,1174,11,11,9,1166,25
8424,1402,1174,1,3,4,489,43
8425,1403,1174,9,9,6,837,41
8426,1403,1174,1,19,13,1577,41
8427,1403,1174,1,13,8,1053,32
8428,1403,1174,1,13,17,2119,38
8429,1404,1174,10,6,4,534,10
8430,1404,1174,2,14,21,2520,15
8431,1404,1174,6,8,11,1400,12
8432,1404,1174,8,18,16,2034,5
8433,1404,1174,2,14,11,1330,4
8434,1404,1174,9,4,5,668,11
8435,1405,1174,2,5,5,660,11
8436,1405,1174,5,11,11,1320,27
8437,1405,1174,3,11,13,1628,20
8438,1405,1174,3,5,7,860,83
8439,1405,1174,6,2,2,296,14
8440,1405,1174,2,20,25,3080,85
8441,1405,1174,2,2,1,206,25
8442,1405,1174,1,12,15,1812,48
8443,1406,1175,6,11,14,1782,11
8444,1406,1175,4,1,1,123,2
8445,1406,1175,10,16,16,1920,3
8446,1406,1175,10,17,12,1547,38
8447,1407,1175,2,10,8,960,46
8448,1407,1175,1,16,19,2288,63
8449,1407,1175,3,10,14,1790,36
8450,1407,1175,5,9,11,1395,32
8451,1407,1175,1,14,13,1624,7
8452,1407,1175,1,1,1,129,69
8453,1408,1175,2,14,11,1344,59
8454,1408,1175,2,12,10,1272,64
8455,1408,1175,3,8,12,1440,72
8456,1408,1175,2,10,13,1630,49
8457,1408,1175,1,4,3,388,16
8458,1408,1175,1,9,6,747,60
8459,1408,1175,1,12,11,1344,46
8460,1409,1175,1,14,10,1218,37
8461,1409,1175,9,20,18,2160,10
8462,1409,1175,9,9,10,1251,2
8463,1409,1175,3,5,5,650,9
8464,1409,1175,2,4,5,680,31
8465,1409,1175,2,4,5,668,26
8466,1409,1175,8,7,5,672,24
8467,1410,1175,2,20,24,2900,34
8468,1410,1175,2,9,7,891,30
8469,1410,1175,5,12,9,1188,44
8470,1410,1175,10,14,10,1274,32
8471,1410,1175,6,9,11,1368,27
8472,1410,1175,7,11,10,1309,39
8473,1410,1175,7,12,17,2052,40
8474,1410,1175,2,15,21,2595,33
8475,1411,1175,7,4,4,572,23
8476,1411,1175,10,5,5,680,24
8477,1411,1175,1,8,6,768,28
8478,1411,1175,1,9,6,747,6
8479,1411,1175,1,7,7,910,28
8480,1411,1175,6,5,5,700,13
8481,1411,1175,1,14,13,1596,23
8482,1412,1175,7,13,13,1599,43
8483,1412,1175,2,3,2,300,36
8484,1412,1175,2,17,12,1530,8
8485,1412,1175,11,12,8,960,9
8486,1412,1175,7,5,6,740,46
8487,1412,1175,6,2,2,282,50
8488,1413,1175,6,6,7,882,46
8489,1413,1175,10,15,22,2685,27
8490,1413,1175,4,9,7,927,14
8491,1413,1175,6,11,15,1859,17
8492,1413,1175,1,8,10,1288,30
8493,1413,1175,1,5,7,855,29
8494,1414,1175,7,19,16,1957,6
8495,1414,1175,9,12,9,1140,3
8496,1414,1175,1,13,8,1040,32
8497,1414,1175,3,6,4,528,17
8498,1414,1175,1,9,12,1521,34
8499,1414,1175,2,19,26,3135,25
8500,1414,1175,11,11,9,1177,32
8501,1415,1175,2,1,1,125,12
8502,1415,1175,1,19,23,2869,13
8503,1415,1175,1,15,13,1620,2
8504,1415,1175,6,19,19,2394,4
8505,1415,1175,3,7,6,763,30
8506,1415,1175,3,8,6,744,9
8507,1415,1175,6,7,6,805,61
8508,1416,1176,1,6,8,1002,45
8509,1416,1176,3,12,15,1884,41
8510,1416,1176,9,1,1,147,10
8511,1416,1176,3,1,1,80,39
8512,1416,1176,1,5,4,510,2
8513,1416,1176,5,16,12,1440,11
8514,1417,1176,10,9,9,1116,6
8515,1417,1176,2,11,13,1672,14
8516,1417,1176,8,5,4,550,7
8517,1417,1176,1,11,14,1749,30
8518,1417,1176,8,20,24,2920,24
8519,1417,1176,3,12,9,1128,15
8520,1417,1176,2,20,13,1660,7
8521,1417,1176,1,1,1,150,17
8522,1418,1176,10,10,7,880,15
8523,1418,1176,2,6,8,1038,9
8524,1418,1176,1,8,5,664,2
8525,1418,1176,3,18,20,2412,16
8526,1419,1176,2,18,18,2214,1
8527,1419,1176,6,19,27,3344,7
8528,1419,1176,2,2,1,234,40
8529,1419,1176,9,15,12,1530,58
8530,1419,1176,2,14,18,2226,19
8531,1419,1176,6,5,5,685,12
8532,1419,1176,4,11,8,1023,35
8533,1420,1176,1,8,10,1304,18
8534,1420,1176,2,11,7,935,22
8535,1420,1176,11,9,9,1179,5
8536,1420,1176,1,13,12,1469,22
8537,1420,1176,1,10,13,1570,28
8538,1421,1176,3,13,14,1781,33
8539,1421,1176,11,15,18,2265,87
8540,1421,1176,5,14,17,2128,66
8541,1421,1176,7,12,14,1776,41
8542,1422,1177,3,14,16,1932,21
8543,1422,1177,1,14,13,1638,3
8544,1422,1177,4,20,18,2200,21
8545,1422,1177,6,18,23,2844,11
8546,1423,1177,1,6,5,690,28
8547,1423,1177,10,4,4,540,35
8548,1423,1177,2,20,24,2920,19
8549,1423,1177,10,9,8,999,57
8550,1424,1177,1,2,2,282,7
8551,1424,1177,2,3,3,435,15
8552,1424,1177,2,19,16,1938,14
8553,1424,1177,10,19,15,1843,2
8554,1424,1177,9,8,11,1320,6
8555,1424,1177,3,7,7,861,16
8556,1424,1177,1,12,12,1548,16
8557,1425,1177,1,18,26,3222,11
8558,1425,1177,3,17,21,2601,12
8559,1425,1177,8,4,4,508,8
8560,1425,1177,1,10,8,1030,11
8561,1425,1177,8,13,8,1066,1
8562,1426,1177,10,11,13,1562,69
8563,1426,1177,1,20,14,1700,27
8564,1426,1177,1,9,6,801,32
8565,1426,1177,9,13,13,1599,84
8566,1427,1177,2,18,17,2052,20
8567,1427,1177,10,20,22,2720,28
8568,1427,1177,7,15,10,1245,24
8569,1427,1177,4,2,2,268,2
8570,1427,1177,1,9,9,1152,4
8571,1427,1177,9,8,7,888,28
8572,1427,1177,3,2,3,360,9
8573,1427,1177,7,3,4,519,28
8574,1428,1177,1,18,20,2448,11
8575,1428,1177,6,13,11,1430,65
8576,1428,1177,10,15,16,2025,24
8577,1428,1177,10,12,14,1692,63
8578,1428,1177,8,1,1,174,42
8579,1428,1177,2,12,14,1728,56
8580,1429,1177,2,18,25,3096,16
8581,1429,1177,2,9,7,909,16
8582,1429,1177,4,8,10,1280,3
8583,1429,1177,2,20,24,2880,17
8584,1429,1177,3,14,12,1484,23
8585,1430,1177,6,5,4,530,29
8586,1430,1177,6,19,23,2793,21
8587,1430,1177,1,19,28,3420,4
8588,1430,1177,1,4,3,428,18
8589,1431,1178,10,12,13,1596,30
8590,1431,1178,10,16,11,1424,24
8591,1431,1178,9,9,7,846,47
8592,1431,1178,11,13,13,1677,1
8593,1431,1178,2,14,17,2100,38
8594,1431,1178,9,19,14,1710,7
8595,1432,1178,6,16,24,2880,53
8596,1432,1178,6,15,22,2640,53
8597,1432,1178,3,12,14,1680,47
8598,1432,1178,3,13,12,1456,31
8599,1432,1178,11,2,2,302,23
8600,1432,1178,1,17,23,2805,48
8601,1432,1178,10,5,6,775,28
8602,1433,1178,1,12,8,1044,19
8603,1433,1178,6,18,21,2628,32
8604,1433,1178,5,19,23,2869,33
8605,1433,1178,4,5,5,695,24
8606,1433,1178,2,9,7,882,11
8607,1434,1178,2,2,2,266,22
8608,1434,1178,6,18,20,2502,30
8609,1434,1178,6,14,21,2520,36
8610,1434,1178,1,13,15,1833,18
8611,1434,1178,2,14,12,1470,5
8612,1434,1178,2,3,2,336,32
8613,1434,1178,1,3,3,447,25
8614,1434,1178,12,8,7,880,3
8615,1435,1178,8,17,16,1921,22
8616,1435,1178,1,12,11,1344,17
8617,1435,1178,5,11,13,1606,16
8618,1435,1178,2,5,7,845,10
8619,1436,1178,1,3,2,345,13
8620,1436,1178,3,15,14,1680,23
8621,1436,1178,3,17,15,1819,21
8622,1436,1178,1,15,19,2295,13
8623,1436,1178,6,15,21,2565,6
8624,1436,1178,6,11,11,1364,26
8625,1436,1178,11,20,22,2700,16
8626,1437,1179,2,18,20,2430,33
8627,1437,1179,1,18,14,1764,42
8628,1437,1179,10,13,9,1105,16
8629,1437,1179,6,19,14,1786,56
8630,1437,1179,1,14,18,2198,40
8631,1437,1179,6,14,19,2380,22
8632,1437,1179,6,13,18,2171,69
8633,1437,1179,2,14,17,2058,47
8634,1438,1179,3,14,16,1974,19
8635,1438,1179,7,20,14,1720,3
8636,1438,1179,8,1,1,96,21
8637,1438,1179,11,16,11,1424,20
8638,1438,1179,7,20,20,2400,28
8639,1438,1179,7,5,3,405,7
8640,1438,1179,5,15,12,1500,4
8641,1438,1179,10,4,5,716,28
8642,1439,1179,6,9,9,1125,47
8643,1439,1179,8,6,5,714,53
8644,1439,1179,11,9,9,1197,45
8645,1439,1179,1,2,1,184,26
8646,1440,1179,6,8,10,1256,28
8647,1440,1179,11,12,8,1008,67
8648,1440,1179,1,7,10,1211,17
8649,1440,1179,2,11,10,1210,69
8650,1440,1179,1,9,6,729,31
8651,1441,1179,10,20,29,3520,68
8652,1441,1179,9,3,4,498,36
8653,1441,1179,10,2,1,196,37
8654,1441,1179,5,7,10,1232,45
8655,1441,1179,1,9,9,1143,2
8656,1441,1179,7,20,17,2140,32
8657,1442,1179,10,19,24,2983,30
8658,1442,1179,1,9,8,1026,1
8659,1442,1179,2,7,5,637,2
8660,1442,1179,10,1,1,139,31
8661,1443,1179,6,8,6,768,63
8662,1443,1179,3,8,9,1136,56
8663,1443,1179,2,9,10,1224,51
8664,1443,1179,1,5,5,680,46
8665,1443,1179,3,8,8,984,42
8666,1444,1180,10,6,6,774,14
8667,1444,1180,3,11,15,1837,8
8668,1444,1180,6,19,27,3325,28
8669,1444,1180,1,9,7,918,15
8670,1444,1180,7,5,3,440,12
8671,1444,1180,1,4,3,424,9
8672,1444,1180,9,8,10,1288,8
8673,1445,1180,3,18,23,2844,21
8674,1445,1180,10,17,14,1751,10
8675,1445,1180,8,16,13,1664,7
8676,1445,1180,7,19,13,1672,5
8677,1445,1180,6,20,14,1700,8
8678,1446,1180,1,15,15,1860,20
8679,1446,1180,2,12,12,1440,15
8680,1446,1180,6,3,2,348,26
8681,1446,1180,1,3,3,399,22
8682,1446,1180,1,6,4,504,27
8683,1446,1180,10,13,17,2119,24
8684,1446,1180,6,20,15,1820,2
8685,1446,1180,1,9,8,1008,7
8686,1447,1180,2,9,7,954,11
8687,1447,1180,7,19,21,2527,38
8688,1447,1180,1,5,4,500,45
8689,1447,1180,7,1,1,160,4
8690,1447,1180,3,5,4,505,29
8691,1447,1180,3,17,15,1870,21
8692,1447,1180,1,17,12,1462,41
8693,1448,1180,6,4,2,348,28
8694,1448,1180,1,12,10,1284,6
8695,1448,1180,1,19,13,1615,8
8696,1448,1180,6,7,9,1127,18
8697,1448,1180,2,14,18,2268,61
8698,1448,1180,10,11,10,1276,52
8699,1449,1180,3,18,24,2952,40
8700,1449,1180,11,1,1,110,38
8701,1449,1180,2,14,18,2254,28
8702,1449,1180,1,10,10,1280,46
8703,1450,1180,10,3,3,366,38
8704,1450,1180,7,7,7,854,16
8705,1450,1180,3,16,14,1696,41
8706,1450,1180,11,3,3,435,47
8707,1450,1180,1,16,17,2080,50
8708,1450,1180,2,19,19,2394,53
8709,1451,1180,8,8,11,1360,29
8710,1451,1180,3,11,9,1089,24
8711,1451,1180,5,13,18,2262,35
8712,1451,1180,4,5,3,455,2
8713,1452,1181,1,9,9,1107,23
8714,1452,1181,3,19,25,3059,24
8715,1452,1181,9,7,8,966,9
8716,1452,1181,2,13,14,1716,3
8717,1452,1181,2,10,8,980,28
8718,1452,1181,2,2,1,206,31
8719,1453,1181,8,5,4,510,76
8720,1453,1181,5,4,2,328,80
8721,1453,1181,8,12,16,1932,20
8722,1453,1181,2,7,9,1099,20
8723,1453,1181,1,12,8,1008,12
8724,1454,1181,10,18,16,2034,2
8725,1454,1181,3,14,19,2324,42
8726,1454,1181,6,11,9,1155,39
8727,1454,1181,1,18,20,2502,35
8728,1454,1181,10,10,14,1760,32
8729,1454,1181,3,20,13,1660,4
8730,1454,1181,11,15,18,2160,10
8731,1455,1181,11,13,17,2041,20
8732,1455,1181,6,8,9,1080,44
8733,1455,1181,9,19,25,3059,20
8734,1455,1181,1,14,16,2016,11
8735,1455,1181,10,12,17,2076,2
8736,1455,1181,5,11,14,1694,12
8737,1455,1181,2,14,11,1414,37
8738,1456,1181,5,5,4,530,10
8739,1456,1181,2,6,7,852,16
8740,1456,1181,6,10,14,1710,27
8741,1456,1181,10,20,28,3420,11
8742,1456,1181,3,2,2,346,18
8743,1456,1181,3,7,10,1253,16
8744,1456,1181,2,9,10,1215,27
8745,1457,1181,1,10,13,1560,24
8746,1457,1181,7,3,3,447,2
8747,1457,1181,11,17,18,2210,6
8748,1457,1181,4,18,19,2322,25
8749,1457,1181,7,17,23,2873,17
8750,1457,1181,11,20,16,2020,9
8751,1458,1181,6,20,21,2520,6
8752,1458,1181,5,14,18,2226,46
8753,1458,1181,2,3,2,327,43
8754,1458,1181,2,2,2,302,35
8755,1458,1181,2,8,6,736,35
8756,1459,1181,3,7,6,798,61
8757,1459,1181,3,3,2,291,83
8758,1459,1181,9,7,8,1001,64
8759,1459,1181,6,8,10,1280,79
8760,1460,1181,1,1,1,89,7
8761,1460,1181,1,17,25,3009,6
8762,1460,1181,1,1,1,160,3
8763,1460,1181,2,4,4,504,3
8764,1460,1181,1,7,6,777,14
8765,1461,1181,6,10,14,1780,1
8766,1461,1181,6,6,4,540,22
8767,1461,1181,3,6,5,666,16
8768,1461,1181,5,14,16,1974,24
8769,1461,1181,1,4,3,412,45
8770,1462,1182,4,11,12,1441,37
8771,1462,1182,7,1,1,80,45
8772,1462,1182,1,4,5,652,38
8773,1462,1182,6,3,3,417,25
8774,1462,1182,10,7,10,1232,12
8775,1462,1182,10,10,12,1470,16
8776,1462,1182,2,7,10,1260,33
8777,1463,1182,10,11,10,1276,64
8778,1463,1182,2,20,15,1880,15
8779,1463,1182,3,2,2,342,71
8780,1463,1182,3,5,5,705,19
8781,1463,1182,5,6,4,504,33
8782,1463,1182,1,20,18,2200,67
8783,1464,1182,2,19,25,3078,15
8784,1464,1182,1,7,5,707,15
8785,1464,1182,2,1,1,83,48
8786,1464,1182,10,7,5,714,34
8787,1464,1182,7,18,16,1962,18
8788,1465,1182,2,12,9,1176,42
8789,1465,1182,10,6,4,546,15
8790,1465,1182,1,14,16,1946,37
8791,1465,1182,2,10,8,1010,34
8792,1465,1182,11,7,5,707,57
8793,1465,1182,2,1,1,92,48
8794,1465,1182,7,13,14,1781,33
8795,1466,1182,8,18,19,2376,24
8796,1466,1182,1,20,13,1600,6
8797,1466,1182,2,11,9,1144,17
8798,1466,1182,3,9,13,1584,6
8799,1466,1182,3,8,11,1432,1
8800,1466,1182,1,2,2,316,19
8801,1466,1182,2,16,22,2672,26
8802,1467,1182,2,1,1,126,51
8803,1467,1182,1,20,24,2920,18
8804,1467,1182,8,2,2,330,22
8805,1467,1182,1,11,11,1320,1
8806,1468,1182,1,10,11,1320,32
8807,1468,1182,3,8,12,1440,32
8808,1468,1182,4,14,15,1918,40
8809,1468,1182,4,1,1,151,42
8810,1468,1182,7,1,1,163,29
8811,1468,1182,3,10,7,850,22
8812,1469,1182,2,1,1,90,64
8813,1469,1182,10,15,12,1515,59
8814,1469,1182,6,15,13,1665,18
8815,1469,1182,5,19,13,1577,16
8816,1469,1182,10,18,16,1980,17
8817,1469,1182,1,4,3,364,21
8818,1470,1182,3,7,7,903,35
8819,1470,1182,1,20,26,3120,3
8820,1470,1182,2,6,5,708,3
8821,1470,1182,3,3,2,264,31
8822,1471,1182,7,15,10,1290,43
8823,1471,1182,3,18,18,2250,29
8824,1471,1182,5,17,21,2567,26
8825,1471,1182,11,3,2,300,17
8826,1472,1183,5,3,2,333,18
8827,1472,1183,11,17,13,1615,2
8828,1472,1183,10,4,5,704,9
8829,1472,1183,9,11,15,1859,14
8830,1472,1183,4,13,15,1807,15
8831,1472,1183,3,3,3,462,11
8832,1473,1183,7,4,4,564,3
8833,1473,1183,5,4,4,548,28
8834,1473,1183,2,3,3,423,30
8835,1473,1183,7,2,1,192,10
8836,1473,1183,6,18,12,1440,17
8837,1473,1183,7,12,10,1308,20
8838,1473,1183,3,6,6,816,30
8839,1474,1183,7,2,2,318,23
8840,1474,1183,6,6,7,888,18
8841,1474,1183,5,18,21,2520,16
8842,1474,1183,2,17,20,2431,12
8843,1474,1183,11,6,7,954,13
8844,1475,1183,10,1,1,100,45
8845,1475,1183,10,1,1,158,16
8846,1475,1183,6,13,17,2145,28
8847,1475,1183,1,20,24,2940,20
8848,1475,1183,7,10,12,1480,19
8849,1475,1183,2,15,13,1665,38
8850,1475,1183,5,11,15,1892,49
8851,1476,1183,6,18,25,3114,36
8852,1476,1183,3,15,16,1965,11
8853,1476,1183,8,5,5,700,16
8854,1476,1183,2,8,7,880,55
8855,1476,1183,2,1,1,129,41
8856,1477,1183,3,8,7,912,2
8857,1477,1183,1,5,3,455,12
8858,1477,1183,3,7,6,784,11
8859,1477,1183,1,14,12,1498,13
8860,1477,1183,1,17,21,2567,14
8861,1477,1183,1,7,6,728,12
8862,1477,1183,3,10,9,1150,9
8863,1478,1184,1,10,8,980,3
8864,1478,1184,1,15,15,1845,9
8865,1478,1184,10,9,8,1053,19
8866,1478,1184,2,10,8,1010,25
8867,1478,1184,8,18,22,2664,23
8868,1478,1184,2,10,10,1280,8
8869,1479,1184,1,4,3,380,14
8870,1479,1184,2,16,21,2592,20
8871,1479,1184,1,9,12,1476,13
8872,1479,1184,2,19,24,2964,29
8873,1480,1184,3,7,7,847,28
8874,1480,1184,6,20,26,3180,68
8875,1480,1184,10,12,17,2124,16
8876,1480,1184,2,1,1,87,60
8877,1480,1184,2,4,3,452,48
8878,1480,1184,11,3,3,441,29
8879,1481,1184,1,8,5,688,22
8880,1481,1184,11,18,15,1818,17
8881,1481,1184,2,7,5,623,2
8882,1481,1184,7,3,2,291,17
8883,1481,1184,3,10,9,1100,48
8884,1481,1184,3,13,10,1313,20
8885,1481,1184,1,2,2,322,5
8886,1481,1184,10,14,9,1134,28
8887,1482,1184,7,13,16,2028,81
8888,1482,1184,3,15,14,1785,78
8889,1482,1184,1,5,3,440,67
8890,1482,1184,10,20,28,3380,81
8891,1483,1184,3,9,10,1224,11
8892,1483,1184,2,1,1,93,14
8893,1483,1184,10,11,7,880,18
8894,1483,1184,7,7,5,630,54
8895,1484,1184,1,16,13,1616,9
8896,1484,1184,10,20,24,2980,7
8897,1484,1184,8,17,15,1853,11
8898,1484,1184,1,6,4,522,9
8899,1485,1184,5,5,5,635,2
8900,1485,1184,10,20,21,2600,25
8901,1485,1184,2,20,26,3220,25
8902,1485,1184,11,17,16,1921,6
8903,1485,1184,1,2,2,324,3
8904,1485,1184,2,9,8,1026,5
8905,1485,1184,2,1,1,162,16
8906,1485,1184,2,16,13,1616,8
8907,1486,1185,6,6,7,876,42
8908,1486,1185,7,20,19,2280,59
8909,1486,1185,11,16,22,2704,56
8910,1486,1185,1,16,22,2704,65
8911,1486,1185,1,8,5,664,44
8912,1486,1185,2,16,20,2448,61
8913,1487,1185,3,1,1,140,40
8914,1487,1185,7,4,2,340,48
8915,1487,1185,6,20,19,2280,69
8916,1487,1185,1,1,1,178,36
8917,1487,1185,8,8,10,1216,8
8918,1487,1185,11,11,12,1485,4
8919,1487,1185,10,17,17,2125,71
8920,1488,1185,3,1,1,159,54
8921,1488,1185,1,10,13,1660,60
8922,1488,1185,10,13,8,1066,63
8923,1488,1185,2,3,2,303,12
8924,1488,1185,1,17,16,1989,17
8925,1488,1185,2,5,5,640,40
8926,1488,1185,9,10,7,930,3
8927,1489,1185,6,2,2,288,12
8928,1489,1185,11,20,26,3220,8
8929,1489,1185,2,12,11,1320,11
8930,1489,1185,1,9,12,1458,8
8931,1489,1185,3,15,22,2655,24
8932,1489,1185,10,11,7,924,27
8933,1490,1185,8,11,12,1518,29
8934,1490,1185,4,9,11,1359,46
8935,1490,1185,7,5,5,610,10
8936,1490,1185,1,11,16,1925,38
8937,1490,1185,3,19,25,3059,7
8938,1490,1185,1,16,16,1936,22
8939,1491,1185,7,6,7,954,18
8940,1491,1185,5,14,14,1694,11
8941,1491,1185,1,20,21,2600,32
8942,1491,1185,2,19,24,2888,4
8943,1491,1185,1,8,11,1320,34
8944,1491,1185,2,2,2,272,1
8945,1491,1185,1,9,13,1593,6
8946,1491,1185,2,3,2,288,19
8947,1492,1185,3,11,9,1188,44
8948,1492,1185,1,7,9,1162,62
8949,1492,1185,2,8,8,976,21
8950,1492,1185,6,14,10,1246,40
8951,1492,1185,1,14,20,2450,22
8952,1492,1185,1,2,2,290,46
8953,1493,1185,1,14,10,1246,3
8954,1493,1185,5,16,19,2352,16
8955,1493,1185,1,5,6,730,6
8956,1493,1185,6,12,15,1884,7
8957,1493,1185,6,17,12,1445,10
8958,1494,1185,8,13,9,1118,8
8959,1494,1185,1,8,5,696,17
8960,1494,1185,8,10,9,1160,3
8961,1494,1185,5,10,9,1110,14
8962,1495,1185,6,20,17,2100,12
8963,1495,1185,2,18,22,2682,7
8964,1495,1185,7,3,2,252,31
8965,1495,1185,10,16,22,2752,53
8966,1495,1185,4,15,22,2700,60
8967,1496,1186,2,12,12,1488,39
8968,1496,1186,2,2,1,212,33
8969,1496,1186,10,17,13,1598,43
8970,1496,1186,8,9,7,945,46
8971,1496,1186,8,4,3,372,7
8972,1496,1186,1,20,17,2120,41
8973,1496,1186,2,8,5,688,18
8974,1497,1186,1,3,2,357,42
8975,1497,1186,5,11,16,1925,2
8976,1497,1186,3,5,5,640,17
8977,1497,1186,1,5,5,670,1
8978,1498,1186,2,4,5,700,39
8979,1498,1186,2,17,19,2397,56
8980,1498,1186,1,14,13,1624,32
8981,1498,1186,7,9,12,1476,18
8982,1499,1186,1,19,18,2204,7
8983,1499,1186,3,11,12,1551,22
8984,1499,1186,2,2,1,200,30
8985,1499,1186,7,12,14,1728,80
8986,1499,1186,1,15,22,2670,15
8987,1500,1186,5,17,25,3026,36
8988,1500,1186,6,3,3,465,43
8989,1500,1186,10,19,18,2242,54
8990,1500,1186,6,3,3,387,44
8991,1500,1186,7,20,25,3080,5
8992,1501,1186,9,13,17,2132,38
8993,1501,1186,12,14,13,1568,42
8994,1501,1186,1,19,12,1520,4
8995,1501,1186,2,12,10,1212,39
8996,1501,1186,10,17,18,2176,64
8997,1501,1186,5,11,10,1232,64
8998,1502,1186,6,16,20,2496,12
8999,1502,1186,7,4,5,668,10
9000,1502,1186,2,2,2,350,8
9001,1502,1186,3,5,7,885,11
9002,1502,1186,10,5,6,720,1
9003,1502,1186,1,10,13,1650,3
9004,1502,1186,3,2,2,322,16
9005,1502,1186,2,14,9,1190,8
9006,1503,1186,6,1,1,175,63
9007,1503,1186,6,5,6,835,12
9008,1503,1186,2,9,9,1116,62
9009,1503,1186,2,6,7,852,45
9010,1503,1186,2,6,8,1026,65
9011,1504,1186,7,16,22,2672,33
9012,1504,1186,2,3,3,375,4
9013,1504,1186,3,13,15,1898,33
9014,1504,1186,1,12,17,2100,30
9015,1504,1186,1,11,11,1386,27
9016,1504,1186,6,3,3,399,27
9017,1504,1186,5,19,18,2242,3
9018,1504,1186,5,14,20,2450,16
9019,1505,1187,2,12,12,1440,16
9020,1505,1187,7,4,2,356,29
9021,1505,1187,1,11,12,1463,25
9022,1505,1187,1,9,9,1143,10
9023,1506,1187,6,3,3,465,9
9024,1506,1187,1,5,6,810,28
9025,1506,1187,10,15,21,2610,20
9026,1506,1187,5,13,16,2002,32
9027,1506,1187,5,17,19,2397,33
9028,1506,1187,6,14,20,2436,13
9029,1506,1187,1,14,12,1512,4
9030,1507,1187,2,7,7,903,12
9031,1507,1187,1,12,15,1824,6
9032,1507,1187,3,5,4,550,1
9033,1507,1187,10,5,5,705,19
9034,1508,1187,1,13,11,1378,14
9035,1508,1187,7,3,3,459,65
9036,1508,1187,10,8,9,1112,88
9037,1508,1187,6,17,17,2142,86
9038,1509,1187,3,5,4,510,13
9039,1509,1187,1,7,7,868,27
9040,1509,1187,3,12,14,1704,30
9041,1509,1187,2,20,28,3460,19
9042,1510,1187,1,10,6,810,5
9043,1510,1187,1,6,7,840,27
9044,1510,1187,1,5,4,595,68
9045,1510,1187,1,15,14,1770,49
9046,1511,1187,8,14,10,1260,8
9047,1511,1187,5,5,3,405,16
9048,1511,1187,9,18,12,1440,44
9049,1511,1187,9,19,19,2318,33
9050,1511,1187,6,14,11,1358,43
9051,1512,1187,10,3,4,510,14
9052,1512,1187,1,6,7,864,11
9053,1512,1187,3,20,13,1660,27
9054,1512,1187,6,14,15,1806,51
9055,1512,1187,2,20,19,2360,62
9056,1513,1187,1,11,14,1694,66
9057,1513,1187,2,1,1,104,26
9058,1513,1187,11,16,21,2528,7
9059,1513,1187,7,20,19,2300,4
9060,1513,1187,9,16,16,2016,28
9061,1514,1188,6,5,7,850,17
9062,1514,1188,7,5,7,840,29
9063,1514,1188,11,11,12,1463,29
9064,1514,1188,9,19,25,3040,22
9065,1515,1188,3,15,18,2265,4
9066,1515,1188,3,3,2,288,45
9067,1515,1188,10,13,13,1586,10
9068,1515,1188,2,20,19,2340,35
9069,1515,1188,6,17,17,2125,11
9070,1515,1188,8,20,24,2880,16
9071,1516,1188,10,3,3,363,16
9072,1516,1188,2,15,17,2040,64
9073,1516,1188,3,19,14,1729,32
9074,1516,1188,3,3,3,396,46
9075,1517,1188,4,6,4,582,50
9076,1517,1188,1,19,25,3097,42
9077,1517,1188,6,19,26,3135,4
9078,1517,1188,10,5,6,760,40
9079,1517,1188,5,9,11,1386,38
9080,1518,1188,3,14,15,1820,5
9081,1518,1188,7,8,9,1192,35
9082,1518,1188,10,11,14,1760,22
9083,1518,1188,1,2,2,340,38
9084,1518,1188,10,12,15,1872,23
9085,1518,1188,7,15,18,2175,13
9086,1519,1188,11,19,27,3344,13
9087,1519,1188,2,1,1,94,38
9088,1519,1188,8,3,2,297,41
9089,1519,1188,3,14,15,1806,7
9090,1519,1188,5,11,15,1815,15
9091,1519,1188,3,17,20,2431,35
9092,1520,1188,6,1,1,108,28
9093,1520,1188,5,18,13,1656,9
9094,1520,1188,1,19,25,3021,55
9095,1520,1188,3,16,17,2144,29
9096,1521,1188,6,8,7,936,17
9097,1521,1188,4,13,13,1638,27
9098,1521,1188,3,15,20,2415,7
9099,1521,1188,6,1,1,124,26
9100,1521,1188,6,11,13,1562,19
9101,1522,1189,1,9,9,1170,58
9102,1522,1189,1,8,5,712,51
9103,1522,1189,2,20,13,1600,44
9104,1522,1189,2,14,17,2100,64
9105,1522,1189,7,8,11,1368,7
9106,1522,1189,7,17,20,2448,55
9107,1522,1189,5,2,1,200,43
9108,1523,1189,8,14,15,1862,5
9109,1523,1189,2,16,23,2864,17
9110,1523,1189,10,2,2,304,11
9111,1523,1189,4,10,6,810,3
9112,1523,1189,8,13,10,1235,27
9113,1523,1189,2,15,22,2670,24
9114,1523,1189,1,1,1,89,19
9115,1523,1189,6,2,2,274,7
9116,1524,1189,3,8,10,1280,40
9117,1524,1189,7,10,9,1110,52
9118,1524,1189,7,8,10,1224,5
9119,1524,1189,5,9,6,837,27
9120,1524,1189,1,17,17,2040,74
9121,1524,1189,2,3,3,441,29
9122,1525,1189,2,5,6,820,18
9123,1525,1189,6,6,6,750,21
9124,1525,1189,1,3,3,462,21
9125,1525,1189,1,12,15,1872,10
9126,1526,1189,1,19,18,2204,3
9127,1526,1189,9,11,13,1672,15
9128,1526,1189,6,19,13,1596,8
9129,1526,1189,7,5,4,555,15
9130,1526,1189,6,15,16,1935,14
9131,1526,1189,1,13,10,1313,11
9132,1527,1189,1,7,8,1064,20
9133,1527,1189,8,16,20,2400,7
9134,1527,1189,5,10,9,1170,22
9135,1527,1189,7,7,4,574,17
9136,1527,1189,1,7,7,924,8
9137,1527,1189,1,19,26,3135,7
9138,1528,1189,1,13,12,1443,66
9139,1528,1189,1,1,1,140,16
9140,1528,1189,2,10,12,1510,11
9141,1528,1189,5,4,3,432,29
9142,1529,1190,1,15,17,2055,52
9143,1529,1190,9,16,11,1424,18
9144,1529,1190,11,18,22,2700,18
9145,1529,1190,7,8,5,696,20
9146,1529,1190,5,15,15,1800,57
9147,1529,1190,2,12,14,1728,24
9148,1529,1190,2,1,1,106,54
9149,1530,1190,5,4,5,624,56
9150,1530,1190,6,9,13,1593,39
9151,1530,1190,3,6,6,768,21
9152,1530,1190,2,15,11,1320,13
9153,1530,1190,10,10,12,1530,54
9154,1530,1190,3,9,12,1521,24
9155,1530,1190,1,10,10,1200,15
9156,1531,1190,3,10,9,1180,44
9157,1531,1190,8,17,20,2516,10
9158,1531,1190,11,11,8,1067,47
9159,1531,1190,3,20,25,3060,4
9160,1531,1190,7,17,17,2142,7
9161,1531,1190,7,4,3,376,21
9162,1532,1190,8,18,18,2232,10
9163,1532,1190,2,14,13,1624,54
9164,1532,1190,4,2,2,326,48
9165,1532,1190,1,14,20,2464,69
9166,1532,1190,1,20,24,2980,26
9167,1533,1190,2,14,14,1694,4
9168,1533,1190,1,16,16,1920,33
9169,1533,1190,11,2,1,222,41
9170,1533,1190,2,12,12,1536,13
9171,1533,1190,6,7,10,1253,35
9172,1533,1190,6,8,7,944,40
9173,1533,1190,11,12,9,1164,18
9174,1533,1190,7,15,10,1290,22
9175,1534,1190,10,5,5,655,13
9176,1534,1190,5,1,1,161,13
9177,1534,1190,8,9,12,1494,48
9178,1534,1190,10,5,5,695,6
9179,1534,1190,2,17,24,2975,43
9180,1534,1190,2,6,8,1026,45
9181,1534,1190,4,13,16,2002,30
9182,1535,1191,11,7,9,1120,61
9183,1535,1191,1,18,18,2232,36
9184,1535,1191,3,15,22,2640,24
9185,1535,1191,3,4,5,612,25
9186,1535,1191,10,20,16,1980,23
9187,1536,1191,8,6,8,1014,29
9188,1536,1191,1,1,1,177,51
9189,1536,1191,1,8,11,1336,75
9190,1536,1191,2,4,4,576,47
9191,1537,1191,1,18,23,2844,11
9192,1537,1191,2,17,15,1870,6
9193,1537,1191,2,1,1,86,57
9194,1537,1191,2,13,11,1404,2
9195,1537,1191,1,6,7,864,10
9196,1537,1191,3,7,7,847,43
9197,1538,1191,6,18,19,2304,12
9198,1538,1191,3,14,16,2016,14
9199,1538,1191,6,3,2,312,5
9200,1538,1191,8,12,8,1044,14
9201,1538,1191,1,18,19,2376,11
9202,1538,1191,2,7,6,826,15
9203,1538,1191,2,17,20,2516,6
9204,1539,1191,10,18,20,2448,6
9205,1539,1191,5,10,10,1300,15
9206,1539,1191,10,7,7,910,7
9207,1539,1191,1,7,6,777,1
9208,1539,1191,10,10,10,1290,2
9209,1540,1191,11,5,6,725,2
9210,1540,1191,2,7,9,1183,52
9211,1540,1191,2,2,2,290,37
9212,1540,1191,8,16,15,1856,74
9213,1540,1191,1,3,3,405,31
9214,1540,1191,2,8,11,1336,5
9215,1540,1191,2,4,2,348,13
9216,1541,1191,3,5,6,735,36
9217,1541,1191,2,11,10,1309,10
9218,1541,1191,2,1,1,148,43
9219,1541,1191,3,13,10,1287,21
9220,1541,1191,10,12,8,1068,14
9221,1541,1191,6,17,16,2023,55
9222,1541,1191,1,13,18,2249,54
9223,1542,1191,1,13,8,1040,10
9224,1542,1191,3,1,1,161,4
9225,1542,1191,3,20,27,3280,11
9226,1542,1191,1,20,15,1860,13
9227,1543,1192,11,14,15,1806,41
9228,1543,1192,4,18,17,2088,21
9229,1543,1192,11,8,6,784,5
9230,1543,1192,3,2,1,204,44
9231,1544,1192,6,12,11,1368,17
9232,1544,1192,10,1,1,138,5
9233,1544,1192,8,1,1,167,30
9234,1544,1192,7,20,24,2920,24
9235,1544,1192,1,8,10,1312,2
9236,1544,1192,12,1,1,134,28
9237,1544,1192,3,9,11,1341,22
9238,1544,1192,2,8,10,1312,13
9239,1545,1192,2,19,28,3363,11
9240,1545,1192,2,3,2,303,19
9241,1545,1192,10,18,25,3024,6
9242,1545,1192,2,19,16,1938,6
9243,1546,1192,1,6,4,516,33
9244,1546,1192,6,12,9,1164,8
9245,1546,1192,10,13,16,1950,1
9246,1546,1192,1,6,6,798,28
9247,1546,1192,1,2,2,242,4
9248,1546,1192,3,8,11,1368,9
9249,1546,1192,2,20,14,1760,15
9250,1546,1192,10,10,9,1100,4
9251,1547,1192,7,6,7,852,17
9252,1547,1192,6,5,7,900,16
9253,1547,1192,5,17,16,1972,19
9254,1547,1192,1,8,9,1128,26
9255,1548,1192,6,9,7,891,47
9256,1548,1192,5,12,17,2088,34
9257,1548,1192,1,8,5,664,34
9258,1548,1192,3,9,6,828,19
9259,1548,1192,5,8,6,768,38
9260,1548,1192,6,17,17,2040,2
9261,1548,1192,2,2,2,352,18
9262,1548,1192,10,17,20,2431,43
9263,1549,1192,9,4,5,604,9
9264,1549,1192,10,15,17,2130,11
9265,1549,1192,1,20,14,1720,31
9266,1549,1192,2,9,10,1260,37
9267,1550,1193,3,16,14,1792,28
9268,1550,1193,7,1,1,105,23
9269,1550,1193,2,13,15,1911,22
9270,1550,1193,10,9,11,1323,13
9271,1551,1193,2,9,11,1404,49
9272,1551,1193,3,1,1,136,18
9273,1551,1193,1,13,18,2249,8
9274,1551,1193,7,16,15,1808,14
9275,1551,1193,1,18,13,1674,70
9276,1551,1193,1,14,17,2044,77
9277,1551,1193,1,5,5,625,17
9278,1552,1193,6,1,1,119,28
9279,1552,1193,6,12,9,1128,52
9280,1552,1193,1,13,17,2041,43
9281,1552,1193,3,15,15,1905,17
9282,1552,1193,6,14,15,1862,72
9283,1552,1193,2,18,12,1548,28
9284,1552,1193,6,4,4,536,26
9285,1552,1193,3,17,12,1496,59
9286,1553,1193,1,11,10,1221,32
9287,1553,1193,2,9,7,900,33
9288,1553,1193,2,20,18,2160,1
9289,1553,1193,1,20,29,3540,23
9290,1553,1193,2,12,9,1164,26
9291,1553,1193,1,18,18,2232,13
9292,1553,1193,1,18,20,2502,16
9293,1553,1193,2,1,1,91,6
9294,1554,1193,3,11,10,1254,63
9295,1554,1193,1,15,17,2085,5
9296,1554,1193,2,19,25,3002,6
9297,1554,1193,6,14,16,1932,69
9298,1554,1193,1,10,10,1260,50
9299,1554,1193,11,11,14,1683,62
9300,1555,1193,1,2,2,328,13
9301,1555,1193,8,9,6,738,22
9302,1555,1193,3,13,16,1937,38
9303,1555,1193,1,2,2,292,2
9304,1555,1193,2,4,5,680,44
9305,1555,1193,4,11,12,1474,40
9306,1555,1193,6,7,4,588,31
9307,1556,1193,6,17,19,2346,30
9308,1556,1193,8,14,17,2142,7
9309,1556,1193,2,17,19,2363,12
9310,1556,1193,2,8,7,952,5
9311,1556,1193,1,9,11,1332,22
9312,1556,1193,3,18,25,3078,27
9313,1556,1193,3,4,3,392,25
9314,1556,1193,2,16,22,2688,11
9315,1557,1194,9,19,15,1805,6
9316,1557,1194,10,18,23,2862,21
9317,1557,1194,10,17,17,2142,21
9318,1557,1194,1,19,26,3154,19
9319,1557,1194,1,13,8,1079,21
9320,1558,1194,6,18,26,3222,22
9321,1558,1194,10,7,8,973,46
9322,1558,1194,2,9,8,963,30
9323,1558,1194,10,7,5,665,34
9324,1558,1194,2,19,20,2489,32
9325,1558,1194,1,4,4,540,49
9326,1559,1194,7,4,3,456,20
9327,1559,1194,1,2,2,350,47
9328,1559,1194,2,15,15,1905,27
9329,1559,1194,1,8,11,1432,8
9330,1559,1194,1,14,13,1666,3
9331,1559,1194,3,20,23,2840,11
9332,1559,1194,6,17,24,2958,11
9333,1559,1194,1,18,21,2592,43
9334,1560,1194,1,7,10,1225,18
9335,1560,1194,2,19,27,3249,32
9336,1560,1194,6,20,16,1980,56
9337,1560,1194,2,20,23,2820,45
9338,1560,1194,1,14,15,1848,41
9339,1560,1194,9,11,10,1265,29
9340,1561,1194,9,8,11,1320,31
9341,1561,1194,10,2,2,338,21
9342,1561,1194,1,19,27,3325,45
9343,1561,1194,1,19,13,1653,51
9344,1561,1194,3,16,18,2208,8
9345,1561,1194,5,7,9,1197,26
9346,1561,1194,1,4,4,560,19
9347,1562,1194,2,6,6,744,25
9348,1562,1194,11,2,1,170,19
9349,1562,1194,1,4,4,528,26
9350,1562,1194,10,15,15,1875,10
9351,1563,1194,12,15,19,2295,12
9352,1563,1194,7,15,11,1395,8
9353,1563,1194,3,11,7,891,7
9354,1563,1194,10,10,8,1020,12
9355,1564,1194,10,10,8,1060,33
9356,1564,1194,5,4,4,568,27
9357,1564,1194,3,5,4,505,29
9358,1564,1194,1,12,11,1428,16
9359,1564,1194,11,13,17,2093,15
9360,1564,1194,6,11,13,1595,20
9361,1564,1194,12,9,10,1269,9
9362,1564,1194,2,2,1,232,25
9363,1565,1194,11,2,2,334,27
9364,1565,1194,3,1,1,130,14
9365,1565,1194,2,12,8,1008,24
9366,1565,1194,3,3,2,330,33
9367,1565,1194,1,20,23,2800,29
9368,1566,1194,8,14,15,1806,29
9369,1566,1194,3,11,10,1276,1
9370,1566,1194,2,6,5,690,11
9371,1566,1194,6,4,5,672,27
9372,1567,1195,7,17,24,2975,28
9373,1567,1195,10,15,18,2250,43
9374,1567,1195,1,18,13,1584,16
9375,1567,1195,11,17,11,1428,22
9376,1567,1195,3,6,4,564,15
9377,1568,1195,2,12,12,1464,48
9378,1568,1195,1,4,4,480,16
9379,1568,1195,1,1,1,174,45
9380,1568,1195,6,16,10,1296,47
9381,1568,1195,11,6,7,954,48
9382,1568,1195,1,13,16,1924,64
9383,1568,1195,10,9,8,1053,12
9384,1568,1195,1,7,7,861,70
9385,1569,1195,10,11,13,1661,51
9386,1569,1195,6,13,12,1443,41
9387,1569,1195,3,2,2,258,24
9388,1569,1195,2,12,8,1056,47
9389,1569,1195,1,19,27,3344,58
9390,1570,1195,1,17,15,1904,38
9391,1570,1195,2,3,2,306,30
9392,1570,1195,8,9,13,1593,56
9393,1570,1195,2,11,13,1617,42
9394,1570,1195,1,3,3,477,32
9395,1570,1195,3,6,4,564,13
9396,1570,1195,10,14,20,2478,6
9397,1570,1195,3,13,9,1157,21
9398,1571,1195,1,5,4,480,34
9399,1571,1195,10,15,10,1275,66
9400,1571,1195,1,1,1,93,35
9401,1571,1195,5,4,3,404,57
9402,1571,1195,1,18,22,2664,35
9403,1572,1195,2,10,12,1500,86
9404,1572,1195,7,4,3,388,52
9405,1572,1195,4,16,23,2816,77
9406,1572,1195,2,1,1,146,3
9407,1572,1195,2,18,23,2790,78
9408,1572,1195,10,11,14,1793,66
9409,1573,1195,1,7,6,812,4
9410,1573,1195,2,2,2,300,15
9411,1573,1195,6,2,2,246,49
9412,1573,1195,11,8,8,984,83
9413,1573,1195,5,14,18,2170,76
9414,1573,1195,1,6,4,558,31
9415,1574,1195,5,14,9,1148,5
9416,1574,1195,11,3,2,300,10
9417,1574,1195,10,15,16,2010,25
9418,1574,1195,2,17,13,1598,5
9419,1574,1195,7,12,15,1824,17
9420,1574,1195,10,13,19,2327,6
9421,1574,1195,1,9,11,1431,17
9422,1575,1195,10,11,14,1716,10
9423,1575,1195,10,13,8,1040,75
9424,1575,1195,1,8,7,864,11
9425,1575,1195,7,9,13,1575,56
9426,1575,1195,2,12,14,1716,16
9427,1575,1195,7,13,13,1625,63
9428,1575,1195,10,17,22,2720,13
9429,1575,1195,1,10,12,1530,80
9430,1576,1195,10,19,26,3154,13
9431,1576,1195,2,4,4,520,9
9432,1576,1195,2,17,18,2193,5
9433,1576,1195,10,19,19,2299,7
9434,1576,1195,8,5,7,890,5
9435,1577,1196,10,18,21,2556,50
9436,1577,1196,2,6,6,792,13
9437,1577,1196,10,19,19,2394,47
9438,1577,1196,4,11,13,1639,51
9439,1577,1196,1,1,1,168,42
9440,1577,1196,10,7,8,1071,32
9441,1578,1196,2,9,7,882,16
9442,1578,1196,4,12,15,1824,18
9443,1578,1196,10,4,5,620,6
9444,1578,1196,1,20,21,2580,12
9445,1578,1196,2,7,5,714,12
9446,1579,1196,3,6,4,582,31
9447,1579,1196,3,8,6,720,23
9448,1579,1196,3,8,7,896,16
9449,1579,1196,5,20,29,3480,45
9450,1579,1196,11,16,20,2416,5
9451,1579,1196,1,5,6,725,3
9452,1579,1196,1,15,17,2145,11
9453,1580,1196,5,12,8,984,5
9454,1580,1196,7,19,18,2204,9
9455,1580,1196,3,12,16,1980,7
9456,1580,1196,2,10,14,1690,8
9457,1580,1196,6,1,1,175,7
9458,1581,1196,9,14,19,2296,28
9459,1581,1196,11,19,25,3059,4
9460,1581,1196,10,14,18,2254,32
9461,1581,1196,11,9,10,1260,31
9462,1582,1196,1,2,1,234,1
9463,1582,1196,5,17,15,1904,16
9464,1582,1196,7,18,15,1836,26
9465,1582,1196,1,3,4,486,29
9466,1583,1196,6,7,10,1225,37
9467,1583,1196,1,11,9,1177,29
9468,1583,1196,10,5,4,485,34
9469,1583,1196,1,16,18,2256,58
9470,1583,1196,7,15,17,2070,33
9471,1583,1196,2,11,7,946,22
9472,1584,1197,1,4,3,464,68
9473,1584,1197,2,2,1,218,49
9474,1584,1197,1,8,10,1232,51
9475,1584,1197,7,18,21,2556,70
9476,1584,1197,9,10,8,1020,3
9477,1584,1197,7,10,11,1390,43
9478,1585,1197,2,17,22,2652,40
9479,1585,1197,3,16,11,1392,50
9480,1585,1197,6,8,11,1336,76
9481,1585,1197,1,11,10,1210,17
9482,1585,1197,6,2,1,198,41
9483,1586,1197,7,16,20,2480,38
9484,1586,1197,3,15,20,2430,58
9485,1586,1197,5,3,3,438,67
9486,1586,1197,8,7,9,1197,54
9487,1586,1197,7,3,2,324,42
9488,1586,1197,6,10,14,1790,42
9489,1586,1197,11,19,15,1843,9
9490,1587,1197,1,11,14,1760,7
9491,1587,1197,1,9,10,1242,28
9492,1587,1197,4,19,21,2546,18
9493,1587,1197,3,7,8,1008,75
9494,1587,1197,2,12,11,1404,73
9495,1587,1197,10,16,22,2656,60
9496,1587,1197,5,16,20,2400,81
9497,1588,1197,1,4,2,328,2
9498,1588,1197,1,9,7,918,33
9499,1588,1197,8,14,18,2184,4
9500,1588,1197,3,11,8,990,21
9501,1589,1197,1,19,28,3382,49
9502,1589,1197,7,19,26,3211,26
9503,1589,1197,3,1,1,164,33
9504,1589,1197,1,9,12,1440,23
9505,1589,1197,4,16,13,1648,18
9506,1589,1197,1,6,7,846,55
9507,1590,1198,2,5,6,795,39
9508,1590,1198,8,7,4,595,45
9509,1590,1198,1,4,5,620,60
9510,1590,1198,1,11,8,968,24
9511,1590,1198,6,9,7,954,31
9512,1590,1198,2,14,16,1946,48
9513,1590,1198,6,16,19,2288,57
9514,1591,1198,2,11,13,1628,31
9515,1591,1198,2,7,9,1155,5
9516,1591,1198,1,19,21,2584,39
9517,1591,1198,1,1,1,140,31
9518,1591,1198,1,6,7,870,2
9519,1592,1198,6,16,15,1808,51
9520,1592,1198,3,14,18,2198,64
9521,1592,1198,9,9,10,1260,20
9522,1592,1198,8,3,3,414,16
9523,1592,1198,7,6,5,702,30
9524,1592,1198,2,14,16,2016,32
9525,1592,1198,8,2,1,214,20
9526,1592,1198,2,7,7,903,48
9527,1593,1198,5,13,15,1846,14
9528,1593,1198,2,1,1,140,6
9529,1593,1198,7,16,13,1632,15
9530,1593,1198,6,10,11,1390,25
9531,1593,1198,2,14,20,2450,5
9532,1593,1198,1,13,9,1183,17
9533,1594,1198,6,8,6,744,37
9534,1594,1198,3,15,15,1830,26
9535,1594,1198,7,9,8,972,38
9536,1594,1198,10,2,2,308,21
9537,1594,1198,1,20,20,2460,26
9538,1594,1198,10,13,11,1391,2
9539,1594,1198,1,13,11,1365,25
9540,1595,1198,6,13,12,1469,2
9541,1595,1198,3,15,21,2610,26
9542,1595,1198,7,2,1,236,27
9543,1595,1198,10,4,3,364,7
9544,1595,1198,7,12,17,2124,28
9545,1595,1198,10,7,9,1176,24
9546,1596,1198,2,6,7,846,41
9547,1596,1198,10,20,20,2400,38
9548,1596,1198,7,13,14,1768,30
9549,1596,1198,3,2,2,244,24
9550,1596,1198,2,19,24,2926,46
9551,1596,1198,7,16,12,1456,12
9552,1596,1198,6,20,21,2580,39
9553,1597,1198,7,6,7,846,1
9554,1597,1198,1,5,6,765,8
9555,1597,1198,1,4,3,428,5
9556,1597,1198,3,19,16,1976,16
9557,1597,1198,8,14,9,1148,6
9558,1597,1198,1,14,20,2478,18
9559,1598,1199,3,5,7,870,20
9560,1598,1199,12,17,16,1938,6
9561,1598,1199,7,12,8,1056,24
9562,1598,1199,6,14,20,2464,3
9563,1598,1199,3,12,12,1476,18
9564,1598,1199,6,5,4,540,23
9565,1598,1199,2,5,7,840,18
9566,1599,1199,10,14,12,1456,1
9567,1599,1199,8,5,7,890,19
9568,1599,1199,5,6,7,942,29
9569,1599,1199,8,12,9,1176,70
9570,1600,1199,4,12,17,2064,25
9571,1600,1199,2,20,27,3260,53
9572,1600,1199,2,6,6,792,68
9573,1600,1199,6,16,15,1824,53
9574,1600,1199,2,12,12,1452,5
9575,1600,1199,3,5,6,730,32
9576,1600,1199,1,1,1,95,71
9577,1600,1199,11,2,2,294,70
9578,1601,1199,3,10,10,1240,4
9579,1601,1199,7,11,13,1639,15
9580,1601,1199,6,11,13,1617,2
9581,1601,1199,1,18,24,2916,72
9582,1601,1199,10,14,16,1988,77
9583,1601,1199,4,9,8,1008,64
9584,1602,1199,3,18,20,2412,13
9585,1602,1199,1,13,19,2340,21
9586,1602,1199,2,11,10,1221,8
9587,1602,1199,2,15,17,2040,9
9588,1602,1199,7,14,12,1526,7
9589,1603,1199,8,14,11,1414,65
9590,1603,1199,1,3,3,372,1
9591,1603,1199,1,16,15,1872,27
9592,1603,1199,5,16,14,1776,37
9593,1603,1199,11,2,2,242,22
9594,1604,1199,10,1,1,112,31
9595,1604,1199,1,14,9,1162,40
9596,1604,1199,3,19,21,2546,11
9597,1604,1199,6,9,9,1125,38
9598,1604,1199,4,8,8,1056,25
9599,1604,1199,1,18,26,3168,48
9600,1605,1199,6,3,3,408,49
9601,1605,1199,2,8,8,1032,28
9602,1605,1199,2,20,22,2720,42
9603,1605,1199,5,12,14,1764,29
9604,1606,1199,6,12,16,1956,24
9605,1606,1199,3,8,6,752,52
9606,1606,1199,6,18,16,2016,17
9607,1606,1199,2,20,21,2580,5
9608,1606,1199,10,8,10,1216,21
9609,1606,1199,1,16,14,1792,31
9610,1606,1199,3,9,8,990,29
9611,1606,1199,6,3,2,294,15
9612,1607,1199,3,13,9,1157,40
9613,1607,1199,1,18,26,3168,37
9614,1607,1199,9,16,16,1952,24
9615,1607,1199,4,18,16,1944,9
9616,1607,1199,7,20,14,1700,41
9617,1607,1199,8,2,2,242,38
9618,1607,1199,1,10,10,1240,48
9619,1608,1200,5,10,7,840,21
9620,1608,1200,7,3,3,459,15
9621,1608,1200,2,6,5,702,27
9622,1608,1200,1,16,12,1488,9
9623,1608,1200,1,8,7,888,4
9624,1608,1200,8,14,14,1722,16
9625,1609,1200,6,16,16,1920,60
9626,1609,1200,10,19,26,3135,35
9627,1609,1200,1,13,10,1300,33
9628,1609,1200,1,4,5,624,26
9629,1609,1200,10,17,20,2414,36
9630,1609,1200,4,11,14,1771,31
9631,1610,1200,11,15,16,2010,32
9632,1610,1200,1,16,18,2208,29
9633,1610,1200,6,17,24,2924,32
9634,1610,1200,10,13,14,1716,4
9635,1610,1200,5,19,22,2717,65
9636,1610,1200,8,11,7,891,8
9637,1610,1200,6,10,9,1150,47
9638,1611,1200,6,6,7,948,1
9639,1611,1200,6,1,1,136,20
9640,1611,1200,2,6,8,1008,5
9641,1611,1200,3,5,5,685,17
9642,1611,1200,1,10,10,1290,8
9643,1612,1200,6,12,13,1608,32
9644,1612,1200,1,15,17,2040,21
9645,1612,1200,1,18,26,3204,47
9646,1612,1200,10,15,12,1515,18
9647,1612,1200,8,11,13,1650,6
9648,1612,1200,7,19,28,3420,55
9649,1613,1200,11,17,16,2006,1
9650,1613,1200,4,11,16,1947,26
9651,1613,1200,6,1,1,126,26
9652,1613,1200,7,11,14,1749,81
9653,1614,1201,10,12,8,1008,59
9654,1614,1201,7,1,1,124,11
9655,1614,1201,8,2,2,264,54
9656,1614,1201,3,3,4,537,17
9657,1614,1201,5,11,11,1419,32
9658,1615,1201,3,17,17,2074,29
9659,1615,1201,3,18,26,3204,20
9660,1615,1201,1,19,15,1919,40
9661,1615,1201,1,16,12,1488,62
9662,1615,1201,2,14,19,2352,25
9663,1616,1201,5,2,2,264,18
9664,1616,1201,2,17,15,1802,14
9665,1616,1201,8,17,13,1615,14
9666,1616,1201,3,7,8,1036,13
9667,1616,1201,3,14,9,1190,13
9668,1616,1201,3,12,12,1488,19
9669,1617,1201,2,1,1,120,57
9670,1617,1201,3,5,5,625,2
9671,1617,1201,2,6,6,732,69
9672,1617,1201,6,17,21,2550,9
9673,1617,1201,1,18,18,2160,42
9674,1617,1201,5,5,4,535,44
9675,1618,1201,8,5,3,425,68
9676,1618,1201,1,10,7,940,3
9677,1618,1201,8,3,3,381,8
9678,1618,1201,8,10,12,1540,32
9679,1618,1201,1,13,8,1053,67
9680,1618,1201,6,14,20,2492,15
9681,1619,1201,6,14,10,1274,15
9682,1619,1201,6,1,1,170,18
9683,1619,1201,3,12,8,1020,3
9684,1619,1201,1,10,10,1220,36
9685,1619,1201,2,18,23,2790,9
9686,1619,1201,1,16,10,1312,26
9687,1620,1201,10,13,12,1547,78
9688,1620,1201,8,20,18,2200,43
9689,1620,1201,3,12,17,2088,84
9690,1620,1201,9,2,2,332,29
9691,1621,1201,1,10,11,1420,18
9692,1621,1201,10,10,10,1260,42
9693,1621,1201,8,4,4,568,5
9694,1621,1201,5,8,7,880,45
9695,1621,1201,1,10,13,1620,24
9696,1621,1201,2,20,26,3200,53
9697,1621,1201,3,8,11,1320,5
9698,1621,1201,7,2,1,226,46
9699,1622,1201,1,18,26,3186,70
9700,1622,1201,8,14,16,2002,81
9701,1622,1201,1,11,8,1023,39
9702,1622,1201,1,19,20,2432,15
9703,1622,1201,7,2,2,304,75
9704,1622,1201,4,15,13,1590,10
9705,1622,1201,4,1,1,155,65
9706,1622,1201,11,13,14,1716,69
9707,1623,1202,10,18,17,2106,25
9708,1623,1202,6,6,7,900,7
9709,1623,1202,2,4,4,512,17
9710,1623,1202,2,14,15,1806,10
9711,1623,1202,2,8,6,752,10
9712,1624,1202,1,15,16,1965,38
9713,1624,1202,4,13,11,1326,50
9714,1624,1202,10,19,19,2375,32
9715,1624,1202,8,19,18,2261,32
9716,1624,1202,2,2,2,302,4
9717,1624,1202,6,17,22,2686,51
9718,1624,1202,3,15,13,1635,42
9719,1625,1202,1,14,9,1176,9
9720,1625,1202,1,3,2,339,25
9721,1625,1202,2,3,3,399,11
9722,1625,1202,1,9,8,1017,25
9723,1625,1202,1,6,6,810,9
9724,1625,1202,2,12,16,2004,22
9725,1625,1202,4,5,6,780,26
9726,1626,1202,2,19,14,1786,15
9727,1626,1202,10,15,18,2265,3
9728,1626,1202,2,17,20,2414,28
9729,1626,1202,1,20,17,2080,36
9730,1626,1202,8,15,13,1665,39
9731,1626,1202,3,11,15,1914,11
9732,1627,1202,1,16,15,1856,8
9733,1627,1202,2,9,13,1593,18
9734,1627,1202,1,6,6,810,8
9735,1627,1202,1,7,6,812,10
9736,1627,1202,2,11,11,1419,6
9737,1627,1202,5,5,5,675,10
9738,1627,1202,9,7,8,1036,17
9739,1628,1202,2,1,1,153,22
9740,1628,1202,2,5,6,800,12
9741,1628,1202,8,16,16,1968,1
9742,1628,1202,2,18,21,2592,21
9743,1628,1202,1,9,12,1458,29
9744,1628,1202,5,6,8,1014,1
9745,1629,1202,1,7,6,742,20
9746,1629,1202,1,6,8,984,14
9747,1629,1202,4,4,5,692,16
9748,1629,1202,1,16,13,1600,29
9749,1630,1202,1,15,21,2580,28
9750,1630,1202,3,14,18,2212,22
9751,1630,1202,10,17,13,1615,38
9752,1630,1202,6,10,14,1770,25
9753,1630,1202,5,15,20,2415,46
9754,1630,1202,3,10,12,1540,44
9755,1630,1202,1,19,18,2223,18
9756,1631,1202,3,12,16,1932,32
9757,1631,1202,1,13,14,1716,33
9758,1631,1202,2,20,13,1600,22
9759,1631,1202,2,14,15,1904,33
9760,1631,1202,1,6,4,504,13
9761,1632,1202,10,16,18,2192,2
9762,1632,1202,2,10,7,850,27
9763,1632,1202,5,18,16,1944,25
9764,1632,1202,1,11,15,1815,13
9765,1632,1202,4,4,4,520,52
9766,1633,1203,3,18,13,1566,4
9767,1633,1203,10,8,9,1152,12
9768,1633,1203,11,3,2,282,12
9769,1633,1203,2,8,10,1216,16
9770,1633,1203,5,4,4,504,16
9771,1634,1203,6,3,2,246,44
9772,1634,1203,2,14,9,1134,33
9773,1634,1203,3,6,5,660,46
9774,1634,1203,2,2,1,234,26
9775,1634,1203,1,5,5,660,42
9776,1634,1203,1,5,4,595,32
9777,1635,1203,1,18,25,3042,5
9778,1635,1203,10,14,18,2268,4
9779,1635,1203,10,8,8,984,2
9780,1635,1203,11,5,3,440,2
9781,1635,1203,5,2,1,178,11
9782,1635,1203,10,20,25,3080,16
9783,1636,1203,7,17,12,1496,2
9784,1636,1203,5,20,23,2820,12
9785,1636,1203,1,14,17,2058,13
9786,1636,1203,3,12,8,1032,7
9787,1636,1203,3,3,4,531,13
9788,1637,1203,1,8,9,1120,13
9789,1637,1203,1,15,11,1350,18
9790,1637,1203,7,19,12,1558,13
9791,1637,1203,6,20,16,1980,2
9792,1637,1203,10,11,15,1914,26
9793,1637,1203,1,2,2,282,1
9794,1638,1203,4,17,17,2057,29
9795,1638,1203,6,18,22,2646,11
9796,1638,1203,1,6,6,834,15
9797,1638,1203,5,11,9,1122,10
9798,1638,1203,6,7,5,714,9
9799,1638,1203,6,6,8,1068,21
9800,1639,1203,6,8,10,1200,10
9801,1639,1203,4,12,11,1404,8
9802,1639,1203,6,17,20,2516,13
9803,1639,1203,8,12,15,1872,9
9804,1639,1203,3,2,1,174,16
9805,1639,1203,8,19,16,1938,9
9806,1640,1203,3,20,24,2920,31
9807,1640,1203,3,12,12,1512,47
9808,1640,1203,6,9,9,1107,32
9809,1640,1203,5,12,8,1008,2
9810,1640,1203,10,16,23,2800,60
9811,1640,1203,11,20,25,3080,7
9812,1640,1203,7,4,4,544,19
9813,1641,1204,12,17,11,1360,10
9814,1641,1204,1,8,6,752,12
9815,1641,1204,6,19,21,2527,9
9816,1641,1204,1,2,1,180,10
9817,1641,1204,3,3,3,477,22
9818,1641,1204,1,7,7,847,6
9819,1642,1204,8,13,9,1118,27
9820,1642,1204,1,13,18,2275,36
9821,1642,1204,1,13,14,1703,30
9822,1642,1204,2,13,9,1196,38
9823,1642,1204,1,18,14,1782,25
9824,1643,1204,1,15,11,1425,10
9825,1643,1204,8,10,10,1200,8
9826,1643,1204,10,9,6,765,6
9827,1643,1204,7,20,27,3300,11
9828,1643,1204,6,1,1,150,2
9829,1643,1204,6,1,1,80,14
9830,1643,1204,9,11,12,1452,13
9831,1644,1204,1,14,12,1512,24
9832,1644,1204,6,3,3,420,28
9833,1644,1204,2,6,5,678,8
9834,1644,1204,2,1,1,99,12
9835,1644,1204,8,17,25,3060,25
9836,1644,1204,3,4,2,344,26
9837,1645,1204,1,10,12,1540,11
9838,1645,1204,11,12,13,1644,29
9839,1645,1204,3,3,4,495,20
9840,1645,1204,6,12,14,1680,6
9841,1645,1204,4,7,5,693,9
9842,1645,1204,7,20,26,3180,55
9843,1645,1204,9,12,10,1200,26
9844,1646,1204,10,17,22,2703,46
9845,1646,1204,10,17,22,2652,52
9846,1646,1204,7,13,18,2249,36
9847,1646,1204,10,4,4,564,7
9848,1646,1204,2,4,3,364,5
9849,1646,1204,2,9,7,846,11
9850,1646,1204,2,17,16,2023,24
9851,1647,1205,10,7,7,952,10
9852,1647,1205,10,16,22,2736,34
9853,1647,1205,1,1,1,167,53
9854,1647,1205,3,11,10,1309,41
9855,1648,1205,3,1,1,104,9
9856,1648,1205,1,4,5,652,3
9857,1648,1205,10,13,9,1183,15
9858,1648,1205,1,4,3,424,21
9859,1648,1205,10,4,3,372,5
9860,1648,1205,3,18,16,1944,3
9861,1649,1205,3,1,1,111,41
9862,1649,1205,3,13,13,1625,55
9863,1649,1205,2,1,1,88,73
9864,1649,1205,1,11,10,1287,17
9865,1650,1205,7,15,18,2250,20
9866,1650,1205,10,3,2,285,54
9867,1650,1205,10,7,6,798,23
9868,1650,1205,2,3,2,285,33
9869,1651,1205,6,14,11,1372,36
9870,1651,1205,10,17,13,1666,17
9871,1651,1205,2,2,2,324,55
9872,1651,1205,10,10,8,960,10
9873,1651,1205,8,14,16,2030,34
9874,1651,1205,3,8,9,1168,45
9875,1652,1205,2,14,15,1820,21
9876,1652,1205,1,16,15,1856,28
9877,1652,1205,2,7,10,1239,15
9878,1652,1205,1,14,20,2464,56
9879,1652,1205,2,11,7,891,28
9880,1653,1205,1,7,8,980,42
9881,1653,1205,1,8,10,1296,44
9882,1653,1205,2,14,20,2450,51
9883,1653,1205,2,4,5,704,44
9884,1653,1205,1,16,19,2384,39
9885,1653,1205,10,2,2,322,31
9886,1654,1205,3,13,9,1118,15
9887,1654,1205,5,17,15,1853,2
9888,1654,1205,2,11,14,1771,36
9889,1654,1205,6,16,15,1904,64
9890,1654,1205,2,9,12,1521,29
9891,1654,1205,2,20,23,2800,32
9892,1655,1206,6,17,25,3026,47
9893,1655,1206,1,12,11,1320,10
9894,1655,1206,6,16,16,1920,7
9895,1655,1206,2,1,1,152,28
9896,1656,1206,5,20,21,2600,15
9897,1656,1206,2,1,1,174,12
9898,1656,1206,1,1,1,121,12
9899,1656,1206,1,12,14,1692,5
9900,1657,1206,3,5,5,645,13
9901,1657,1206,4,13,11,1378,20
9902,1657,1206,6,6,5,696,3
9903,1657,1206,3,4,3,364,20
9904,1657,1206,2,9,6,756,23
9905,1657,1206,7,13,11,1326,16
9906,1658,1206,12,2,2,260,17
9907,1658,1206,8,3,4,531,4
9908,1658,1206,1,4,4,552,11
9909,1658,1206,6,18,14,1782,6
9910,1658,1206,1,3,2,309,11
9911,1658,1206,2,16,12,1552,12
9912,1658,1206,1,7,8,1022,12
9913,1658,1206,10,14,11,1330,14
9914,1659,1206,11,9,6,819,25
9915,1659,1206,2,6,7,858,64
9916,1659,1206,1,7,7,840,63
9917,1659,1206,2,16,14,1792,24
9918,1660,1206,7,1,1,157,9
9919,1660,1206,1,15,19,2340,8
9920,1660,1206,10,9,7,846,12
9921,1660,1206,6,15,11,1320,20
9922,1660,1206,7,10,8,980,11
9923,1660,1206,1,11,13,1672,5
9924,1661,1206,10,19,19,2394,23
9925,1661,1206,6,18,21,2556,32
9926,1661,1206,6,20,18,2160,26
9927,1661,1206,2,6,7,852,14
9928,1662,1206,1,17,24,2924,81
9929,1662,1206,1,3,2,288,75
9930,1662,1206,1,8,8,968,14
9931,1662,1206,1,3,2,330,84
9932,1662,1206,1,4,2,332,61
9933,1662,1206,2,12,17,2124,87
9934,1662,1206,1,9,9,1179,74
9935,1663,1206,1,5,7,865,17
9936,1663,1206,1,6,4,504,72
9937,1663,1206,3,8,9,1176,42
9938,1663,1206,10,16,11,1392,74
9939,1664,1207,3,17,17,2125,72
9940,1664,1207,10,17,15,1802,62
9941,1664,1207,6,4,3,432,15
9942,1664,1207,3,18,15,1854,18
9943,1664,1207,2,2,2,292,1
9944,1665,1207,2,20,18,2180,5
9945,1665,1207,10,18,17,2124,18
9946,1665,1207,7,18,22,2718,16
9947,1665,1207,5,7,7,952,41
9948,1666,1207,5,4,3,432,27
9949,1666,1207,3,9,11,1377,35
9950,1666,1207,3,10,10,1260,41
9951,1666,1207,2,15,17,2130,2
9952,1666,1207,1,8,8,1000,42
9953,1667,1207,10,9,11,1350,13
9954,1667,1207,6,17,11,1411,72
9955,1667,1207,8,19,25,3097,30
9956,1667,1207,4,11,7,957,18
9957,1667,1207,7,18,17,2070,63
9958,1668,1207,11,17,20,2414,46
9959,1668,1207,1,3,3,381,55
9960,1668,1207,7,4,4,484,31
9961,1668,1207,1,2,2,274,3
9962,1668,1207,2,14,19,2338,64
9963,1669,1207,1,19,28,3420,9
9964,1669,1207,7,3,2,279,43
9965,1669,1207,2,8,5,664,32
9966,1669,1207,4,4,3,416,33
9967,1669,1207,6,8,9,1136,64
9968,1670,1207,8,7,8,994,19
9969,1670,1207,6,7,4,581,14
9970,1670,1207,1,18,23,2772,5
9971,1670,1207,10,1,1,116,12
9972,1671,1207,1,4,4,520,6
9973,1671,1207,9,15,21,2520,10
9974,1671,1207,1,14,17,2114,9
9975,1671,1207,10,8,6,784,12
9976,1671,1207,10,11,7,957,25
9977,1671,1207,3,11,8,1067,19
9978,1671,1207,6,1,1,122,23
9979,1672,1208,1,15,12,1500,5
9980,1672,1208,6,16,20,2400,3
9981,1672,1208,10,11,15,1859,42
9982,1672,1208,1,18,13,1656,54
9983,1673,1208,3,15,21,2625,45
9984,1673,1208,7,3,4,519,29
9985,1673,1208,2,6,4,504,21
9986,1673,1208,2,12,9,1080,24
9987,1673,1208,10,11,12,1463,31
9988,1673,1208,8,9,6,729,37
9989,1674,1208,7,16,16,1920,16
9990,1674,1208,1,1,1,89,15
9991,1674,1208,10,3,2,354,3
9992,1674,1208,2,18,12,1548,25
9993,1675,1208,1,9,13,1620,35
9994,1675,1208,11,12,11,1428,67
9995,1675,1208,2,2,1,162,6
9996,1675,1208,10,2,1,164,38
9997,1675,1208,7,9,9,1125,33
9998,1675,1208,6,13,15,1911,28
9999,1675,1208,2,18,20,2448,45
10000,1675,1208,1,14,9,1148,37
10001,1676,1208,1,10,10,1300,55
10002,1676,1208,1,15,16,2010,8
10003,1676,1208,1,7,8,1029,6
10004,1676,1208,7,20,20,2440,11
10005,1676,1208,1,17,13,1598,22
10006,1676,1208,6,4,4,516,46
10007,1676,1208,1,12,8,1044,72
10008,1676,1208,6,12,15,1824,43
10009,1677,1208,1,1,1,136,3
10010,1677,1208,8,9,6,801,14
10011,1677,1208,6,16,18,2256,13
10012,1677,1208,10,4,5,640,2
10013,1677,1208,6,8,11,1432,6
10014,1678,1208,3,16,11,1392,11
10015,1678,1208,2,13,9,1196,27
10016,1678,1208,4,10,9,1150,25
10017,1678,1208,6,10,10,1260,42
10018,1678,1208,4,6,5,672,44
10019,1678,1208,2,18,16,1962,12
10020,1678,1208,4,3,2,273,16
10021,1678,1208,10,5,4,570,44
10022,1679,1209,8,6,8,1074,75
10023,1679,1209,3,11,14,1683,12
10024,1679,1209,7,9,8,1062,68
10025,1679,1209,10,19,18,2261,3
10026,1679,1209,10,19,25,3116,40
10027,1679,1209,2,18,16,2016,52
10028,1679,1209,2,19,15,1881,38
10029,1679,1209,5,17,20,2431,72
10030,1680,1209,3,16,17,2128,33
10031,1680,1209,10,16,14,1696,58
10032,1680,1209,5,11,10,1221,36
10033,1680,1209,10,12,9,1128,73
10034,1680,1209,1,18,20,2484,16
10035,1680,1209,3,18,22,2754,58
10036,1680,1209,2,14,16,1932,56
10037,1681,1209,1,4,5,624,25
10038,1681,1209,10,6,6,768,33
10039,1681,1209,1,19,25,3116,27
10040,1681,1209,1,14,17,2156,64
10041,1681,1209,10,1,1,147,46
10042,1681,1209,3,15,15,1800,15
10043,1681,1209,1,12,16,1956,56
10044,1681,1209,7,7,10,1211,54
10045,1682,1209,10,15,17,2115,16
10046,1682,1209,10,4,3,456,2
10047,1682,1209,2,15,17,2085,2
10048,1682,1209,1,12,17,2100,1
10049,1682,1209,7,12,12,1524,10
10050,1682,1209,2,10,7,840,20
10051,1683,1209,8,5,5,635,50
10052,1683,1209,12,7,8,994,34
10053,1683,1209,11,9,13,1575,71
10054,1683,1209,2,11,15,1903,44
10055,1683,1209,7,16,17,2064,53
10056,1683,1209,1,11,15,1848,35
10057,1683,1209,11,1,1,170,43
10058,1684,1209,8,15,12,1500,61
10059,1684,1209,10,16,12,1536,68
10060,1684,1209,6,5,5,700,50
10061,1684,1209,6,17,21,2567,64
10062,1684,1209,1,18,23,2772,35
10063,1685,1209,8,1,1,110,27
10064,1685,1209,10,20,24,2980,2
10065,1685,1209,8,6,8,1074,30
10066,1685,1209,3,10,9,1130,35
10067,1685,1209,1,20,19,2320,13
10068,1685,1209,6,2,1,174,31
10069,1685,1209,6,13,10,1209,28
10070,1686,1209,10,15,20,2505,34
10071,1686,1209,2,9,10,1278,7
10072,1686,1209,3,10,12,1520,5
10073,1686,1209,6,13,11,1352,28
10074,1686,1209,6,1,1,167,31
10075,1686,1209,8,11,14,1727,12
10076,1686,1209,2,4,4,516,39
10077,1687,1210,5,16,21,2544,66
10078,1687,1210,1,2,2,282,6
10079,1687,1210,1,3,2,315,28
10080,1687,1210,7,10,14,1740,3
10081,1687,1210,1,16,15,1888,30
10082,1687,1210,1,14,17,2142,23
10083,1687,1210,7,9,11,1431,37
10084,1688,1210,7,19,25,3059,46
10085,1688,1210,10,20,15,1900,16
10086,1688,1210,6,6,7,918,39
10087,1688,1210,3,9,6,765,32
10088,1689,1210,5,20,15,1840,9
10089,1689,1210,3,12,15,1860,12
10090,1689,1210,1,3,4,489,5
10091,1689,1210,1,7,6,763,19
10092,1689,1210,8,2,2,254,20
10093,1690,1210,6,9,7,891,28
10094,1690,1210,6,10,8,1040,27
10095,1690,1210,7,12,16,1992,37
10096,1690,1210,10,17,20,2448,39
10097,1690,1210,2,16,22,2752,62
10098,1690,1210,2,18,24,2880,42
10099,1690,1210,1,8,5,648,23
10100,1691,1210,6,3,3,414,27
10101,1691,1210,8,13,10,1300,46
10102,1691,1210,1,11,11,1375,26
10103,1691,1210,1,15,19,2385,19
10104,1691,1210,2,10,13,1660,66
10105,1692,1210,11,15,22,2655,63
10106,1692,1210,6,8,11,1384,66
10107,1692,1210,10,17,21,2584,35
10108,1692,1210,10,3,2,303,68
10109,1692,1210,11,15,12,1515,65
10110,1692,1210,4,9,10,1287,69
10111,1692,1210,2,20,15,1800,7
10112,1693,1211,6,20,21,2560,41
10113,1693,1211,1,10,7,920,41
10114,1693,1211,4,3,4,495,66
10115,1693,1211,1,1,1,116,3
10116,1693,1211,2,1,1,138,14
10117,1694,1211,8,9,8,999,23
10118,1694,1211,2,2,1,206,14
10119,1694,1211,2,17,13,1564,10
10120,1694,1211,6,8,8,1000,11
10121,1694,1211,1,19,16,2014,12
10122,1694,1211,1,3,4,492,3
10123,1694,1211,1,4,5,688,11
10124,1694,1211,4,12,13,1560,15
10125,1695,1211,3,2,2,344,5
10126,1695,1211,11,15,14,1725,37
10127,1695,1211,1,15,15,1890,27
10128,1695,1211,11,16,14,1744,1
10129,1695,1211,1,4,5,680,29
10130,1696,1211,9,16,21,2576,6
10131,1696,1211,1,1,1,92,38
10132,1696,1211,5,14,11,1400,10
10133,1696,1211,9,18,23,2844,21
10134,1696,1211,10,6,8,1032,34
10135,1697,1211,1,13,13,1586,5
10136,1697,1211,10,19,21,2546,15
10137,1697,1211,3,6,8,978,6
10138,1697,1211,10,9,8,999,6
10139,1698,1211,1,18,25,3078,1
10140,1698,1211,12,2,1,236,11
10141,1698,1211,1,11,16,1925,8
10142,1698,1211,10,4,5,612,11
10143,1698,1211,6,14,10,1218,5
10144,1698,1211,3,20,29,3580,7
10145,1698,1211,8,9,13,1584,16
10146,1699,1211,10,9,10,1296,43
10147,1699,1211,2,11,12,1540,45
10148,1699,1211,1,9,7,909,23
10149,1699,1211,2,9,13,1584,8
10150,1700,1211,3,4,5,716,63
10151,1700,1211,2,9,6,837,67
10152,1700,1211,1,16,12,1488,15
10153,1700,1211,2,18,27,3240,13
10154,1700,1211,2,12,15,1812,3
10155,1700,1211,10,19,22,2717,86
10156,1700,1211,8,11,11,1375,63
10157,1700,1211,1,6,6,786,63
10158,1701,1212,2,10,7,910,20
10159,1701,1212,10,9,13,1575,9
10160,1701,1212,6,9,13,1602,10
10161,1701,1212,7,16,21,2560,2
10162,1701,1212,5,2,2,338,23
10163,1701,1212,10,3,3,366,53
10164,1702,1212,6,6,6,792,33
10165,1702,1212,2,20,22,2720,3
10166,1702,1212,2,9,6,792,27
10167,1702,1212,7,17,13,1598,19
10168,1702,1212,1,1,1,136,25
10169,1702,1212,6,3,3,408,42
10170,1702,1212,1,14,17,2072,5
10171,1702,1212,10,8,8,1072,24
10172,1703,1212,6,15,16,1950,53
10173,1703,1212,7,2,2,240,33
10174,1703,1212,1,15,22,2700,11
10175,1703,1212,2,1,1,143,56
10176,1703,1212,1,15,15,1860,15
10177,1704,1212,10,16,20,2400,33
10178,1704,1212,1,10,10,1270,47
10179,1704,1212,3,4,4,588,81
10180,1704,1212,3,16,18,2256,6
10181,1705,1212,6,20,28,3440,21
10182,1705,1212,8,6,7,900,30
10183,1705,1212,2,4,3,452,27
10184,1705,1212,1,19,15,1881,15
10185,1705,1212,2,15,12,1530,47
10186,1706,1212,1,15,14,1725,7
10187,1706,1212,10,19,14,1767,22
10188,1706,1212,6,2,2,248,76
10189,1706,1212,6,9,8,1044,60
10190,1706,1212,6,13,16,2015,69
10191,1707,1212,1,6,6,738,52
10192,1707,1212,8,2,2,296,28
10193,1707,1212,3,1,1,151,70
10194,1707,1212,1,12,14,1704,5
10195,1708,1212,7,13,18,2223,8
10196,1708,1212,3,8,8,1016,11
10197,1708,1212,6,20,15,1860,11
10198,1708,1212,1,15,16,1920,3
10199,1708,1212,3,14,11,1386,19
10200,1709,1212,10,7,7,903,55
10201,1709,1212,11,5,7,895,24
10202,1709,1212,2,13,15,1885,32
10203,1709,1212,1,5,3,435,40
10204,1709,1212,1,11,10,1265,24
10205,1709,1212,1,18,12,1476,25
10206,1709,1212,6,1,1,158,29
10207,1710,1212,4,4,4,592,26
10208,1710,1212,6,10,7,950,8
10209,1710,1212,11,1,1,135,50
10210,1710,1212,2,10,12,1450,37
10211,1710,1212,12,8,11,1368,73
10212,1710,1212,2,1,1,176,1
10213,1710,1212,2,2,1,216,41
10214,1710,1212,9,14,9,1120,69
10215,1711,1213,2,8,9,1120,48
10216,1711,1213,6,1,1,116,37
10217,1711,1213,3,20,14,1720,41
10218,1711,1213,7,8,5,696,34
10219,1711,1213,3,5,5,710,68
10220,1711,1213,6,6,6,828,55
10221,1711,1213,2,4,3,416,1
10222,1712,1213,10,4,5,636,18
10223,1712,1213,10,11,13,1562,11
10224,1712,1213,2,7,8,1043,17
10225,1712,1213,8,18,17,2088,6
10226,1713,1213,1,6,7,864,21
10227,1713,1213,8,15,12,1500,23
10228,1713,1213,2,6,4,486,24
10229,1713,1213,6,18,18,2268,5
10230,1713,1213,2,12,8,1044,8
10231,1713,1213,1,6,5,672,30
10232,1713,1213,1,15,18,2250,33
10233,1714,1213,1,20,29,3500,45
10234,1714,1213,1,17,22,2737,18
10235,1714,1213,1,1,1,125,48
10236,1714,1213,1,10,7,930,9
10237,1714,1213,1,1,1,143,17
10238,1714,1213,6,2,1,230,48
10239,1715,1213,6,7,6,749,5
10240,1715,1213,3,20,16,1960,13
10241,1715,1213,5,19,17,2147,15
10242,1715,1213,2,15,19,2370,7
10243,1715,1213,1,5,6,830,12
10244,1715,1213,1,7,9,1099,2
10245,1715,1213,2,2,2,252,14
10246,1716,1213,1,10,7,950,27
10247,1716,1213,3,20,19,2360,12
10248,1716,1213,1,11,13,1628,9
10249,1716,1213,5,14,15,1806,37
10250,1716,1213,10,14,13,1652,27
10251,1716,1213,11,12,16,1992,25
10252,1716,1213,1,10,14,1740,41
10253,1717,1213,5,4,4,508,3
10254,1717,1213,7,19,19,2280,7
10255,1717,1213,10,13,18,2197,15
10256,1717,1213,8,4,4,592,29
10257,1717,1213,6,19,22,2679,27
10258,1717,1213,8,8,11,1328,49
10259,1717,1213,1,7,4,567,18
10260,1718,1213,6,17,22,2720,16
10261,1718,1213,1,19,20,2451,1
10262,1718,1213,7,11,7,913,40
10263,1718,1213,7,5,5,715,2
10264,1718,1213,2,1,1,179,20
10265,1719,1213,3,10,11,1390,6
10266,1719,1213,8,5,5,645,6
10267,1719,1213,7,15,15,1800,62
10268,1719,1213,7,20,22,2660,55
10269,1719,1213,1,17,11,1411,46
10270,1719,1213,1,16,13,1664,68
10271,1719,1213,1,18,26,3222,68
10272,1720,1213,5,1,1,91,39
10273,1720,1213,8,19,23,2831,11
10274,1720,1213,2,16,11,1376,30
10275,1720,1213,2,17,23,2856,26
10276,1721,1214,6,14,12,1456,7
10277,1721,1214,3,6,7,864,11
10278,1721,1214,6,14,17,2086,10
10279,1721,1214,2,1,1,128,13
10280,1721,1214,10,13,15,1872,11
10281,1721,1214,10,3,2,300,8
10282,1721,1214,6,10,14,1730,14
10283,1721,1214,1,6,7,894,11
10284,1722,1214,10,14,17,2086,50
10285,1722,1214,1,15,19,2340,9
10286,1722,1214,1,10,7,920,43
10287,1722,1214,6,15,19,2355,29
10288,1722,1214,1,4,2,340,36
10289,1722,1214,1,7,6,791,36
10290,1722,1214,7,20,24,2980,59
10291,1722,1214,10,9,8,1008,59
10292,1723,1214,1,9,11,1332,32
10293,1723,1214,1,14,14,1680,70
10294,1723,1214,2,15,21,2610,18
10295,1723,1214,2,6,4,552,28
10296,1723,1214,1,17,23,2856,4
10297,1723,1214,3,14,20,2450,54
10298,1723,1214,2,11,14,1771,61
10299,1723,1214,6,10,9,1080,4
10300,1724,1214,1,7,7,952,68
10301,1724,1214,1,11,15,1870,31
10302,1724,1214,3,5,5,665,68
10303,1724,1214,5,1,1,116,11
10304,1724,1214,2,11,13,1562,70
10305,1724,1214,11,4,3,440,57
10306,1724,1214,1,3,2,348,22
10307,1724,1214,11,4,4,564,44
10308,1725,1214,6,9,12,1548,17
10309,1725,1214,2,4,4,572,11
10310,1725,1214,3,2,2,250,31
10311,1725,1214,3,5,3,420,20
10312,1725,1214,9,15,18,2190,18
10313,1725,1214,7,13,12,1456,1
10314,1725,1214,7,11,12,1496,29
10315,1726,1214,1,20,28,3380,63
10316,1726,1214,4,11,12,1474,44
10317,1726,1214,6,11,11,1353,39
10318,1726,1214,1,11,13,1661,55
10319,1726,1214,3,6,7,948,23
10320,1727,1214,1,14,16,1960,20
10321,1727,1214,2,14,19,2310,1
10322,1727,1214,1,9,6,837,8
10323,1727,1214,4,15,21,2565,8
10324,1727,1214,5,18,22,2646,7
10325,1728,1215,6,20,24,2940,25
10326,1728,1215,1,12,16,1944,17
10327,1728,1215,3,17,24,2958,27
10328,1728,1215,1,14,15,1890,6
10329,1728,1215,1,12,13,1572,24
10330,1728,1215,4,18,12,1548,20
10331,1728,1215,1,3,4,510,20
10332,1728,1215,9,19,15,1900,27
10333,1729,1215,1,13,9,1092,7
10334,1729,1215,7,5,5,670,53
10335,1729,1215,10,13,17,2093,5
10336,1729,1215,6,14,10,1246,37
10337,1729,1215,6,2,2,304,11
10338,1729,1215,1,20,15,1860,56
10339,1730,1215,10,10,10,1230,20
10340,1730,1215,10,8,5,672,4
10341,1730,1215,1,17,16,1938,55
10342,1730,1215,3,16,23,2768,20
10343,1730,1215,10,6,4,480,59
10344,1730,1215,6,6,8,1026,9
10345,1730,1215,2,18,22,2754,33
10346,1730,1215,10,15,20,2505,60
10347,1731,1215,8,7,5,700,7
10348,1731,1215,3,13,13,1651,26
10349,1731,1215,5,4,2,340,29
10350,1731,1215,1,18,24,2988,26
10351,1731,1215,7,3,2,285,32
10352,1731,1215,1,9,6,720,10
10353,1731,1215,2,1,1,132,18
10354,1732,1215,10,9,8,999,20
10355,1732,1215,9,10,14,1770,27
10356,1732,1215,2,14,19,2324,23
10357,1732,1215,1,11,9,1144,19
10358,1732,1215,4,16,22,2656,17
10359,1732,1215,1,14,9,1134,11
10360,1732,1215,4,19,19,2375,13
10361,1733,1215,2,20,26,3220,72
10362,1733,1215,4,11,13,1672,24
10363,1733,1215,1,3,4,498,45
10364,1733,1215,10,6,7,882,22
10365,1733,1215,7,2,1,184,52
10366,1733,1215,10,9,12,1557,30
10367,1733,1215,1,8,10,1280,18
10368,1734,1215,2,10,9,1090,30
10369,1734,1215,8,5,6,775,40
10370,1734,1215,2,15,18,2205,55
10371,1734,1215,10,16,22,2688,37
10372,1734,1215,10,2,1,234,61
10373,1734,1215,10,5,4,565,51
10374,1735,1216,1,10,7,930,73
10375,1735,1216,8,14,15,1918,10
10376,1735,1216,1,20,25,3060,57
10377,1735,1216,5,10,8,1020,66
10378,1735,1216,1,19,17,2109,9
10379,1735,1216,2,9,7,864,16
10380,1735,1216,1,5,5,670,46
10381,1735,1216,4,20,23,2800,7
10382,1736,1216,6,1,1,123,24
10383,1736,1216,3,19,24,2888,6
10384,1736,1216,2,17,24,2975,17
10385,1736,1216,2,12,12,1536,23
10386,1736,1216,11,5,7,890,15
10387,1736,1216,2,9,8,1035,4
10388,1736,1216,7,15,21,2520,2
10389,1736,1216,4,1,1,133,14
10390,1737,1216,6,10,9,1100,21
10391,1737,1216,10,18,26,3150,42
10392,1737,1216,10,11,14,1749,2
10393,1737,1216,7,7,9,1176,8
10394,1737,1216,1,6,4,534,41
10395,1737,1216,1,3,2,309,26
10396,1738,1216,1,9,8,1017,32
10397,1738,1216,11,17,21,2618,14
10398,1738,1216,7,15,10,1290,32
10399,1738,1216,1,1,1,136,2
10400,1738,1216,6,1,1,161,26
10401,1738,1216,10,13,17,2145,14
10402,1738,1216,1,13,11,1326,17
10403,1738,1216,7,7,5,672,28
10404,1739,1216,11,16,20,2512,68
10405,1739,1216,1,16,11,1360,62
10406,1739,1216,4,8,9,1088,67
10407,1739,1216,4,11,9,1100,25
10408,1740,1216,9,7,7,903,73
10409,1740,1216,8,17,16,2006,47
10410,1740,1216,2,4,5,664,76
10411,1740,1216,5,8,9,1152,47
10412,1740,1216,3,19,15,1881,68
10413,1740,1216,1,5,7,875,78
10414,1740,1216,1,14,14,1750,14
10415,1741,1216,3,10,11,1370,70
10416,1741,1216,9,16,12,1472,47
10417,1741,1216,6,8,6,832,27
10418,1741,1216,1,15,19,2295,30
10419,1741,1216,1,7,9,1134,39
10420,1742,1216,10,20,22,2680,13
10421,1742,1216,10,13,13,1638,7
10422,1742,1216,1,1,1,82,6
10423,1742,1216,1,17,18,2278,40
10424,1742,1216,6,19,19,2375,67
10425,1742,1216,6,15,10,1305,1
10426,1742,1216,2,5,5,605,30
10427,1743,1217,1,20,28,3380,1
10428,1743,1217,2,7,8,1001,13
10429,1743,1217,11,7,5,707,18
10430,1743,1217,3,19,26,3173,6
10431,1743,1217,7,16,15,1856,13
10432,1743,1217,8,6,6,780,17
10433,1743,1217,6,16,16,1920,7
10434,1744,1217,1,9,13,1593,7
10435,1744,1217,5,5,6,820,1
10436,1744,1217,3,15,19,2355,7
10437,1744,1217,7,10,13,1630,10
10438,1744,1217,2,20,19,2280,4
10439,1744,1217,6,19,20,2432,22
10440,1745,1217,11,13,11,1326,41
10441,1745,1217,2,7,8,1050,18
10442,1745,1217,1,19,27,3249,54
10443,1745,1217,1,16,18,2192,43
10444,1745,1217,1,12,13,1644,55
10445,1745,1217,10,14,17,2058,22
10446,1745,1217,1,15,10,1305,21
10447,1745,1217,6,18,14,1782,23
10448,1746,1217,1,18,20,2430,15
10449,1746,1217,1,1,1,141,12
10450,1746,1217,6,9,8,1035,27
10451,1746,1217,7,14,15,1876,30
10452,1746,1217,1,14,15,1834,24
10453,1747,1217,7,2,2,342,18
10454,1747,1217,2,1,1,178,6
10455,1747,1217,1,6,6,780,42
10456,1747,1217,2,15,16,1920,45
10457,1748,1217,10,13,13,1638,59
10458,1748,1217,10,5,6,775,62
10459,1748,1217,3,10,7,900,8
10460,1748,1217,2,14,17,2044,42
10461,1748,1217,6,5,4,550,32
10462,1748,1217,1,10,11,1340,24
10463,1748,1217,1,16,21,2576,3
10464,1749,1217,11,11,9,1188,60
10465,1749,1217,1,1,1,121,27
10466,1749,1217,8,10,8,1010,1
10467,1749,1217,11,17,12,1496,54
10468,1749,1217,1,7,5,609,49
10469,1749,1217,1,2,2,282,15
10470,1749,1217,10,2,2,270,51
10471,1750,1217,1,15,10,1305,43
10472,1750,1217,6,9,7,855,16
10473,1750,1217,3,19,25,3059,61
10474,1750,1217,3,14,19,2324,26
10475,1751,1217,3,19,25,3021,50
10476,1751,1217,6,18,20,2502,35
10477,1751,1217,6,3,2,297,20
10478,1751,1217,6,17,15,1836,3
10479,1751,1217,4,16,19,2384,67
10480,1751,1217,2,16,18,2192,73
10481,1751,1217,5,17,14,1683,33
10482,1752,1217,6,17,24,2958,26
10483,1752,1217,5,14,11,1428,29
10484,1752,1217,11,17,14,1751,15
10485,1752,1217,1,2,2,304,29
10486,1752,1217,1,11,10,1232,32
10487,1752,1217,8,19,19,2375,2
10488,1753,1218,3,5,7,865,6
10489,1753,1218,1,11,11,1408,29
10490,1753,1218,7,17,12,1496,18
10491,1753,1218,1,6,7,888,12
10492,1753,1218,10,13,12,1547,39
10493,1753,1218,6,4,5,648,16
10494,1753,1218,3,14,14,1694,4
10495,1754,1218,6,7,9,1148,7
10496,1754,1218,2,19,20,2508,41
10497,1754,1218,2,18,13,1620,15
10498,1754,1218,1,20,14,1760,24
10499,1754,1218,1,3,4,510,16
10500,1755,1218,2,15,19,2340,7
10501,1755,1218,2,10,9,1160,77
10502,1755,1218,2,12,16,2004,70
10503,1755,1218,1,4,5,628,29
10504,1756,1218,5,3,4,510,41
10505,1756,1218,11,20,27,3340,11
10506,1756,1218,3,18,23,2808,4
10507,1756,1218,1,17,18,2278,44
10508,1756,1218,1,14,17,2044,5
10509,1756,1218,10,10,9,1190,6
10510,1756,1218,3,14,20,2408,25
10511,1757,1218,6,20,19,2300,6
10512,1757,1218,11,14,16,1960,2
10513,1757,1218,5,1,1,123,24
10514,1757,1218,5,12,15,1800,5
10515,1757,1218,2,1,1,112,20
10516,1757,1218,6,16,22,2736,22
10517,1757,1218,6,11,15,1859,16
10518,1758,1218,2,7,5,630,24
10519,1758,1218,1,17,18,2244,6
10520,1758,1218,3,19,23,2869,39
10521,1758,1218,3,5,6,835,20
10522,1759,1219,6,4,5,632,35
10523,1759,1219,6,12,14,1728,28
10524,1759,1219,1,12,8,1068,74
10525,1759,1219,1,1,1,97,52
10526,1759,1219,2,9,11,1431,18
10527,1759,1219,11,15,22,2640,63
10528,1760,1219,2,10,13,1660,22
10529,1760,1219,3,6,5,660,47
10530,1760,1219,7,9,7,945,36
10531,1760,1219,2,6,4,546,31
10532,1760,1219,5,1,1,95,16
10533,1760,1219,2,11,12,1551,52
10534,1760,1219,6,4,5,664,48
10535,1760,1219,10,4,3,424,70
10536,1761,1219,1,7,8,980,24
10537,1761,1219,1,7,9,1106,32
10538,1761,1219,2,15,15,1800,58
10539,1761,1219,1,11,9,1089,44
10540,1761,1219,11,8,6,784,18
10541,1762,1219,1,7,8,1064,23
10542,1762,1219,8,16,20,2448,28
10543,1762,1219,2,14,11,1414,36
10544,1762,1219,1,7,6,756,24
10545,1762,1219,1,14,19,2380,17
10546,1763,1219,1,10,15,1800,34
10547,1763,1219,1,10,7,850,31
10548,1763,1219,10,18,15,1800,34
10549,1763,1219,2,12,17,2088,23
10550,1763,1219,5,6,7,918,13
10551,1763,1219,10,15,10,1230,50
10552,1763,1219,3,6,8,960,41
10553,1763,1219,2,17,19,2363,47
10554,1764,1219,1,12,14,1776,9
10555,1764,1219,9,5,5,665,10
10556,1764,1219,7,3,3,396,30
10557,1764,1219,2,1,1,88,6
10558,1764,1219,2,5,6,805,61
10559,1764,1219,3,1,1,179,14
10560,1764,1219,9,4,3,464,60
10561,1764,1219,10,16,16,1968,49
10562,1765,1219,1,16,12,1456,31
10563,1765,1219,11,19,24,2945,69
10564,1765,1219,3,17,11,1411,43
10565,1765,1219,2,6,7,894,75
10566,1765,1219,5,3,2,306,20
10567,1765,1219,6,8,10,1312,79
10568,1765,1219,2,11,12,1507,47
10569,1766,1219,8,13,12,1482,19
10570,1766,1219,2,6,8,960,21
10571,1766,1219,10,5,4,505,10
10572,1766,1219,1,7,10,1260,18
10573,1766,1219,8,9,12,1494,18
10574,1766,1219,8,5,6,775,37
10575,1766,1219,6,13,10,1235,14
10576,1767,1219,5,13,9,1105,14
10577,1767,1219,5,7,9,1099,20
10578,1767,1219,2,3,2,252,13
10579,1767,1219,6,17,14,1785,17
10580,1768,1219,1,5,6,770,34
10581,1768,1219,12,13,8,1053,20
10582,1768,1219,6,16,19,2304,24
10583,1768,1219,7,4,5,704,4
10584,1768,1219,2,7,9,1127,1
10585,1769,1220,10,11,14,1760,3
10586,1769,1220,6,13,17,2054,20
10587,1769,1220,1,7,7,840,11
10588,1769,1220,5,18,23,2844,38
10589,1769,1220,6,1,1,166,36
10590,1769,1220,10,17,18,2193,49
10591,1769,1220,1,3,2,273,57
10592,1770,1220,2,6,5,636,12
10593,1770,1220,3,8,11,1432,7
10594,1770,1220,4,17,23,2771,6
10595,1770,1220,11,17,16,1972,5
10596,1771,1220,1,4,3,420,12
10597,1771,1220,3,16,19,2288,27
10598,1771,1220,1,18,27,3240,15
10599,1771,1220,8,3,4,513,38
10600,1771,1220,1,17,12,1479,20
10601,1771,1220,2,10,14,1690,16
10602,1771,1220,1,19,22,2660,37
10603,1772,1220,7,9,7,918,8
10604,1772,1220,5,18,26,3186,3
10605,1772,1220,1,17,24,2975,31
10606,1772,1220,2,6,7,936,6
10607,1772,1220,7,8,6,744,8
10608,1772,1220,1,13,13,1625,40
10609,1772,1220,6,10,10,1290,1
10610,1772,1220,1,5,6,835,14
10611,1773,1220,5,15,22,2700,2
10612,1773,1220,2,8,6,776,32
10613,1773,1220,10,17,21,2533,6
10614,1773,1220,10,18,18,2160,11
10615,1773,1220,1,7,4,581,17
10616,1773,1220,1,12,9,1152,30
10617,1773,1220,1,13,9,1183,7
10618,1774,1220,1,2,1,164,9
10619,1774,1220,3,6,8,1056,42
10620,1774,1220,1,13,17,2093,22
10621,1774,1220,1,18,24,2934,3
10622,1774,1220,1,15,10,1260,23
10623,1775,1220,10,3,3,468,40
10624,1775,1220,1,9,9,1161,79
10625,1775,1220,2,8,8,1048,5
10626,1775,1220,10,16,13,1568,63
10627,1775,1220,1,10,10,1260,7
10628,1775,1220,7,19,23,2850,1
10629,1775,1220,3,7,9,1176,45
10630,1775,1220,2,7,7,882,4
10631,1776,1220,3,11,8,968,5
10632,1776,1220,2,19,18,2166,49
10633,1776,1220,10,16,14,1776,5
10634,1776,1220,10,12,16,1980,10
10635,1776,1220,8,11,8,1012,27
10636,1777,1221,3,7,5,609,28
10637,1777,1221,10,19,15,1881,10
10638,1777,1221,11,16,15,1904,3
10639,1777,1221,6,7,7,861,19
10640,1777,1221,6,14,15,1862,11
10641,1777,1221,2,19,13,1634,8
10642,1777,1221,8,8,10,1312,17
10643,1777,1221,11,12,14,1692,9
10644,1778,1221,6,17,11,1394,1
10645,1778,1221,1,18,17,2124,7
10646,1778,1221,3,13,15,1846,24
10647,1778,1221,1,10,11,1350,34
10648,1779,1221,2,1,1,108,19
10649,1779,1221,2,12,12,1512,17
10650,1779,1221,7,10,10,1290,28
10651,1779,1221,7,6,4,522,4
10652,1779,1221,4,20,13,1640,5
10653,1779,1221,1,1,1,92,13
10654,1779,1221,11,4,5,624,17
10655,1780,1221,9,4,4,568,13
10656,1780,1221,2,15,15,1845,2
10657,1780,1221,10,19,15,1900,7
10658,1780,1221,8,15,17,2100,11
10659,1781,1221,1,13,17,2106,6
10660,1781,1221,6,17,22,2720,10
10661,1781,1221,12,20,27,3320,14
10662,1781,1221,2,18,26,3150,16
10663,1781,1221,8,6,4,486,5
10664,1781,1221,10,9,11,1359,16
10665,1781,1221,1,1,1,109,13
10666,1782,1221,4,10,7,910,17
10667,1782,1221,2,5,7,860,46
10668,1782,1221,10,16,12,1504,44
10669,1782,1221,10,15,14,1755,22
10670,1782,1221,1,10,10,1260,38
10671,1782,1221,2,1,1,151,4
10672,1783,1221,10,14,20,2408,23
10673,1783,1221,2,7,7,840,28
10674,1783,1221,10,9,7,873,29
10675,1783,1221,6,19,17,2128,14
10676,1783,1221,3,3,2,252,2
10677,1783,1221,5,6,5,678,21
10678,1783,1221,1,17,13,1598,17
10679,1783,1221,7,10,11,1360,3
10680,1784,1222,3,4,4,568,4
10681,1784,1222,8,1,1,101,12
10682,1784,1222,2,11,11,1331,13
10683,1784,1222,6,3,2,312,17
10684,1785,1222,1,6,7,894,1
10685,1785,1222,10,12,11,1416,3
10686,1785,1222,4,9,12,1494,2
10687,1785,1222,1,8,9,1096,20
10688,1785,1222,1,18,17,2052,18
10689,1785,1222,1,4,4,548,7
10690,1785,1222,6,7,10,1232,20
10691,1786,1222,1,18,15,1800,55
10692,1786,1222,6,12,13,1620,14
10693,1786,1222,1,2,3,360,49
10694,1786,1222,2,9,12,1548,53
10695,1787,1222,3,12,12,1536,22
10696,1787,1222,2,2,2,302,34
10697,1787,1222,10,2,2,350,10
10698,1787,1222,6,10,9,1110,74
10699,1787,1222,6,5,5,625,60
10700,1787,1222,10,19,24,2926,22
10701,1788,1222,1,12,16,1920,43
10702,1788,1222,7,4,3,448,31
10703,1788,1222,5,5,5,605,43
10704,1788,1222,1,8,6,824,70
10705,1789,1222,1,4,5,608,5
10706,1789,1222,8,6,7,882,27
10707,1789,1222,8,2,2,246,25
10708,1789,1222,1,14,16,1988,29
10709,1789,1222,10,18,16,1944,7
10710,1789,1222,2,17,16,1989,3
10711,1789,1222,1,14,18,2254,61
10712,1789,1222,3,13,16,2015,19
10713,1790,1222,7,11,7,891,16
10714,1790,1222,10,19,21,2622,2
10715,1790,1222,6,16,15,1872,10
10716,1790,1222,2,9,6,747,14
10717,1791,1223,4,14,16,1960,7
10718,1791,1223,5,10,9,1110,4
10719,1791,1223,8,11,16,1925,26
10720,1791,1223,2,16,17,2144,20
10721,1791,1223,2,15,19,2385,6
10722,1792,1223,2,16,14,1712,11
10723,1792,1223,11,8,9,1136,49
10724,1792,1223,1,20,15,1800,37
10725,1792,1223,6,2,2,242,27
10726,1792,1223,3,11,15,1837,52
10727,1792,1223,11,9,6,792,44
10728,1792,1223,2,7,4,574,58
10729,1793,1223,1,19,28,3401,65
10730,1793,1223,3,18,13,1620,56
10731,1793,1223,1,12,17,2064,12
10732,1793,1223,6,16,10,1280,21
10733,1793,1223,6,6,5,660,55
10734,1794,1223,7,7,8,973,16
10735,1794,1223,5,3,2,321,5
10736,1794,1223,5,9,7,936,19
10737,1794,1223,1,12,16,1992,31
10738,1794,1223,7,14,20,2450,36
10739,1794,1223,1,4,2,352,7
10740,1795,1223,10,6,4,498,29
10741,1795,1223,1,15,18,2220,31
10742,1795,1223,10,8,11,1384,23
10743,1795,1223,2,9,9,1089,23
10744,1795,1223,8,14,13,1666,29
10745,1795,1223,10,7,5,616,42
10746,1795,1223,1,13,15,1885,35
10747,1796,1223,3,16,21,2576,3
10748,1796,1223,1,17,22,2669,35
10749,1796,1223,2,7,4,595,16
10750,1796,1223,2,12,14,1680,65
10751,1796,1223,7,4,4,524,48
10752,1796,1223,10,1,1,146,68
10753,1796,1223,11,9,6,792,66
10754,1797,1223,2,13,18,2223,6
10755,1797,1223,5,6,6,810,3
10756,1797,1223,3,9,12,1512,13
10757,1797,1223,1,18,20,2484,7
10758,1797,1223,7,14,12,1470,3
10759,1798,1223,4,7,7,959,18
10760,1798,1223,7,19,27,3306,26
10761,1798,1223,5,1,1,119,44
10762,1798,1223,1,8,5,640,83
10763,1799,1223,1,3,3,393,19
10764,1799,1223,4,9,11,1386,12
10765,1799,1223,7,7,8,1057,27
10766,1799,1223,5,4,3,424,15
10767,1799,1223,10,16,21,2608,9
10768,1799,1223,10,6,8,966,32
10769,1799,1223,8,18,13,1674,36
10770,1799,1223,1,12,10,1272,43
10771,1800,1223,5,2,1,204,6
10772,1800,1223,1,16,11,1408,27
10773,1800,1223,1,8,7,888,33
10774,1800,1223,2,16,23,2832,34
10775,1800,1223,3,1,1,99,33
10776,1800,1223,4,20,13,1620,31
10777,1800,1223,1,9,11,1323,33
10778,1800,1223,1,11,15,1848,2
10779,1801,1224,5,6,7,882,17
10780,1801,1224,6,15,19,2370,21
10781,1801,1224,2,18,18,2196,21
10782,1801,1224,5,2,2,358,18
10783,1801,1224,10,6,9,1080,15
10784,1801,1224,6,17,13,1564,9
10785,1801,1224,3,12,11,1332,19
10786,1802,1224,4,5,4,555,12
10787,1802,1224,1,6,8,960,20
10788,1802,1224,8,14,10,1288,44
10789,1802,1224,1,14,19,2324,11
10790,1802,1224,2,2,2,336,25
10791,1802,1224,4,1,1,88,44
10792,1802,1224,6,13,15,1846,3
10793,1802,1224,12,9,12,1530,5
10794,1803,1224,2,15,11,1395,11
10795,1803,1224,1,18,15,1890,27
10796,1803,1224,1,18,20,2466,20
10797,1803,1224,4,13,11,1339,14
10798,1804,1224,3,3,3,423,29
10799,1804,1224,8,5,5,685,59
10800,1804,1224,11,1,1,170,54
10801,1804,1224,11,7,9,1106,43
10802,1804,1224,6,8,8,1056,72
10803,1804,1224,5,19,13,1634,55
10804,1804,1224,2,16,15,1872,10
10805,1804,1224,7,19,23,2850,33
10806,1805,1224,10,8,11,1328,16
10807,1805,1224,3,12,13,1596,6
10808,1805,1224,10,17,16,1938,23
10809,1805,1224,2,16,18,2192,31
10810,1805,1224,7,17,17,2142,37
10811,1805,1224,1,20,19,2300,22
10812,1805,1224,4,14,10,1246,35
10813,1806,1224,3,10,12,1490,73
10814,1806,1224,10,7,10,1239,80
10815,1806,1224,10,13,9,1092,37
10816,1806,1224,1,9,9,1089,1
10817,1806,1224,1,13,15,1859,8
10818,1807,1224,1,11,14,1705,18
10819,1807,1224,5,3,3,390,25
10820,1807,1224,1,1,1,109,15
10821,1807,1224,7,7,10,1239,6
10822,1807,1224,6,1,1,108,27
10823,1807,1224,8,1,1,118,7
10824,1807,1224,4,3,4,480,6
10825,1807,1224,3,18,12,1458,17
10826,1808,1225,5,4,5,632,53
10827,1808,1225,6,1,1,143,55
10828,1808,1225,7,17,15,1802,40
10829,1808,1225,8,3,2,330,9
10830,1809,1225,6,12,15,1860,19
10831,1809,1225,1,2,1,176,26
10832,1809,1225,2,12,12,1512,21
10833,1809,1225,3,17,18,2176,14
10834,1809,1225,6,18,13,1602,1
10835,1810,1225,8,13,9,1131,44
10836,1810,1225,12,16,14,1696,67
10837,1810,1225,7,10,7,940,7
10838,1810,1225,6,1,1,179,4
10839,1811,1225,3,3,4,492,44
10840,1811,1225,1,3,3,408,49
10841,1811,1225,3,6,5,702,38
10842,1811,1225,6,13,16,2028,60
10843,1812,1225,1,7,6,763,89
10844,1812,1225,10,13,17,2067,58
10845,1812,1225,2,11,11,1386,34
10846,1812,1225,3,1,1,129,72
10847,1812,1225,1,6,6,798,3
10848,1812,1225,2,8,9,1176,70
10849,1812,1225,1,10,13,1570,76
10850,1812,1225,11,19,20,2489,49
10851,1813,1225,4,11,13,1606,18
10852,1813,1225,1,4,3,468,21
10853,1813,1225,1,14,12,1512,10
10854,1813,1225,5,9,9,1098,4
10855,1814,1225,10,15,19,2370,8
10856,1814,1225,10,6,8,978,27
10857,1814,1225,10,20,27,3240,38
10858,1814,1225,2,3,4,501,21
10859,1814,1225,1,7,6,805,42
10860,1814,1225,2,15,19,2355,4
10861,1814,1225,10,16,13,1648,44
10862,1814,1225,3,18,21,2556,17
10863,1815,1225,6,14,14,1736,29
10864,1815,1225,10,7,7,952,45
10865,1815,1225,1,12,9,1116,4
10866,1815,1225,2,8,8,1048,32
10867,1815,1225,3,13,15,1846,39
10868,1815,1225,2,19,25,3116,45
10869,1815,1225,6,5,7,860,9
10870,1816,1225,3,19,21,2527,61
10871,1816,1225,2,15,19,2310,16
10872,1816,1225,8,1,1,157,40
10873,1816,1225,2,1,1,100,36
10874,1816,1225,10,7,8,1057,18
10875,1817,1226,5,4,3,440,87
10876,1817,1226,2,16,15,1824,70
10877,1817,1226,5,17,22,2669,75
10878,1817,1226,3,1,1,146,62
10879,1817,1226,5,8,10,1216,11
10880,1817,1226,11,10,7,950,70
10881,1817,1226,6,11,14,1694,5
10882,1818,1226,6,10,9,1130,30
10883,1818,1226,2,15,10,1290,29
10884,1818,1226,1,10,9,1140,22
10885,1818,1226,7,16,20,2416,27
10886,1819,1226,2,6,7,900,16
10887,1819,1226,2,2,2,276,11
10888,1819,1226,11,20,18,2220,20
10889,1819,1226,1,9,9,1152,1
10890,1819,1226,2,18,15,1818,18
10891,1819,1226,10,1,1,109,11
10892,1820,1226,6,1,1,151,48
10893,1820,1226,5,16,18,2208,1
10894,1820,1226,10,16,16,2000,4
10895,1820,1226,1,19,25,3097,80
10896,1820,1226,1,20,26,3200,23
10897,1820,1226,11,13,14,1781,79
10898,1820,1226,10,16,22,2688,39
10899,1820,1226,8,13,12,1443,12
10900,1821,1226,5,6,6,792,53
10901,1821,1226,7,17,18,2244,9
10902,1821,1226,3,8,7,864,72
10903,1821,1226,3,18,14,1710,31
10904,1822,1226,1,20,24,2920,27
10905,1822,1226,2,20,18,2240,26
10906,1822,1226,3,9,11,1368,32
10907,1822,1226,3,11,9,1188,26
10908,1822,1226,2,8,7,896,37
10909,1822,1226,6,10,7,930,9
10910,1822,1226,1,15,16,1920,11
10911,1823,1226,10,6,7,882,79
10912,1823,1226,2,9,10,1296,21
10913,1823,1226,5,1,1,166,76
10914,1823,1226,1,1,1,125,32
10915,1824,1226,2,12,13,1572,55
10916,1824,1226,6,20,14,1700,5
10917,1824,1226,10,20,16,2020,28
10918,1824,1226,1,11,8,1067,39
10919,1825,1226,6,11,13,1595,45
10920,1825,1226,2,5,5,695,28
10921,1825,1226,4,3,4,489,12
10922,1825,1226,3,19,27,3325,13
10923,1825,1226,8,8,7,880,22
10924,1825,1226,3,20,19,2380,10
10925,1826,1227,8,15,16,1950,49
10926,1826,1227,1,6,7,918,47
10927,1826,1227,1,14,13,1624,9
10928,1826,1227,1,3,3,444,40
10929,1826,1227,1,16,14,1776,24
10930,1826,1227,6,12,9,1164,28
10931,1827,1227,2,3,2,288,8
10932,1827,1227,1,18,17,2070,53
10933,1827,1227,3,6,6,810,34
10934,1827,1227,2,2,1,178,66
10935,1827,1227,6,17,22,2669,15
10936,1827,1227,10,7,7,854,28
10937,1828,1227,6,14,11,1344,35
10938,1828,1227,6,14,20,2450,42
10939,1828,1227,1,17,12,1530,16
10940,1828,1227,8,17,16,1972,46
10941,1828,1227,3,11,8,979,16
10942,1828,1227,7,9,13,1611,3
10943,1829,1227,4,11,7,902,24
10944,1829,1227,7,18,14,1746,43
10945,1829,1227,2,12,16,1980,21
10946,1829,1227,7,14,19,2394,23
10947,1830,1227,6,14,10,1302,4
10948,1830,1227,6,12,17,2136,19
10949,1830,1227,3,15,12,1485,11
10950,1830,1227,2,1,1,109,4
10951,1830,1227,2,9,9,1152,10
10952,1830,1227,2,20,30,3600,9
10953,1830,1227,2,5,6,750,1
10954,1831,1227,1,6,8,1074,47
10955,1831,1227,7,4,5,612,23
10956,1831,1227,10,2,2,280,36
10957,1831,1227,4,1,1,123,44
10958,1832,1228,7,7,6,721,6
10959,1832,1228,10,5,3,415,11
10960,1832,1228,6,12,17,2040,12
10961,1832,1228,10,13,10,1274,17
10962,1832,1228,2,16,16,2032,13
10963,1833,1228,5,8,7,872,39
10964,1833,1228,2,19,28,3382,19
10965,1833,1228,1,1,1,154,44
10966,1833,1228,2,18,21,2592,33
10967,1833,1228,2,15,18,2250,29
10968,1833,1228,5,6,9,1080,57
10969,1833,1228,5,1,1,166,55
10970,1834,1228,7,17,15,1887,39
10971,1834,1228,3,7,4,567,44
10972,1834,1228,10,18,23,2826,36
10973,1834,1228,3,12,16,1920,42
10974,1834,1228,6,17,16,1989,26
10975,1835,1228,2,14,11,1400,11
10976,1835,1228,6,13,17,2093,15
10977,1835,1228,1,7,5,700,15
10978,1835,1228,1,18,24,2898,17
10979,1835,1228,3,17,19,2329,11
10980,1835,1228,1,19,23,2850,2
10981,1836,1228,2,5,3,425,9
10982,1836,1228,3,19,13,1634,29
10983,1836,1228,3,10,8,1060,19
10984,1836,1228,1,13,12,1469,30
10985,1836,1228,5,16,19,2288,7
10986,1836,1228,6,2,1,198,10
10987,1836,1228,6,9,13,1611,9
10988,1837,1228,6,3,3,447,1
10989,1837,1228,1,6,4,522,26
10990,1837,1228,7,16,13,1648,10
10991,1837,1228,7,20,26,3200,33
10992,1838,1228,11,13,14,1729,22
10993,1838,1228,3,16,11,1408,1
10994,1838,1228,4,19,17,2052,12
10995,1838,1228,1,11,12,1463,12
10996,1839,1229,1,7,4,567,1
10997,1839,1229,1,13,9,1170,17
10998,1839,1229,2,3,3,366,6
10999,1839,1229,11,2,1,174,16
11000,1839,1229,2,13,13,1664,9
11001,1840,1229,1,10,8,980,18
11002,1840,1229,10,8,6,736,13
11003,1840,1229,4,7,5,672,10
11004,1840,1229,2,9,8,1035,16
11005,1840,1229,1,13,9,1118,13
11006,1840,1229,1,15,20,2430,8
11007,1840,1229,4,15,18,2205,18
11008,1841,1229,1,4,2,340,4
11009,1841,1229,3,20,13,1660,33
11010,1841,1229,6,16,21,2544,35
11011,1841,1229,7,4,5,652,7
11012,1841,1229,3,12,17,2136,26
11013,1841,1229,2,14,20,2436,22
11014,1842,1229,3,1,1,108,52
11015,1842,1229,7,13,17,2080,30
11016,1842,1229,10,11,14,1771,38
11017,1842,1229,7,9,13,1602,32
11018,1842,1229,10,3,2,246,53
11019,1842,1229,6,20,28,3420,40
11020,1843,1229,5,18,25,3078,26
11021,1843,1229,2,7,10,1246,3
11022,1843,1229,5,10,10,1200,14
11023,1843,1229,1,7,4,581,17
11024,1843,1229,6,18,15,1836,2
11025,1843,1229,8,2,1,160,2
11026,1843,1229,1,15,15,1860,22
11027,1844,1229,8,20,22,2700,38
11028,1844,1229,8,3,3,402,27
11029,1844,1229,5,11,8,990,14
11030,1844,1229,3,5,6,805,26
11031,1844,1229,1,12,14,1728,21
11032,1845,1229,11,8,5,664,70
11033,1845,1229,7,2,3,360,34
11034,1845,1229,5,1,1,148,66
11035,1845,1229,7,3,2,279,22
11036,1845,1229,8,17,11,1394,39
11037,1845,1229,2,8,5,696,51
11038,1845,1229,11,15,17,2115,17
11039,1846,1230,7,17,13,1581,1
11040,1846,1230,5,4,5,656,30
11041,1846,1230,12,14,12,1526,24
11042,1846,1230,1,11,9,1089,27
11043,1847,1230,1,1,1,137,1
11044,1847,1230,10,18,19,2376,34
11045,1847,1230,6,9,9,1197,20
11046,1847,1230,1,16,14,1760,23
11047,1847,1230,10,10,11,1340,36
11048,1847,1230,5,7,9,1127,30
11049,1847,1230,2,6,6,738,12
11050,1848,1230,5,19,25,3059,63
11051,1848,1230,7,8,11,1336,48
11052,1848,1230,1,13,9,1092,29
11053,1848,1230,7,8,10,1312,62
11054,1848,1230,7,1,1,92,34
11055,1848,1230,6,1,1,158,46
11056,1848,1230,7,2,2,332,57
11057,1849,1230,6,13,18,2249,22
11058,1849,1230,6,8,6,784,8
11059,1849,1230,1,10,11,1420,16
11060,1849,1230,1,19,21,2527,3
11061,1850,1230,11,12,16,2004,22
11062,1850,1230,6,8,7,872,26
11063,1850,1230,8,10,7,910,13
11064,1850,1230,1,19,26,3173,25
11065,1850,1230,1,6,7,900,24
11066,1850,1230,7,3,3,363,24
11067,1850,1230,7,14,15,1820,2
11068,1850,1230,6,7,4,581,19
11069,1851,1230,6,7,6,791,7
11070,1851,1230,2,19,16,2014,14
11071,1851,1230,2,14,17,2058,2
11072,1851,1230,6,17,20,2431,15
11073,1852,1231,1,9,6,828,46
11074,1852,1231,3,13,10,1274,7
11075,1852,1231,8,16,23,2800,19
11076,1852,1231,2,20,22,2640,19
11077,1852,1231,4,5,6,785,41
11078,1852,1231,1,13,15,1911,16
11079,1852,1231,7,17,19,2397,2
11080,1853,1231,1,6,7,906,3
11081,1853,1231,5,12,11,1356,34
11082,1853,1231,8,13,10,1261,29
11083,1853,1231,3,7,6,756,7
11084,1853,1231,10,6,6,738,34
11085,1853,1231,1,18,20,2502,26
11086,1854,1231,2,4,5,636,29
11087,1854,1231,11,9,8,1017,30
11088,1854,1231,3,6,8,1068,9
11089,1854,1231,2,20,21,2620,34
11090,1855,1231,6,3,3,423,24
11091,1855,1231,1,4,3,444,24
11092,1855,1231,6,5,6,800,36
11093,1855,1231,2,9,12,1458,30
11094,1855,1231,1,11,7,880,41
11095,1855,1231,1,15,14,1695,44
11096,1855,1231,2,17,12,1445,32
11097,1856,1231,3,10,7,940,29
11098,1856,1231,5,8,6,760,23
11099,1856,1231,3,2,2,286,31
11100,1856,1231,1,20,19,2320,23
11101,1856,1231,6,5,4,560,47
11102,1856,1231,1,18,22,2664,16
11103,1856,1231,2,1,1,164,25
11104,1856,1231,10,8,7,952,14
11105,1857,1231,2,4,3,452,13
11106,1857,1231,1,19,25,3097,14
11107,1857,1231,1,4,3,468,60
11108,1857,1231,10,19,25,3078,11
11109,1857,1231,6,19,22,2736,31
11110,1857,1231,10,11,13,1606,33
11111,1858,1231,6,5,5,690,61
11112,1858,1231,1,15,17,2130,14
11113,1858,1231,10,13,17,2106,65
11114,1858,1231,12,7,9,1099,1
11115,1859,1231,2,16,20,2432,33
11116,1859,1231,1,17,11,1360,85
11117,1859,1231,1,18,23,2808,21
11118,1859,1231,1,2,2,262,34
11119,1859,1231,9,20,26,3180,50
11120,1859,1231,2,10,7,840,20
11121,1859,1231,6,8,9,1112,54
11122,1860,1231,6,18,20,2466,9
11123,1860,1231,5,6,5,660,36
11124,1860,1231,10,11,12,1463,12
11125,1860,1231,12,2,1,162,36
11126,1860,1231,1,19,23,2831,2
11127,1860,1231,6,4,4,588,50
11128,1860,1231,5,1,1,80,45
11129,1861,1231,10,15,18,2220,3
11130,1861,1231,5,13,15,1911,12
11131,1861,1231,3,6,9,1080,12
11132,1861,1231,6,5,3,430,15
11133,1861,1231,7,7,4,567,8
11134,1861,1231,1,18,13,1584,15
11135,1862,1232,10,19,22,2641,25
11136,1862,1232,10,13,10,1313,8
11137,1862,1232,2,3,3,372,5
11138,1862,1232,11,18,13,1566,29
11139,1862,1232,1,5,5,690,9
11140,1863,1232,2,5,6,820,36
11141,1863,1232,3,11,13,1628,16
11142,1863,1232,2,6,8,1020,25
11143,1863,1232,1,19,28,3382,35
11144,1863,1232,4,9,11,1422,21
11145,1863,1232,2,3,2,258,10
11146,1863,1232,8,8,7,880,24
11147,1863,1232,2,17,20,2448,23
11148,1864,1232,2,7,9,1134,34
11149,1864,1232,8,4,4,540,6
11150,1864,1232,6,1,1,124,21
11151,1864,1232,11,18,21,2556,24
11152,1864,1232,1,5,6,775,27
11153,1865,1232,6,2,2,332,40
11154,1865,1232,2,14,16,1946,37
11155,1865,1232,2,6,8,978,3
11156,1865,1232,1,20,29,3580,33
11157,1865,1232,6,4,3,460,22
11158,1865,1232,10,18,13,1620,5
11159,1865,1232,5,20,15,1900,31
11160,1865,1232,6,17,16,1955,22
11161,1866,1232,7,9,11,1395,33
11162,1866,1232,1,2,2,306,23
11163,1866,1232,3,18,26,3222,67
11164,1866,1232,11,12,17,2088,70
11165,1866,1232,9,16,21,2624,24
11166,1866,1232,11,2,2,302,3
11167,1866,1232,2,1,1,90,73
11168,1866,1232,10,10,8,1060,42
11169,1867,1232,6,20,16,1920,22
11170,1867,1232,2,12,16,1932,27
11171,1867,1232,4,18,17,2052,28
11172,1867,1232,8,1,1,80,7
11173,1867,1232,2,18,14,1692,9
11174,1868,1232,2,6,5,702,40
11175,1868,1232,6,10,15,1800,31
11176,1868,1232,6,1,1,97,23
11177,1868,1232,1,2,2,260,42
11178,1868,1232,3,5,4,595,18
11179,1869,1232,10,16,22,2688,63
11180,1869,1232,10,10,12,1480,62
11181,1869,1232,3,15,16,1935,32
11182,1869,1232,11,2,2,334,69
11183,1869,1232,1,15,12,1440,69
11184,1869,1232,6,20,15,1840,8
11185,1869,1232,1,14,12,1554,35
11186,1869,1232,6,10,13,1600,11
11187,1870,1232,1,5,4,500,7
11188,1870,1232,1,19,22,2679,12
11189,1870,1232,3,7,10,1253,14
11190,1870,1232,12,6,7,864,16
11191,1870,1232,2,15,15,1890,12
11192,1871,1233,5,13,16,1937,24
11193,1871,1233,1,14,20,2478,25
11194,1871,1233,2,17,19,2397,34
11195,1871,1233,1,13,12,1547,56
11196,1871,1233,11,16,12,1504,15
11197,1871,1233,1,2,1,204,22
11198,1871,1233,2,13,17,2106,17
11199,1872,1233,3,17,17,2108,9
11200,1872,1233,6,17,16,1972,19
11201,1872,1233,3,10,7,950,45
11202,1872,1233,7,12,8,1008,22
11203,1872,1233,6,13,11,1391,13
11204,1872,1233,3,14,18,2198,22
11205,1873,1233,1,13,17,2106,4
11206,1873,1233,1,15,15,1890,21
11207,1873,1233,6,11,13,1672,9
11208,1873,1233,1,19,23,2793,4
11209,1873,1233,6,8,10,1296,5
11210,1873,1233,2,20,27,3300,20
11211,1873,1233,3,15,21,2580,3
11212,1873,1233,1,1,1,93,23
11213,1874,1233,2,7,7,896,4
11214,1874,1233,9,18,23,2862,63
11215,1874,1233,1,19,23,2774,22
11216,1874,1233,6,15,11,1380,17
11217,1874,1233,2,14,17,2142,50
11218,1874,1233,2,9,11,1413,14
11219,1874,1233,11,10,14,1790,31
11220,1875,1233,1,17,18,2261,11
11221,1875,1233,3,3,4,507,68
11222,1875,1233,6,15,16,1935,40
11223,1875,1233,11,11,13,1617,8
11224,1875,1233,5,7,5,630,80
11225,1875,1233,3,11,9,1100,9
11226,1875,1233,10,15,19,2280,5
11227,1875,1233,6,1,1,121,25
11228,1876,1233,1,11,15,1859,16
11229,1876,1233,2,5,6,800,18
11230,1876,1233,7,10,10,1230,20
11231,1876,1233,2,15,16,2010,19
11232,1876,1233,2,19,14,1748,21
11233,1876,1233,1,17,12,1547,8
11234,1876,1233,1,17,15,1870,15
11235,1877,1233,6,8,8,992,38
11236,1877,1233,10,4,3,404,16
11237,1877,1233,7,9,9,1089,38
11238,1877,1233,7,7,5,714,24
11239,1877,1233,6,2,2,350,12
11240,1877,1233,2,11,13,1573,5
11241,1877,1233,10,13,11,1326,30
11242,1877,1233,2,7,7,854,7
11243,1878,1233,4,14,12,1470,9
11244,1878,1233,4,2,1,198,14
11245,1878,1233,1,9,12,1449,3
11246,1878,1233,1,3,2,255,25
11247,1878,1233,1,16,17,2064,15
11248,1879,1234,6,1,1,103,25
11249,1879,1234,11,7,6,777,24
11250,1879,1234,3,3,4,510,26
11251,1879,1234,6,19,23,2850,32
11252,1879,1234,1,6,6,732,10
11253,1879,1234,1,3,2,342,41
11254,1880,1234,3,7,9,1155,25
11255,1880,1234,10,12,8,1020,17
11256,1880,1234,7,10,12,1480,24
11257,1880,1234,1,2,2,322,10
11258,1881,1234,6,5,4,505,17
11259,1881,1234,1,11,15,1892,24
11260,1881,1234,8,8,5,680,26
11261,1881,1234,10,4,3,432,40
11262,1881,1234,1,9,9,1134,42
11263,1881,1234,5,20,16,1940,31
11264,1882,1234,1,16,11,1344,24
11265,1882,1234,3,8,7,864,22
11266,1882,1234,2,12,13,1572,16
11267,1882,1234,4,19,23,2869,5
11268,1882,1234,5,5,6,755,17
11269,1882,1234,10,20,25,3040,29
11270,1883,1234,5,2,2,248,47
11271,1883,1234,4,7,6,735,68
11272,1883,1234,1,20,29,3480,17
11273,1883,1234,3,13,8,1040,74
11274,1883,1234,6,1,1,118,33
11275,1883,1234,3,12,8,996,14
11276,1883,1234,3,11,7,891,43
11277,1883,1234,3,13,13,1612,42
11278,1884,1234,2,13,16,2015,16
11279,1884,1234,10,5,4,500,7
11280,1884,1234,1,6,4,510,9
11281,1884,1234,2,2,2,262,8
11282,1884,1234,6,19,14,1767,2
11283,1884,1234,9,19,22,2660,4
11284,1884,1234,7,8,8,1024,8
11285,1885,1234,10,5,3,430,20
11286,1885,1234,5,4,3,388,19
11287,1885,1234,1,18,19,2376,87
11288,1885,1234,10,4,3,456,1
11289,1886,1234,10,10,8,970,5
11290,1886,1234,2,20,16,1980,6
11291,1886,1234,2,1,1,99,8
11292,1886,1234,6,2,1,162,1
11293,1886,1234,1,5,5,685,17
11294,1886,1234,10,6,7,894,22
11295,1887,1235,6,16,20,2432,7
11296,1887,1235,7,8,8,976,15
11297,1887,1235,7,20,20,2420,25
11298,1887,1235,1,16,17,2112,12
11299,1888,1235,2,16,17,2048,19
11300,1888,1235,1,18,26,3168,39
11301,1888,1235,10,15,19,2310,24
11302,1888,1235,1,3,2,345,1
11303,1888,1235,5,1,1,162,30
11304,1888,1235,1,2,2,260,16
11305,1888,1235,10,8,8,1024,4
11306,1888,1235,1,7,5,665,47
11307,1889,1235,3,16,23,2800,26
11308,1889,1235,3,19,15,1862,38
11309,1889,1235,2,20,27,3300,61
11310,1889,1235,7,15,13,1575,24
11311,1889,1235,6,7,8,1008,20
11312,1890,1235,6,6,5,618,11
11313,1890,1235,10,8,7,840,34
11314,1890,1235,7,3,2,315,33
11315,1890,1235,10,11,9,1122,47
11316,1890,1235,1,11,14,1716,2
11317,1891,1235,8,10,7,850,7
11318,1891,1235,12,10,7,890,11
11319,1891,1235,2,6,5,618,10
11320,1891,1235,2,12,12,1548,29
11321,1892,1235,1,8,11,1352,12
11322,1892,1235,1,14,11,1400,7
11323,1892,1235,1,15,14,1725,4
11324,1892,1235,2,7,7,861,18
11325,1892,1235,8,8,7,848,17
11326,1892,1235,3,19,19,2394,3
11327,1892,1235,7,20,13,1640,11
11328,1892,1235,2,2,2,308,9
11329,1893,1235,5,2,2,290,24
11330,1893,1235,2,16,12,1536,29
11331,1893,1235,1,7,4,567,1
11332,1893,1235,3,18,19,2394,9
11333,1893,1235,5,20,19,2360,65
11334,1893,1235,9,13,18,2171,59
11335,1894,1236,1,18,16,1998,48
11336,1894,1236,2,13,13,1638,3
11337,1894,1236,5,13,16,1989,9
11338,1894,1236,6,5,5,690,55
11339,1894,1236,10,1,1,175,12
11340,1894,1236,2,5,6,830,44
11341,1894,1236,2,9,12,1440,7
11342,1894,1236,8,2,2,352,56
11343,1895,1236,1,10,7,890,10
11344,1895,1236,3,14,15,1918,27
11345,1895,1236,10,17,11,1411,51
11346,1895,1236,6,19,17,2147,4
11347,1895,1236,7,19,20,2489,20
11348,1895,1236,3,8,7,840,28
11349,1895,1236,9,6,5,696,54
11350,1896,1236,1,11,10,1254,55
11351,1896,1236,7,8,6,776,27
11352,1896,1236,6,10,9,1080,20
11353,1896,1236,10,7,8,987,5
11354,1896,1236,2,9,7,936,51
11355,1897,1236,2,14,17,2072,8
11356,1897,1236,6,1,1,159,12
11357,1897,1236,2,3,4,525,6
11358,1897,1236,1,12,10,1200,13
11359,1898,1236,3,15,10,1305,56
11360,1898,1236,3,13,12,1521,37
11361,1898,1236,1,14,18,2240,30
11362,1898,1236,1,1,1,138,68
11363,1898,1236,1,2,2,346,9
11364,1898,1236,7,4,3,388,38
11365,1899,1236,2,20,26,3220,20
11366,1899,1236,10,4,3,376,48
11367,1899,1236,4,10,14,1710,38
11368,1899,1236,6,1,1,115,17
11369,1900,1236,3,7,9,1176,3
11370,1900,1236,7,10,12,1520,6
11371,1900,1236,12,10,12,1520,20
11372,1900,1236,1,14,13,1638,2
11373,1901,1236,1,15,10,1275,43
11374,1901,1236,10,7,5,623,2
11375,1901,1236,8,12,18,2160,1
11376,1901,1236,1,12,17,2076,34
11377,1901,1236,4,18,18,2160,3
11378,1902,1237,11,12,16,1944,4
11379,1902,1237,2,9,10,1314,8
11380,1902,1237,2,3,3,366,13
11381,1902,1237,1,12,9,1140,9
11382,1902,1237,7,15,17,2100,2
11383,1902,1237,6,3,3,369,8
11384,1902,1237,5,4,3,372,11
11385,1903,1237,1,16,12,1472,9
11386,1903,1237,1,12,15,1896,7
11387,1903,1237,2,2,2,260,4
11388,1903,1237,6,14,14,1694,1
11389,1903,1237,6,16,13,1648,11
11390,1903,1237,2,4,5,676,2
11391,1903,1237,4,16,11,1424,6
11392,1904,1237,2,2,2,298,11
11393,1904,1237,11,11,15,1892,12
11394,1904,1237,1,1,1,150,9
11395,1904,1237,3,2,2,348,10
11396,1904,1237,3,19,15,1824,6
11397,1905,1237,1,1,1,154,42
11398,1905,1237,6,8,12,1440,5
11399,1905,1237,9,19,14,1748,18
11400,1905,1237,8,1,1,156,40
11401,1905,1237,6,4,3,404,40
11402,1905,1237,3,4,5,620,9
11403,1905,1237,6,6,7,876,34
11404,1906,1237,2,19,17,2128,40
11405,1906,1237,1,12,11,1356,41
11406,1906,1237,1,11,7,935,10
11407,1906,1237,3,9,12,1458,12
11408,1907,1237,6,13,14,1755,18
11409,1907,1237,5,3,2,252,22
11410,1907,1237,1,6,7,912,41
11411,1907,1237,7,15,12,1470,18
11412,1907,1237,1,14,16,2002,31
11413,1907,1237,4,17,15,1853,43
11414,1907,1237,2,15,18,2160,5
11415,1908,1237,6,5,4,560,7
11416,1908,1237,4,8,10,1288,46
11417,1908,1237,1,8,6,832,13
11418,1908,1237,12,15,19,2295,23
11419,1908,1237,1,6,8,990,32
11420,1908,1237,8,13,9,1170,50
11421,1908,1237,6,1,1,90,58
11422,1908,1237,9,5,6,775,42
11423,1909,1237,2,13,9,1131,29
11424,1909,1237,6,14,18,2170,14
11425,1909,1237,8,3,2,246,18
11426,1909,1237,2,8,10,1272,1
11427,1909,1237,7,6,8,984,21
11428,1910,1237,1,14,9,1148,68
11429,1910,1237,3,7,6,749,75
11430,1910,1237,6,12,8,1020,51
11431,1910,1237,3,13,17,2106,64
11432,1910,1237,3,11,11,1375,3
11433,1910,1237,5,1,1,163,5
11434,1910,1237,2,2,2,332,7
11435,1911,1238,1,2,2,336,19
11436,1911,1238,7,2,2,248,12
11437,1911,1238,10,10,9,1190,3
11438,1911,1238,6,10,14,1790,3
11439,1911,1238,10,9,8,963,14
11440,1911,1238,1,2,2,254,1
11441,1911,1238,7,20,26,3220,19
11442,1911,1238,6,2,2,272,13
11443,1912,1238,1,10,13,1580,69
11444,1912,1238,1,16,19,2336,34
11445,1912,1238,6,8,6,776,12
11446,1912,1238,3,9,11,1368,12
11447,1912,1238,11,16,18,2160,57
11448,1912,1238,2,1,1,168,86
11449,1912,1238,8,9,7,936,64
11450,1912,1238,2,7,10,1218,14
11451,1913,1238,10,20,20,2420,7
11452,1913,1238,7,8,10,1208,51
11453,1913,1238,1,7,8,1078,8
11454,1913,1238,1,16,15,1872,72
11455,1913,1238,3,12,13,1560,61
11456,1914,1238,10,8,7,904,32
11457,1914,1238,2,20,16,1940,32
11458,1914,1238,1,4,3,404,4
11459,1914,1238,3,2,2,354,2
11460,1915,1238,10,4,2,320,32
11461,1915,1238,6,1,1,144,20
11462,1915,1238,10,9,6,828,52
11463,1915,1238,1,20,13,1660,74
11464,1916,1238,5,12,9,1128,57
11465,1916,1238,3,3,3,456,2
11466,1916,1238,4,13,12,1469,20
11467,1916,1238,2,20,14,1720,18
11468,1916,1238,2,19,18,2204,48
11469,1916,1238,6,13,18,2223,5
11470,1916,1238,3,5,4,480,45
11471,1916,1238,1,15,21,2520,54
11472,1917,1238,1,11,10,1254,5
11473,1917,1238,1,13,8,1066,24
11474,1917,1238,5,10,11,1320,46
11475,1917,1238,7,19,15,1862,12
11476,1917,1238,7,19,19,2280,50
11477,1917,1238,5,13,12,1456,28
11478,1917,1238,10,19,21,2603,36
11479,1918,1238,5,6,5,654,35
11480,1918,1238,2,15,16,1980,6
11481,1918,1238,8,10,9,1180,17
11482,1918,1238,2,8,11,1320,29
11483,1919,1238,6,2,2,290,22
11484,1919,1238,3,8,11,1432,30
11485,1919,1238,6,15,16,1950,14
11486,1919,1238,1,7,9,1141,17
11487,1920,1238,1,19,15,1919,83
11488,1920,1238,4,11,9,1100,26
11489,1920,1238,2,3,3,360,9
11490,1920,1238,8,6,4,564,55
11491,1921,1239,3,3,2,246,7
11492,1921,1239,10,14,14,1680,9
11493,1921,1239,10,15,18,2160,11
11494,1921,1239,1,10,8,960,12
11495,1921,1239,2,14,14,1764,9
11496,1921,1239,1,19,16,2033,9
11497,1921,1239,8,9,12,1521,11
11498,1921,1239,10,10,14,1720,5
11499,1922,1239,10,18,19,2358,13
11500,1922,1239,5,7,10,1225,17
11501,1922,1239,2,13,17,2041,49
11502,1922,1239,1,4,3,448,19
11503,1922,1239,6,13,9,1105,9
11504,1923,1239,1,18,25,3060,29
11505,1923,1239,10,12,16,1968,26
11506,1923,1239,1,1,1,139,14
11507,1923,1239,6,10,14,1700,64
11508,1923,1239,4,1,1,89,46
11509,1924,1239,10,8,7,920,41
11510,1924,1239,1,20,24,2940,20
11511,1924,1239,6,9,9,1116,35
11512,1924,1239,7,17,15,1802,26
11513,1924,1239,8,18,21,2628,14
11514,1925,1239,1,12,8,996,59
11515,1925,1239,8,10,9,1080,68
11516,1925,1239,10,2,1,210,77
11517,1925,1239,2,2,2,326,8
11518,1925,1239,3,14,15,1918,58
11519,1925,1239,10,11,7,880,5
11520,1926,1239,3,13,18,2223,4
11521,1926,1239,6,13,14,1781,14
11522,1926,1239,1,13,9,1144,18
11523,1926,1239,1,9,10,1260,18
11524,1926,1239,1,12,17,2124,54
11525,1926,1239,1,14,20,2436,15
11526,1927,1239,7,9,10,1305,50
11527,1927,1239,8,6,8,1014,17
11528,1927,1239,6,14,13,1652,35
11529,1927,1239,2,15,18,2205,11
11530,1927,1239,6,12,17,2100,32
11531,1927,1239,3,2,2,354,25
11532,1927,1239,1,13,8,1079,6
11533,1928,1239,2,1,1,172,4
11534,1928,1239,1,19,15,1881,21
11535,1928,1239,3,17,14,1785,44
11536,1928,1239,2,20,27,3260,28
11537,1928,1239,9,15,18,2190,16
11538,1928,1239,6,18,21,2520,31
11539,1928,1239,3,11,10,1243,1
11540,1928,1239,1,10,11,1400,8
11541,1929,1239,3,1,1,179,9
11542,1929,1239,5,6,6,798,53
11543,1929,1239,2,14,14,1722,12
11544,1929,1239,5,13,15,1833,24
11545,1929,1239,2,15,15,1905,49
11546,1930,1240,8,19,25,3059,33
11547,1930,1240,7,19,17,2109,39
11548,1930,1240,3,20,20,2500,22
11549,1930,1240,2,10,13,1600,11
11550,1930,1240,1,2,2,308,17
11551,1931,1240,10,16,17,2080,12
11552,1931,1240,4,7,9,1106,1
11553,1931,1240,1,18,25,3114,15
11554,1931,1240,2,20,16,2020,15
11555,1931,1240,1,8,9,1160,18
11556,1931,1240,2,5,6,730,15
11557,1932,1240,2,9,8,972,2
11558,1932,1240,1,19,25,3021,45
11559,1932,1240,6,8,10,1200,21
11560,1932,1240,2,6,5,690,4
11561,1932,1240,1,9,11,1332,49
11562,1932,1240,1,14,16,2030,34
11563,1932,1240,2,20,28,3420,36
11564,1932,1240,6,2,2,298,46
11565,1933,1240,10,6,7,852,22
11566,1933,1240,2,15,11,1395,15
11567,1933,1240,2,18,20,2484,25
11568,1933,1240,3,18,13,1620,44
11569,1933,1240,10,4,4,524,21
11570,1933,1240,1,16,14,1712,49
11571,1934,1240,7,16,14,1680,9
11572,1934,1240,2,7,5,623,73
11573,1934,1240,6,4,4,520,55
11574,1934,1240,3,4,4,536,22
11575,1934,1240,2,13,17,2067,70
11576,1935,1240,3,13,11,1326,10
11577,1935,1240,4,6,5,714,60
11578,1935,1240,5,6,4,576,33
11579,1935,1240,4,18,20,2412,57
11580,1935,1240,1,15,11,1395,51
11581,1935,1240,9,3,4,483,35
11582,1935,1240,5,19,19,2375,59
11583,1936,1240,5,6,5,624,21
11584,1936,1240,12,20,24,2880,4
11585,1936,1240,11,1,1,180,13
11586,1936,1240,2,3,2,324,29
11587,1936,1240,2,11,10,1254,9
11588,1936,1240,12,16,23,2816,7
11589,1936,1240,11,12,12,1440,12
11590,1937,1240,1,19,19,2318,6
11591,1937,1240,3,20,13,1600,29
11592,1937,1240,9,14,16,1932,31
11593,1937,1240,6,20,17,2100,8
11594,1937,1240,1,13,12,1534,21
11595,1937,1240,2,7,6,728,26
11596,1937,1240,10,6,6,744,21
11597,1937,1240,11,8,8,1008,16
11598,1938,1241,1,6,6,738,20
11599,1938,1241,7,15,15,1815,5
11600,1938,1241,2,19,26,3135,23
11601,1938,1241,10,15,17,2100,3
11602,1939,1241,1,14,17,2072,22
11603,1939,1241,7,12,15,1800,7
11604,1939,1241,1,3,2,342,26
11605,1939,1241,10,11,10,1309,12
11606,1939,1241,2,7,10,1260,13
11607,1939,1241,10,20,24,2900,17
11608,1939,1241,6,8,9,1080,17
11609,1940,1241,11,10,14,1720,20
11610,1940,1241,10,17,13,1598,2
11611,1940,1241,6,7,10,1232,9
11612,1940,1241,8,15,22,2655,13
11613,1940,1241,5,1,1,128,2
11614,1940,1241,2,19,18,2223,10
11615,1941,1241,6,6,5,684,29
11616,1941,1241,2,7,9,1134,22
11617,1941,1241,1,20,27,3280,31
11618,1941,1241,5,6,4,522,14
11619,1942,1241,1,1,1,107,66
11620,1942,1241,1,19,25,3002,65
11621,1942,1241,1,20,14,1700,14
11622,1942,1241,2,1,1,179,48
11623,1943,1241,11,3,3,405,36
11624,1943,1241,11,2,2,344,41
11625,1943,1241,11,17,11,1428,16
11626,1943,1241,1,1,1,80,56
11627,1943,1241,11,9,9,1197,34
11628,1943,1241,1,7,5,665,53
11629,1943,1241,10,9,8,963,59
11630,1944,1241,4,7,6,721,14
11631,1944,1241,7,4,3,380,45
11632,1944,1241,2,11,14,1749,17
11633,1944,1241,6,16,20,2496,14
11634,1944,1241,6,20,27,3280,7
11635,1944,1241,6,3,2,330,49
11636,1945,1242,2,19,15,1824,3
11637,1945,1242,10,12,15,1836,39
11638,1945,1242,5,7,10,1260,51
11639,1945,1242,1,19,13,1577,10
11640,1945,1242,3,17,11,1377,14
11641,1945,1242,7,11,15,1804,28
11642,1945,1242,12,14,9,1148,50
11643,1946,1242,2,7,9,1141,18
11644,1946,1242,10,16,14,1696,9
11645,1946,1242,1,19,20,2508,3
11646,1946,1242,10,12,10,1260,22
11647,1946,1242,1,1,1,125,15
11648,1946,1242,1,12,13,1620,12
11649,1947,1242,5,18,24,2916,45
11650,1947,1242,9,18,12,1476,52
11651,1947,1242,2,20,23,2860,3
11652,1947,1242,2,9,11,1350,45
11653,1947,1242,2,12,9,1104,44
11654,1947,1242,3,7,5,700,46
11655,1947,1242,2,11,16,1947,41
11656,1947,1242,10,10,7,920,6
11657,1948,1242,1,4,5,640,1
11658,1948,1242,2,19,14,1691,51
11659,1948,1242,8,13,15,1859,57
11660,1948,1242,6,20,27,3320,47
11661,1948,1242,1,17,17,2074,87
11662,1948,1242,4,13,15,1911,6
11663,1949,1242,1,1,1,84,33
11664,1949,1242,6,17,21,2635,10
11665,1949,1242,2,18,24,2898,21
11666,1949,1242,3,7,9,1099,35
11667,1949,1242,1,16,11,1328,14
11668,1949,1242,3,7,10,1232,6
11669,1950,1242,8,14,17,2128,21
11670,1950,1242,6,17,17,2125,7
11671,1950,1242,6,15,14,1680,17
11672,1950,1242,3,18,13,1602,7
11673,1950,1242,2,1,1,172,19
11674,1950,1242,2,4,3,460,1
11675,1950,1242,2,3,3,450,4
11676,1950,1242,2,13,9,1157,16
11677,1951,1242,11,17,17,2125,10
11678,1951,1242,7,4,5,688,5
11679,1951,1242,6,9,10,1296,4
11680,1951,1242,1,19,18,2204,11
11681,1952,1242,7,13,10,1274,21
11682,1952,1242,9,14,10,1260,18
11683,1952,1242,2,5,6,820,46
11684,1952,1242,7,19,23,2831,29
11685,1952,1242,1,2,2,316,13
11686,1953,1243,2,16,18,2160,8
11687,1953,1243,1,10,12,1450,15
11688,1953,1243,1,2,2,312,26
11689,1953,1243,7,5,6,830,27
11690,1953,1243,8,5,3,475,25
11691,1953,1243,8,14,19,2394,37
11692,1953,1243,2,3,4,507,55
11693,1953,1243,6,1,1,89,5
11694,1954,1243,1,15,19,2310,25
11695,1954,1243,2,12,16,1920,25
11696,1954,1243,6,8,6,824,15
11697,1954,1243,5,7,7,903,33
11698,1955,1243,2,13,10,1313,6
11699,1955,1243,8,1,1,175,16
11700,1955,1243,2,20,27,3240,2
11701,1955,1243,2,7,8,1015,22
11702,1955,1243,12,19,28,3401,21
11703,1956,1243,2,20,29,3540,58
11704,1956,1243,10,9,7,900,34
11705,1956,1243,6,14,17,2086,15
11706,1956,1243,3,11,12,1507,32
11707,1956,1243,1,1,1,169,33
11708,1956,1243,4,15,14,1740,8
11709,1956,1243,11,12,15,1848,6
11710,1956,1243,10,12,17,2088,30
11711,1957,1243,2,11,8,1001,71
11712,1957,1243,2,12,17,2052,48
11713,1957,1243,1,14,13,1568,32
11714,1957,1243,6,5,4,485,13
11715,1958,1243,2,9,13,1611,34
11716,1958,1243,3,6,7,912,35
11717,1958,1243,1,6,4,492,10
11718,1958,1243,6,15,12,1530,25
11719,1958,1243,2,4,5,652,16
11720,1958,1243,7,5,3,420,20
11721,1958,1243,6,16,19,2336,8
11722,1958,1243,11,8,6,744,19
11723,1959,1243,2,7,5,609,57
11724,1959,1243,1,3,2,324,2
11725,1959,1243,1,4,3,424,5
11726,1959,1243,2,10,9,1190,12
11727,1959,1243,1,8,9,1112,42
11728,1959,1243,3,1,1,127,22
11729,1960,1244,1,5,5,670,4
11730,1960,1244,7,19,22,2641,26
11731,1960,1244,6,16,21,2528,29
11732,1960,1244,7,12,13,1572,28
11733,1960,1244,6,10,7,890,5
11734,1960,1244,1,1,1,137,28
11735,1960,1244,8,20,26,3180,25
11736,1961,1244,7,7,6,749,27
11737,1961,1244,4,2,2,272,8
11738,1961,1244,10,20,19,2320,32
11739,1961,1244,2,12,16,1932,12
11740,1961,1244,1,4,2,352,10
11741,1961,1244,10,16,10,1296,19
11742,1961,1244,1,12,15,1824,15
11743,1962,1244,1,10,9,1090,14
11744,1962,1244,1,3,3,405,26
11745,1962,1244,7,20,27,3300,31
11746,1962,1244,2,10,11,1320,32
11747,1962,1244,1,4,3,376,22
11748,1962,1244,10,4,3,380,24
11749,1962,1244,4,15,12,1440,16
11750,1962,1244,6,7,8,1001,8
11751,1963,1244,1,13,12,1534,9
11752,1963,1244,1,6,8,1032,54
11753,1963,1244,2,17,20,2516,47
11754,1963,1244,11,13,18,2262,38
11755,1963,1244,10,15,11,1320,52
11756,1963,1244,2,18,21,2574,23
11757,1963,1244,10,17,23,2805,2
11758,1964,1244,1,16,19,2352,34
11759,1964,1244,6,9,6,774,8
11760,1964,1244,1,16,15,1808,66
11761,1964,1244,6,6,5,690,40
11762,1965,1244,9,13,13,1677,28
11763,1965,1244,11,10,9,1190,35
11764,1965,1244,7,15,11,1410,8
11765,1965,1244,5,3,3,396,5
11766,1965,1244,5,16,22,2736,29
11767,1965,1244,6,10,11,1370,30
11768,1965,1244,2,14,15,1904,34
11769,1965,1244,7,12,16,2028,9
11770,1966,1244,6,4,5,644,34
11771,1966,1244,9,17,13,1581,21
11772,1966,1244,3,11,10,1276,8
11773,1966,1244,9,11,10,1265,41
11774,1966,1244,7,12,12,1476,43
11775,1967,1244,7,20,30,3600,8
11776,1967,1244,3,15,20,2430,8
11777,1967,1244,9,12,12,1476,27
11778,1967,1244,1,1,1,89,63
11779,1968,1244,1,6,6,744,19
11780,1968,1244,1,6,7,918,21
11781,1968,1244,5,13,14,1781,23
11782,1968,1244,1,2,2,252,12
11783,1969,1244,4,10,13,1610,35
11784,1969,1244,2,11,9,1089,26
11785,1969,1244,2,5,7,885,18
11786,1969,1244,1,10,8,990,33
11787,1970,1245,1,9,6,801,1
11788,1970,1245,3,19,20,2489,3
11789,1970,1245,3,13,13,1599,11
11790,1970,1245,7,4,5,688,18
11791,1970,1245,4,14,10,1204,27
11792,1971,1245,2,2,2,306,16
11793,1971,1245,12,4,5,696,37
11794,1971,1245,2,20,17,2080,12
11795,1971,1245,1,1,1,134,23
11796,1971,1245,1,19,20,2451,41
11797,1972,1245,2,12,9,1152,14
11798,1972,1245,3,19,17,2147,5
11799,1972,1245,1,1,1,84,51
11800,1972,1245,10,6,4,504,35
11801,1972,1245,5,16,17,2096,48
11802,1972,1245,1,2,2,264,10
11803,1972,1245,2,6,4,552,54
11804,1972,1245,2,15,15,1800,8
11805,1973,1245,8,19,20,2508,2
11806,1973,1245,2,14,14,1750,15
11807,1973,1245,1,9,12,1494,51
11808,1973,1245,1,6,5,612,3
11809,1973,1245,4,2,1,232,14
11810,1973,1245,1,2,2,276,30
11811,1973,1245,1,5,6,755,30
11812,1973,1245,2,20,20,2440,59
11813,1974,1245,4,10,8,1010,70
11814,1974,1245,7,2,1,180,63
11815,1974,1245,8,16,22,2640,68
11816,1974,1245,3,7,8,1008,67
11817,1974,1245,1,4,2,352,27
11818,1974,1245,1,12,10,1224,75
11819,1974,1245,1,7,8,1029,29
11820,1975,1245,3,11,7,935,18
11821,1975,1245,2,17,11,1411,26
11822,1975,1245,6,6,5,678,18
11823,1975,1245,5,20,21,2620,36
11824,1975,1245,2,2,1,230,8
11825,1976,1245,3,12,12,1452,20
11826,1976,1245,1,19,17,2109,13
11827,1976,1245,6,19,22,2660,4
11828,1976,1245,1,10,13,1650,25
11829,1977,1246,2,13,9,1157,7
11830,1977,1246,1,20,22,2680,47
11831,1977,1246,2,3,3,465,6
11832,1977,1246,7,9,7,945,63
11833,1978,1246,6,15,10,1260,11
11834,1978,1246,1,11,12,1452,6
11835,1978,1246,2,15,12,1545,9
11836,1978,1246,3,9,13,1602,11
11837,1978,1246,11,13,8,1053,10
11838,1978,1246,5,12,9,1092,3
11839,1978,1246,6,2,2,262,11
11840,1978,1246,7,8,6,816,6
11841,1979,1246,1,4,2,356,63
11842,1979,1246,4,4,3,412,45
11843,1979,1246,6,6,8,1002,59
11844,1979,1246,1,19,14,1691,52
11845,1979,1246,6,5,7,885,19
11846,1979,1246,1,20,16,1960,45
11847,1979,1246,2,9,6,801,57
11848,1979,1246,2,16,17,2064,12
11849,1980,1246,1,9,9,1134,31
11850,1980,1246,3,1,1,143,28
11851,1980,1246,2,10,7,860,66
11852,1980,1246,1,7,8,980,66
11853,1980,1246,1,4,4,500,24
11854,1980,1246,10,14,17,2044,52
11855,1980,1246,2,17,11,1411,3
11856,1981,1246,2,2,1,166,7
11857,1981,1246,1,5,5,710,47
11858,1981,1246,1,7,9,1176,53
11859,1981,1246,6,1,1,115,61
11860,1981,1246,10,20,16,1980,72
11861,1981,1246,1,8,9,1096,12
11862,1981,1246,2,4,3,428,61
11863,1982,1246,9,8,10,1232,23
11864,1982,1246,6,14,20,2408,65
11865,1982,1246,6,19,19,2299,34
11866,1982,1246,1,14,20,2436,17
11867,1982,1246,6,8,8,1040,66
11868,1982,1246,1,10,6,830,61
11869,1982,1246,1,17,12,1530,45
11870,1983,1247,10,17,11,1411,19
11871,1983,1247,8,1,1,156,18
11872,1983,1247,5,2,1,226,1
11873,1983,1247,6,8,8,1040,24
11874,1983,1247,1,5,4,570,25
11875,1983,1247,2,5,4,515,16
11876,1983,1247,2,9,7,873,13
11877,1984,1247,1,5,3,465,21
11878,1984,1247,12,8,6,784,21
11879,1984,1247,1,4,4,520,40
11880,1984,1247,10,7,10,1253,12
11881,1984,1247,5,15,14,1680,24
11882,1984,1247,1,13,13,1599,5
11883,1984,1247,3,18,19,2358,12
11884,1985,1247,10,8,7,840,38
11885,1985,1247,3,1,1,174,22
11886,1985,1247,9,11,9,1089,42
11887,1985,1247,6,13,18,2275,20
11888,1985,1247,10,16,11,1408,44
11889,1985,1247,1,3,2,321,9
11890,1986,1247,1,19,15,1805,10
11891,1986,1247,7,18,16,2034,7
11892,1986,1247,2,12,8,1032,13
11893,1986,1247,3,7,7,945,10
11894,1986,1247,6,17,17,2091,15
11895,1987,1247,10,14,19,2282,12
11896,1987,1247,2,20,29,3520,19
11897,1987,1247,1,20,21,2560,14
11898,1987,1247,6,13,9,1131,6
11899,1987,1247,1,13,12,1495,10
11900,1987,1247,6,19,19,2356,22
11901,1987,1247,1,10,9,1100,15
11902,1988,1247,1,9,7,891,5
11903,1988,1247,6,14,11,1386,7
11904,1988,1247,1,16,18,2224,8
11905,1988,1247,7,9,7,882,3
11906,1988,1247,1,6,8,1002,5
11907,1988,1247,1,4,5,684,13
11908,1989,1247,1,19,13,1577,30
11909,1989,1247,2,7,5,651,59
11910,1989,1247,2,2,2,328,23
11911,1989,1247,6,12,14,1788,31
11912,1989,1247,7,11,7,891,65
11913,1989,1247,7,8,6,808,61
11914,1989,1247,1,10,10,1200,27
11915,1989,1247,7,11,8,1001,28
11916,1990,1247,11,10,9,1080,9
11917,1990,1247,7,3,3,471,9
11918,1990,1247,10,13,11,1417,26
11919,1990,1247,7,9,10,1233,11
11920,1990,1247,7,9,8,963,32
11921,1991,1247,2,16,17,2112,70
11922,1991,1247,6,5,7,840,19
11923,1991,1247,1,18,14,1746,73
11924,1991,1247,10,19,27,3268,33
11925,1991,1247,2,18,25,3024,6
11926,1991,1247,1,17,16,2006,45
11927,1992,1247,3,4,5,704,19
11928,1992,1247,6,17,12,1530,14
11929,1992,1247,7,12,11,1404,20
11930,1992,1247,6,4,3,472,11
11931,1992,1247,2,14,14,1722,4
11932,1992,1247,1,17,19,2295,4
11933,1992,1247,8,14,16,1946,23
11934,1992,1247,2,13,9,1170,14
11935,1993,1248,2,15,20,2505,1
11936,1993,1248,3,8,8,1024,16
11937,1993,1248,1,16,22,2704,9
11938,1993,1248,3,14,18,2198,12
11939,1993,1248,11,3,2,306,4
11940,1993,1248,3,17,25,3026,10
11941,1994,1248,6,15,12,1455,10
11942,1994,1248,3,5,3,430,5
11943,1994,1248,1,14,11,1414,10
11944,1994,1248,1,20,29,3520,2
11945,1994,1248,6,15,18,2250,15
11946,1994,1248,10,15,15,1800,12
11947,1994,1248,6,18,19,2322,12
11948,1995,1248,10,4,5,628,19
11949,1995,1248,6,12,11,1332,16
11950,1995,1248,3,11,11,1331,1
11951,1995,1248,2,4,4,540,15
11952,1996,1248,1,20,23,2780,9
11953,1996,1248,10,16,16,1968,19
11954,1996,1248,2,14,18,2170,41
11955,1996,1248,1,10,7,910,17
11956,1996,1248,1,2,2,316,23
11957,1996,1248,3,14,19,2324,4
11958,1997,1248,1,17,14,1751,25
11959,1997,1248,1,7,5,693,80
11960,1997,1248,6,14,16,1988,66
11961,1997,1248,1,10,8,1050,46
11962,1997,1248,5,12,15,1908,75
11963,1997,1248,1,20,23,2780,60
11964,1998,1248,4,13,18,2210,43
11965,1998,1248,6,5,5,610,46
11966,1998,1248,6,9,8,981,32
11967,1998,1248,6,7,7,931,26
11968,1998,1248,1,16,12,1472,5
11969,1998,1248,3,4,4,540,24
11970,1999,1249,2,7,9,1099,18
11971,1999,1249,10,2,2,268,43
11972,1999,1249,5,20,20,2460,33
11973,1999,1249,8,5,6,785,17
11974,1999,1249,5,8,12,1440,52
11975,1999,1249,1,19,27,3287,30
11976,2000,1249,2,9,7,855,29
11977,2000,1249,6,20,19,2360,15
11978,2000,1249,1,19,26,3230,8
11979,2000,1249,2,3,3,375,17
11980,2000,1249,2,2,2,308,26
11981,2000,1249,3,13,10,1274,20
11982,2001,1249,4,2,1,238,2
11983,2001,1249,10,12,10,1200,32
11984,2001,1249,6,15,10,1230,13
11985,2001,1249,2,15,16,2025,25
11986,2001,1249,10,8,5,688,29
11987,2001,1249,8,15,19,2295,32
11988,2002,1249,6,13,18,2210,21
11989,2002,1249,2,4,5,636,10
11990,2002,1249,1,6,5,654,9
11991,2002,1249,11,14,10,1302,12
11992,2003,1249,7,3,3,429,2
11993,2003,1249,4,19,15,1881,5
11994,2003,1249,1,5,5,600,3
11995,2003,1249,7,7,9,1113,1
11996,2004,1249,1,3,2,354,29
11997,2004,1249,2,15,12,1530,37
11998,2004,1249,1,12,12,1524,21
11999,2004,1249,1,16,19,2304,13
12000,2004,1249,6,1,1,112,32
12001,2004,1249,2,10,10,1200,25
12002,2005,1249,1,13,11,1417,26
12003,2005,1249,1,8,11,1432,82
12004,2005,1249,5,10,14,1730,54
12005,2005,1249,2,19,13,1615,27
12006,2005,1249,7,18,15,1890,7
12007,2005,1249,5,10,7,910,27
12008,2006,1250,6,9,12,1476,34
12009,2006,1250,8,2,1,210,47
12010,2006,1250,6,19,17,2109,38
12011,2006,1250,10,4,4,568,62
12012,2006,1250,7,7,6,742,37
12013,2006,1250,7,8,11,1408,6
12014,2006,1250,11,15,11,1410,20
12015,2007,1250,1,13,17,2145,1
12016,2007,1250,10,7,8,1064,6
12017,2007,1250,11,3,3,441,13
12018,2007,1250,3,17,13,1598,22
12019,2007,1250,1,1,1,149,26
12020,2007,1250,10,2,1,198,8
12021,2007,1250,10,18,16,1980,13
12022,2007,1250,12,16,10,1280,25
12023,2008,1250,3,11,10,1210,23
12024,2008,1250,3,9,12,1476,5
12025,2008,1250,10,20,27,3260,13
12026,2008,1250,2,15,21,2520,12
12027,2008,1250,5,8,10,1240,26
12028,2008,1250,1,1,1,164,11
12029,2009,1250,11,5,3,435,29
12030,2009,1250,1,12,15,1908,10
12031,2009,1250,2,1,1,157,6
12032,2009,1250,6,1,1,163,25
12033,2009,1250,6,12,17,2136,62
12034,2009,1250,1,13,17,2054,31
12035,2010,1250,11,3,2,249,25
12036,2010,1250,10,16,14,1728,15
12037,2010,1250,1,17,14,1751,29
12038,2010,1250,2,11,9,1177,49
12039,2010,1250,2,2,1,204,45
12040,2010,1250,2,13,14,1690,34
12041,2010,1250,6,6,5,660,36
12042,2010,1250,2,12,17,2064,22
12043,2011,1250,1,4,5,644,24
12044,2011,1250,6,10,14,1790,20
12045,2011,1250,5,10,11,1420,10
12046,2011,1250,1,9,6,783,24
12047,2012,1251,11,5,4,505,14
12048,2012,1251,7,15,17,2070,43
12049,2012,1251,6,2,1,194,45
12050,2012,1251,8,20,24,2940,31
12051,2013,1251,1,9,6,837,24
12052,2013,1251,1,16,12,1536,17
12053,2013,1251,7,2,1,198,20
12054,2013,1251,3,20,20,2460,15
12055,2013,1251,2,12,9,1128,5
12056,2014,1251,6,16,23,2832,39
12057,2014,1251,3,7,6,742,2
12058,2014,1251,8,6,6,744,7
12059,2014,1251,3,14,15,1890,35
12060,2015,1251,4,14,11,1400,7
12061,2015,1251,10,7,6,826,24
12062,2015,1251,6,12,15,1812,12
12063,2015,1251,6,12,13,1560,23
12064,2015,1251,3,3,3,462,11
12065,2016,1251,6,19,18,2242,56
12066,2016,1251,2,10,11,1430,24
12067,2016,1251,10,15,16,2010,55
12068,2016,1251,1,15,22,2655,36
12069,2017,1251,10,17,17,2125,35
12070,2017,1251,3,10,11,1430,28
12071,2017,1251,3,12,16,1968,21
12072,2017,1251,6,16,22,2752,1
12073,2017,1251,2,18,19,2376,24
12074,2017,1251,10,2,2,260,30
12075,2017,1251,6,19,20,2508,18
12076,2018,1252,6,11,14,1738,5
12077,2018,1252,10,11,12,1452,17
12078,2018,1252,3,10,8,1010,14
12079,2018,1252,2,20,23,2860,20
12080,2018,1252,2,18,12,1548,26
12081,2018,1252,8,13,14,1716,27
12082,2018,1252,1,13,11,1404,17
12083,2018,1252,7,6,7,864,12
12084,2019,1252,1,15,15,1830,1
12085,2019,1252,10,6,4,498,41
12086,2019,1252,6,6,6,732,12
12087,2019,1252,1,8,10,1208,1
12088,2019,1252,1,10,9,1130,45
12089,2019,1252,9,5,5,715,25
12090,2019,1252,2,4,3,468,33
12091,2020,1252,6,11,15,1815,7
12092,2020,1252,1,20,20,2440,18
12093,2020,1252,2,18,23,2808,16
12094,2020,1252,7,18,18,2160,15
12095,2020,1252,10,8,8,976,33
12096,2020,1252,10,10,12,1530,39
12097,2020,1252,6,20,27,3340,40
12098,2021,1252,2,12,17,2124,21
12099,2021,1252,6,11,8,1078,5
12100,2021,1252,5,16,21,2608,22
12101,2021,1252,2,5,3,400,19
12102,2021,1252,6,3,3,450,3
12103,2021,1252,4,10,14,1760,19
12104,2021,1252,3,3,2,285,3
12105,2021,1252,2,20,22,2680,8
12106,2022,1252,5,4,2,344,41
12107,2022,1252,6,10,13,1660,42
12108,2022,1252,6,13,17,2093,14
12109,2022,1252,6,15,20,2445,35
12110,2022,1252,1,12,15,1896,63
12111,2022,1252,2,17,15,1802,34
12112,2022,1252,10,10,10,1250,35
12113,2022,1252,1,1,1,171,39
12114,2023,1252,10,3,3,435,6
12115,2023,1252,5,14,14,1694,9
12116,2023,1252,5,15,18,2250,15
12117,2023,1252,1,11,7,924,12
12118,2023,1252,2,11,8,1045,2
12119,2023,1252,6,15,15,1905,15
12120,2023,1252,7,1,1,136,13
12121,2023,1252,6,1,1,167,13
12122,2024,1252,1,12,9,1104,22
12123,2024,1252,8,9,13,1620,27
12124,2024,1252,2,20,20,2400,47
12125,2024,1252,6,12,14,1776,21
12126,2024,1252,3,2,2,336,53
12127,2024,1252,6,5,4,485,54
12128,2025,1252,5,9,11,1404,1
12129,2025,1252,3,1,1,147,21
12130,2025,1252,1,14,11,1330,1
12131,2025,1252,1,8,8,1000,27
12132,2025,1252,1,5,3,415,20
12133,2025,1252,7,9,9,1134,19
12134,2025,1252,7,13,16,2002,4
12135,2026,1253,6,7,8,1057,45
12136,2026,1253,10,14,12,1470,27
12137,2026,1253,3,19,22,2755,35
12138,2026,1253,6,3,2,333,70
12139,2026,1253,7,17,20,2431,1
12140,2026,1253,1,17,12,1547,12
12141,2027,1253,6,6,5,636,13
12142,2027,1253,1,8,6,808,18
12143,2027,1253,1,15,10,1215,43
12144,2027,1253,3,4,3,392,32
12145,2027,1253,4,20,22,2660,16
12146,2027,1253,2,17,20,2414,40
12147,2027,1253,6,17,24,2924,5
12148,2028,1253,9,5,4,515,4
12149,2028,1253,2,17,16,1989,16
12150,2028,1253,10,4,5,628,32
12151,2028,1253,4,18,13,1656,27
12152,2029,1253,3,2,1,234,10
12153,2029,1253,6,11,14,1749,38
12154,2029,1253,1,6,7,870,19
12155,2029,1253,1,9,13,1593,7
12156,2029,1253,4,4,4,596,42
12157,2029,1253,9,8,10,1280,7
12158,2030,1253,1,2,1,216,8
12159,2030,1253,9,16,20,2448,22
12160,2030,1253,2,3,3,429,29
12161,2030,1253,2,12,14,1752,15
12162,2030,1253,2,17,14,1700,21
12163,2030,1253,1,11,9,1089,63
12164,2031,1253,12,13,11,1326,11
12165,2031,1253,1,15,10,1215,7
12166,2031,1253,3,2,2,290,18
12167,2031,1253,10,5,4,570,2
12168,2031,1253,3,13,14,1755,37
12169,2031,1253,7,11,15,1815,28
12170,2032,1253,1,8,11,1376,22
12171,2032,1253,1,4,3,372,16
12172,2032,1253,2,20,21,2560,21
12173,2032,1253,1,5,6,760,6
12174,2032,1253,9,17,16,1972,33
12175,2033,1253,2,19,18,2185,77
12176,2033,1253,3,12,11,1404,60
12177,2033,1253,9,2,1,232,63
12178,2033,1253,2,10,8,960,87
12179,2033,1253,1,12,13,1584,30
12180,2033,1253,5,19,12,1520,34
12181,2034,1254,2,14,19,2352,26
12182,2034,1254,2,10,12,1460,3
12183,2034,1254,8,11,9,1100,11
12184,2034,1254,1,17,24,2992,17
12185,2034,1254,5,13,12,1534,13
12186,2034,1254,2,1,1,151,20
12187,2035,1254,11,16,20,2416,10
12188,2035,1254,1,8,10,1248,4
12189,2035,1254,2,14,19,2366,16
12190,2035,1254,2,17,15,1836,7
12191,2035,1254,4,16,12,1536,15
12192,2036,1254,9,6,5,672,4
12193,2036,1254,1,11,16,1947,26
12194,2036,1254,1,7,8,1029,22
12195,2036,1254,1,4,3,412,10
12196,2036,1254,3,6,5,654,28
12197,2036,1254,10,5,3,425,15
12198,2037,1254,2,16,11,1376,22
12199,2037,1254,1,14,12,1540,6
12200,2037,1254,2,20,25,3020,22
12201,2037,1254,6,16,18,2208,7
12202,2037,1254,2,12,10,1200,4
12203,2037,1254,12,17,17,2091,17
12204,2037,1254,1,15,15,1890,12
12205,2038,1254,10,6,4,546,68
12206,2038,1254,6,12,9,1104,8
12207,2038,1254,5,12,17,2124,65
12208,2038,1254,5,19,23,2774,12
12209,2038,1254,5,4,5,628,80
12210,2038,1254,2,18,14,1710,64
12211,2038,1254,8,18,16,1980,37
12212,2039,1254,1,19,27,3325,11
12213,2039,1254,10,11,11,1353,4
12214,2039,1254,8,7,6,728,5
12215,2039,1254,5,15,21,2565,2
12216,2039,1254,7,15,12,1440,11
12217,2039,1254,1,2,2,304,11
12218,2040,1254,1,7,9,1120,3
12219,2040,1254,10,20,27,3240,6
12220,2040,1254,6,15,13,1620,8
12221,2040,1254,2,8,6,776,19
12222,2040,1254,6,1,1,164,34
12223,2040,1254,6,16,23,2832,11
12224,2041,1254,2,19,27,3306,2
12225,2041,1254,10,4,3,388,6
12226,2041,1254,10,6,6,756,32
12227,2041,1254,6,18,23,2790,28
12228,2041,1254,10,3,2,258,10
12229,2041,1254,2,4,5,608,33
12230,2041,1254,9,6,7,840,11
12231,2041,1254,12,10,13,1630,40
12232,2042,1254,2,19,25,3040,5
12233,2042,1254,2,18,15,1908,6
12234,2042,1254,1,19,22,2641,32
12235,2042,1254,4,12,9,1116,28
12236,2042,1254,3,2,1,186,35
12237,2042,1254,1,12,11,1380,19
12238,2042,1254,11,5,5,695,29
12239,2043,1255,2,13,10,1261,11
12240,2043,1255,9,12,9,1092,1
12241,2043,1255,11,1,1,107,13
12242,2043,1255,10,18,18,2232,16
12243,2043,1255,10,8,10,1232,25
12244,2044,1255,5,15,20,2415,12
12245,2044,1255,7,18,17,2052,47
12246,2044,1255,4,13,11,1417,7
12247,2044,1255,10,4,3,408,10
12248,2044,1255,5,7,7,924,25
12249,2045,1255,9,3,2,291,67
12250,2045,1255,10,7,10,1232,12
12251,2045,1255,1,13,10,1287,30
12252,2045,1255,3,12,8,1008,50
12253,2045,1255,8,10,12,1510,23
12254,2045,1255,6,6,4,594,74
12255,2046,1255,2,9,10,1287,25
12256,2046,1255,2,3,3,405,39
12257,2046,1255,1,12,12,1500,39
12258,2046,1255,11,2,1,212,25
12259,2046,1255,2,12,17,2100,55
12260,2046,1255,10,6,5,636,29
12261,2046,1255,1,9,10,1215,28
12262,2047,1255,1,16,17,2064,10
12263,2047,1255,4,15,19,2325,2
12264,2047,1255,2,12,17,2112,43
12265,2047,1255,10,5,4,585,22
12266,2047,1255,6,12,15,1872,55
12267,2048,1255,6,18,12,1548,25
12268,2048,1255,2,16,12,1440,26
12269,2048,1255,1,7,6,819,33
12270,2048,1255,6,8,5,704,7
12271,2048,1255,3,4,4,496,25
12272,2048,1255,10,8,10,1216,24
12273,2049,1255,2,6,5,672,1
12274,2049,1255,1,1,1,166,24
12275,2049,1255,2,15,19,2370,26
12276,2049,1255,1,17,18,2261,18
12277,2049,1255,1,17,15,1870,11
12278,2049,1255,5,12,12,1500,17
12279,2050,1255,2,18,20,2466,24
12280,2050,1255,7,15,19,2295,37
12281,2050,1255,8,16,15,1808,9
12282,2050,1255,2,10,8,1000,41
12283,2050,1255,6,2,2,346,20
12284,2050,1255,1,17,14,1717,31
12285,2051,1255,6,16,22,2656,42
12286,2051,1255,1,15,18,2190,56
12287,2051,1255,10,16,13,1648,41
12288,2051,1255,2,17,13,1581,43
12289,2051,1255,5,18,19,2358,57
12290,2051,1255,5,20,18,2260,48
12291,2052,1256,8,14,16,1974,5
12292,2052,1256,6,19,25,3002,38
12293,2052,1256,1,11,9,1111,14
12294,2052,1256,3,4,2,328,1
12295,2052,1256,7,20,21,2540,40
12296,2053,1256,1,18,21,2556,45
12297,2053,1256,3,12,10,1272,24
12298,2053,1256,1,8,8,1024,10
12299,2053,1256,2,1,1,88,37
12300,2053,1256,2,14,13,1610,14
12301,2053,1256,6,16,13,1600,37
12302,2054,1256,4,17,11,1377,13
12303,2054,1256,5,8,6,792,17
12304,2054,1256,10,9,6,765,3
12305,2054,1256,11,15,11,1335,7
12306,2054,1256,10,8,11,1360,16
12307,2054,1256,1,15,11,1380,17
12308,2054,1256,2,15,19,2325,2
12309,2055,1256,3,4,4,532,74
12310,2055,1256,8,15,15,1860,22
12311,2055,1256,4,14,10,1204,11
12312,2055,1256,1,13,17,2093,57
12313,2055,1256,3,2,1,160,60
12314,2056,1256,1,13,13,1664,3
12315,2056,1256,5,13,9,1196,1
12316,2056,1256,5,11,16,1980,8
12317,2056,1256,8,2,1,160,16
12318,2056,1256,1,1,1,92,1
12319,2057,1256,7,6,8,1014,26
12320,2057,1256,5,7,9,1106,3
12321,2057,1256,2,2,1,190,5
12322,2057,1256,7,18,13,1584,25
12323,2057,1256,5,9,12,1548,8
12324,2058,1257,6,16,11,1408,3
12325,2058,1257,9,4,3,464,40
12326,2058,1257,2,3,4,537,28
12327,2058,1257,2,6,7,906,10
12328,2058,1257,7,12,9,1128,37
12329,2058,1257,2,5,6,775,60
12330,2058,1257,2,13,10,1235,28
12331,2059,1257,10,16,10,1312,10
12332,2059,1257,8,9,8,1062,25
12333,2059,1257,2,2,1,200,18
12334,2059,1257,10,6,8,1026,6
12335,2060,1257,10,9,12,1449,68
12336,2060,1257,1,15,15,1860,80
12337,2060,1257,9,11,7,880,22
12338,2060,1257,2,9,12,1467,18
12339,2060,1257,3,8,8,1016,23
12340,2061,1257,6,10,12,1440,15
12341,2061,1257,4,4,5,668,7
12342,2061,1257,1,5,3,410,13
12343,2061,1257,1,7,9,1106,26
12344,2061,1257,6,1,1,110,4
12345,2061,1257,8,14,15,1918,14
12346,2061,1257,9,15,14,1725,10
12347,2062,1257,7,18,12,1458,32
12348,2062,1257,10,20,14,1740,3
12349,2062,1257,10,10,13,1580,28
12350,2062,1257,2,19,20,2451,27
12351,2062,1257,3,15,22,2640,28
12352,2062,1257,1,13,9,1092,11
12353,2062,1257,10,20,22,2700,20
12354,2062,1257,10,20,14,1760,3
12355,2063,1257,2,20,20,2420,33
12356,2063,1257,11,11,14,1771,65
12357,2063,1257,10,10,11,1320,45
12358,2063,1257,3,4,3,444,58
12359,2063,1257,1,7,6,784,22
12360,2063,1257,3,19,16,2033,23
12361,2063,1257,5,15,22,2670,28
12362,2064,1258,3,11,10,1232,35
12363,2064,1258,6,5,5,715,20
12364,2064,1258,7,10,11,1340,20
12365,2064,1258,2,9,12,1458,4
12366,2064,1258,1,1,1,172,2
12367,2064,1258,1,4,3,472,15
12368,2064,1258,2,11,16,1936,37
12369,2065,1258,12,6,5,642,9
12370,2065,1258,11,10,10,1220,47
12371,2065,1258,2,12,12,1548,27
12372,2065,1258,4,6,4,576,50
12373,2065,1258,7,20,28,3460,49
12374,2065,1258,3,12,17,2136,31
12375,2065,1258,6,10,13,1570,58
12376,2065,1258,6,1,1,180,15
12377,2066,1258,1,15,20,2415,51
12378,2066,1258,1,20,14,1780,47
12379,2066,1258,6,16,10,1296,13
12380,2066,1258,10,3,2,282,11
12381,2067,1258,9,7,5,616,46
12382,2067,1258,2,9,7,900,71
12383,2067,1258,1,12,14,1788,60
12384,2067,1258,10,13,13,1599,5
12385,2067,1258,6,3,3,384,26
12386,2067,1258,10,15,20,2415,47
12387,2067,1258,1,15,21,2625,78
12388,2068,1258,1,20,25,3020,6
12389,2068,1258,1,19,17,2147,19
12390,2068,1258,1,2,1,194,30
12391,2068,1258,4,5,7,880,1
12392,2068,1258,6,11,11,1430,19
12393,2068,1258,1,14,18,2240,13
12394,2069,1258,1,7,5,707,13
12395,2069,1258,8,14,20,2436,8
12396,2069,1258,6,4,3,364,10
12397,2069,1258,2,2,2,276,11
12398,2069,1258,2,20,24,2880,16
12399,2069,1258,12,9,6,837,9
12400,2069,1258,10,6,6,810,10
12401,2069,1258,1,8,5,664,13
12402,2070,1258,10,10,8,1050,33
12403,2070,1258,7,17,24,2975,5
12404,2070,1258,3,10,14,1700,47
12405,2070,1258,1,18,25,3096,39
12406,2070,1258,9,10,7,860,23
12407,2070,1258,5,16,15,1808,16
12408,2070,1258,5,19,18,2223,32
12409,2071,1259,8,6,8,978,40
12410,2071,1259,2,20,23,2760,73
12411,2071,1259,5,19,23,2831,23
12412,2071,1259,1,10,10,1230,45
12413,2071,1259,6,1,1,173,36
12414,2071,1259,1,1,1,81,15
12415,2071,1259,2,19,25,3002,52
12416,2072,1259,5,9,9,1143,7
12417,2072,1259,5,2,2,344,12
12418,2072,1259,3,20,24,2980,13
12419,2072,1259,2,5,7,875,14
12420,2072,1259,6,7,6,770,19
12421,2072,1259,2,8,11,1384,27
12422,2072,1259,1,5,6,815,12
12423,2073,1259,2,6,8,966,24
12424,2073,1259,3,7,8,966,54
12425,2073,1259,9,7,5,651,12
12426,2073,1259,8,6,5,714,24
12427,2073,1259,5,16,11,1344,8
12428,2073,1259,1,4,5,696,53
12429,2073,1259,1,15,15,1860,8
12430,2073,1259,4,7,7,882,36
12431,2074,1259,9,6,4,570,44
12432,2074,1259,1,14,17,2156,40
12433,2074,1259,2,18,21,2574,61
12434,2074,1259,1,3,2,327,42
12435,2074,1259,11,20,17,2140,45
12436,2074,1259,10,17,23,2839,11
12437,2075,1259,5,6,6,732,14
12438,2075,1259,1,16,14,1712,20
12439,2075,1259,3,9,7,945,22
12440,2075,1259,8,4,4,540,3
12441,2075,1259,7,1,1,162,20
12442,2075,1259,6,18,19,2394,22
12443,2076,1259,1,16,18,2256,43
12444,2076,1259,1,8,8,1040,57
12445,2076,1259,8,2,2,336,57
12446,2076,1259,10,12,8,1008,50
12447,2076,1259,2,19,14,1767,17
12448,2076,1259,12,18,18,2160,51
12449,2077,1259,2,14,13,1624,53
12450,2077,1259,6,7,5,644,50
12451,2077,1259,10,3,3,360,25
12452,2077,1259,7,18,18,2160,20
12453,2077,1259,11,6,6,774,48
12454,2077,1259,9,4,4,584,3
12455,2078,1259,7,14,12,1554,6
12456,2078,1259,2,12,17,2088,4
12457,2078,1259,5,6,4,588,3
12458,2078,1259,3,12,13,1572,3
12459,2078,1259,1,2,2,272,8
12460,2079,1260,4,11,10,1254,40
12461,2079,1260,10,7,4,581,1
12462,2079,1260,3,10,15,1800,44
12463,2079,1260,8,15,21,2610,63
12464,2079,1260,3,10,7,950,38
12465,2079,1260,10,12,9,1104,65
12466,2080,1260,1,6,6,756,8
12467,2080,1260,10,8,11,1360,14
12468,2080,1260,1,11,12,1518,24
12469,2080,1260,2,17,18,2176,13
12470,2080,1260,10,15,10,1305,6
12471,2081,1260,7,13,14,1742,28
12472,2081,1260,1,13,16,1989,42
12473,2081,1260,6,1,1,145,24
12474,2081,1260,7,14,10,1260,4
12475,2081,1260,3,20,22,2640,24
12476,2081,1260,2,7,5,679,25
12477,2081,1260,7,9,10,1287,18
12478,2082,1260,1,9,6,729,22
12479,2082,1260,7,9,7,945,19
12480,2082,1260,3,10,12,1450,28
12481,2082,1260,1,19,28,3420,25
12482,2082,1260,2,1,1,80,3
12483,2082,1260,5,5,3,400,17
12484,2083,1260,5,18,14,1710,19
12485,2083,1260,1,19,25,3040,21
12486,2083,1260,1,3,3,456,4
12487,2083,1260,4,19,17,2052,18
12488,2083,1260,9,4,5,632,18
12489,2084,1260,2,4,4,588,31
12490,2084,1260,1,12,13,1656,14
12491,2084,1260,7,4,4,580,2
12492,2084,1260,11,14,19,2394,15
12493,2084,1260,6,11,16,1925,5
12494,2084,1260,1,5,4,595,20
12495,2084,1260,8,11,8,1056,22
12496,2085,1260,1,13,14,1755,22
12497,2085,1260,8,3,3,426,32
12498,2085,1260,1,7,5,630,40
12499,2085,1260,7,15,14,1755,37
12500,2085,1260,2,8,8,968,9
12501,2085,1260,7,16,22,2656,28
12502,2085,1260,8,12,12,1476,40
12503,2085,1260,2,16,17,2144,43
12504,2086,1260,10,11,12,1485,14
12505,2086,1260,6,11,8,1034,13
12506,2086,1260,1,4,4,552,6
12507,2086,1260,3,11,10,1232,18
12508,2086,1260,6,14,11,1428,18
12509,2086,1260,1,7,6,812,4
12510,2086,1260,2,11,7,913,7
12511,2086,1260,1,13,8,1053,23
12512,2087,1260,10,17,19,2312,21
12513,2087,1260,3,10,11,1340,45
12514,2087,1260,2,9,11,1332,10
12515,2087,1260,1,16,14,1712,40
12516,2087,1260,11,6,4,558,49
12517,2087,1260,1,11,11,1331,33
12518,2087,1260,5,16,18,2240,18
12519,2088,1260,1,3,3,369,3
12520,2088,1260,1,13,13,1651,2
12521,2088,1260,5,14,14,1694,14
12522,2088,1260,6,14,19,2352,8
12523,2089,1261,10,3,2,327,20
12524,2089,1261,1,11,16,1925,16
12525,2089,1261,6,17,23,2873,41
12526,2089,1261,2,3,2,249,28
12527,2089,1261,2,15,12,1455,40
12528,2089,1261,7,20,22,2740,27
12529,2089,1261,9,12,13,1596,49
12530,2090,1261,6,8,10,1256,8
12531,2090,1261,1,13,14,1768,16
12532,2090,1261,3,10,7,920,2
12533,2090,1261,10,18,16,2016,7
12534,2090,1261,6,4,5,700,4
12535,2090,1261,5,2,1,162,7
12536,2090,1261,6,9,6,756,20
12537,2091,1261,1,4,4,568,13
12538,2091,1261,6,5,3,430,14
12539,2091,1261,1,1,1,135,26
12540,2091,1261,3,14,19,2366,24
12541,2091,1261,1,17,16,1938,31
12542,2091,1261,4,17,20,2431,46
12543,2091,1261,10,20,23,2780,34
12544,2091,1261,5,10,10,1240,33
12545,2092,1261,3,19,22,2679,11
12546,2092,1261,1,20,15,1820,59
12547,2092,1261,10,20,19,2340,54
12548,2092,1261,1,20,14,1720,49
12549,2092,1261,6,6,5,648,74
12550,2092,1261,8,4,2,328,69
12551,2093,1261,6,13,14,1690,34
12552,2093,1261,10,18,24,2952,39
12553,2093,1261,5,10,8,980,2
12554,2093,1261,1,6,6,774,22
12555,2093,1261,1,8,5,688,21
12556,2093,1261,10,9,6,828,7
12557,2093,1261,2,6,4,510,29
12558,2094,1261,1,6,7,912,19
12559,2094,1261,6,16,18,2160,4
12560,2094,1261,2,19,21,2527,56
12561,2094,1261,6,1,1,149,18
12562,2094,1261,8,19,15,1919,49
12563,2095,1261,2,11,9,1166,67
12564,2095,1261,11,18,20,2448,51
12565,2095,1261,1,19,21,2603,53
12566,2095,1261,4,5,3,470,82
12567,2096,1261,6,13,19,2288,5
12568,2096,1261,12,8,6,760,23
12569,2096,1261,7,17,22,2720,13
12570,2096,1261,6,10,12,1510,37
12571,2096,1261,10,12,11,1332,5
12572,2096,1261,1,2,1,168,34
12573,2097,1261,2,1,1,102,18
12574,2097,1261,1,15,10,1260,14
12575,2097,1261,3,9,7,927,57
12576,2097,1261,2,16,22,2752,16
12577,2098,1261,8,5,4,595,3
12578,2098,1261,2,15,11,1425,17
12579,2098,1261,6,16,17,2080,6
12580,2098,1261,10,16,24,2880,16
12581,2098,1261,6,10,14,1730,5
12582,2098,1261,11,20,17,2040,4
12583,2099,1262,4,9,11,1341,25
12584,2099,1262,1,11,8,1001,16
12585,2099,1262,7,1,1,173,16
12586,2099,1262,6,14,12,1540,3
12587,2099,1262,2,9,12,1503,2
12588,2100,1262,8,20,22,2660,45
12589,2100,1262,6,11,8,1001,40
12590,2100,1262,3,6,7,846,6
12591,2100,1262,2,16,11,1376,28
12592,2100,1262,2,18,25,3024,28
12593,2100,1262,8,14,11,1400,50
12594,2100,1262,10,7,7,952,33
12595,2101,1262,6,15,11,1425,23
12596,2101,1262,1,19,24,2907,25
12597,2101,1262,10,20,30,3600,12
12598,2101,1262,4,16,10,1280,63
12599,2102,1262,1,15,19,2295,14
12600,2102,1262,8,9,8,1071,11
12601,2102,1262,1,17,16,1989,7
12602,2102,1262,1,1,1,108,16
12603,2102,1262,4,2,2,266,10
12604,2103,1262,7,3,4,492,49
12605,2103,1262,10,14,17,2086,42
12606,2103,1262,7,10,13,1560,42
12607,2103,1262,4,9,11,1413,46
12608,2103,1262,1,6,4,480,14
12609,2103,1262,7,5,4,505,25
12610,2104,1262,1,7,8,980,47
12611,2104,1262,2,16,19,2368,48
12612,2104,1262,8,10,10,1210,62
12613,2104,1262,7,13,13,1573,28
12614,2104,1262,1,5,4,565,54
12615,2104,1262,2,1,1,144,15
12616,2104,1262,2,5,4,510,45
12617,2105,1263,1,14,15,1820,10
12618,2105,1263,7,12,17,2076,1
12619,2105,1263,6,11,11,1397,15
12620,2105,1263,2,10,14,1780,5
12621,2106,1263,1,9,10,1278,57
12622,2106,1263,3,7,8,1057,20
12623,2106,1263,8,17,12,1479,62
12624,2106,1263,11,2,1,172,19
12625,2106,1263,2,17,25,3026,68
12626,2107,1263,6,19,17,2090,50
12627,2107,1263,6,20,18,2220,29
12628,2107,1263,7,20,29,3560,26
12629,2107,1263,2,7,10,1204,26
12630,2108,1263,4,18,25,3096,52
12631,2108,1263,5,17,14,1683,45
12632,2108,1263,4,15,13,1590,72
12633,2108,1263,10,14,17,2072,14
12634,2108,1263,10,13,13,1612,24
12635,2108,1263,7,8,8,976,5
12636,2108,1263,4,20,28,3400,31
12637,2108,1263,3,16,14,1744,47
12638,2109,1263,5,13,15,1898,9
12639,2109,1263,10,20,21,2620,1
12640,2109,1263,6,7,6,819,6
12641,2109,1263,6,20,28,3440,12
12642,2109,1263,1,13,15,1807,5
12643,2109,1263,12,5,5,660,22
12644,2109,1263,6,6,7,888,3
12645,2109,1263,10,15,16,1965,15
12646,2110,1263,11,8,11,1352,62
12647,2110,1263,1,3,3,471,6
12648,2110,1263,2,19,21,2584,34
12649,2110,1263,10,17,25,3060,30
12650,2110,1263,1,12,10,1284,63
12651,2110,1263,2,14,11,1400,33
12652,2110,1263,1,4,2,348,31
12653,2111,1263,6,16,13,1664,25
12654,2111,1263,2,17,20,2516,18
12655,2111,1263,8,4,5,632,27
12656,2111,1263,7,3,2,321,10
12657,2111,1263,6,1,1,131,16
12658,2111,1263,10,16,13,1648,17
12659,2111,1263,3,7,9,1092,23
12660,2111,1263,3,5,5,650,34
12661,2112,1263,1,10,9,1090,17
12662,2112,1263,6,12,14,1764,1
12663,2112,1263,1,20,25,3100,17
12664,2112,1263,3,19,15,1900,9
12665,2112,1263,6,11,15,1848,1
12666,2112,1263,10,3,2,342,1
12667,2112,1263,2,15,21,2625,8
12668,2113,1263,2,10,10,1210,31
12669,2113,1263,12,10,13,1590,73
12670,2113,1263,3,2,2,284,64
12671,2113,1263,7,19,24,2983,57
12672,2113,1263,3,5,4,500,19
12673,2113,1263,7,10,10,1280,11
12674,2114,1264,1,16,10,1296,9
12675,2114,1264,3,12,17,2088,4
12676,2114,1264,10,16,17,2128,40
12677,2114,1264,3,14,19,2352,37
12678,2115,1264,10,4,3,448,46
12679,2115,1264,2,18,19,2304,77
12680,2115,1264,6,4,4,540,67
12681,2115,1264,10,3,2,297,5
12682,2116,1264,1,20,29,3560,58
12683,2116,1264,6,3,3,372,24
12684,2116,1264,5,12,15,1824,15
12685,2116,1264,10,6,4,588,56
12686,2117,1264,10,11,9,1133,14
12687,2117,1264,1,4,3,472,35
12688,2117,1264,11,10,9,1150,6
12689,2117,1264,1,19,24,2907,24
12690,2117,1264,6,15,16,1965,37
12691,2117,1264,6,7,5,602,16
12692,2118,1264,6,19,13,1615,16
12693,2118,1264,1,14,18,2184,12
12694,2118,1264,7,1,1,135,7
12695,2118,1264,3,4,5,652,3
12696,2118,1264,8,17,20,2414,10
12697,2118,1264,1,17,22,2754,4
12698,2118,1264,1,7,4,581,22
12699,2119,1264,9,5,3,440,36
12700,2119,1264,2,18,20,2448,67
12701,2119,1264,6,19,24,2888,51
12702,2119,1264,1,19,17,2090,1
12703,2119,1264,8,6,7,900,37
12704,2120,1264,4,2,2,242,25
12705,2120,1264,10,18,15,1872,48
12706,2120,1264,1,4,3,396,42
12707,2120,1264,3,9,12,1521,47
12708,2121,1264,5,11,10,1243,40
12709,2121,1264,10,3,3,450,18
12710,2121,1264,2,1,1,156,56
12711,2121,1264,2,14,14,1750,20
12712,2121,1264,3,20,29,3560,12
12713,2121,1264,10,2,2,334,24
12714,2121,1264,2,15,14,1785,34
12715,2121,1264,3,11,12,1441,25
12716,2122,1265,9,13,8,1040,10
12717,2122,1265,2,13,10,1209,12
12718,2122,1265,1,4,3,388,8
12719,2122,1265,10,2,2,266,13
12720,2123,1265,9,12,8,996,23
12721,2123,1265,6,17,17,2142,42
12722,2123,1265,2,15,16,2010,22
12723,2123,1265,3,19,16,2033,53
12724,2123,1265,8,19,26,3211,62
12725,2123,1265,2,4,5,628,20
12726,2123,1265,4,8,9,1112,10
12727,2124,1265,7,11,9,1089,11
12728,2124,1265,6,19,27,3287,50
12729,2124,1265,8,1,1,155,16
12730,2124,1265,1,15,16,2010,35
12731,2125,1265,2,8,6,808,3
12732,2125,1265,1,19,13,1634,5
12733,2125,1265,3,14,20,2478,22
12734,2125,1265,1,16,18,2192,7
12735,2125,1265,12,18,13,1674,8
12736,2126,1265,10,18,16,1998,7
12737,2126,1265,12,12,10,1200,16
12738,2126,1265,4,1,1,106,20
12739,2126,1265,2,7,10,1218,12
12740,2126,1265,4,9,12,1449,10
12741,2126,1265,8,14,14,1680,26
12742,2126,1265,11,18,19,2340,27
12743,2126,1265,7,2,2,350,43
12744,2127,1265,1,12,15,1812,74
12745,2127,1265,6,7,8,1043,15
12746,2127,1265,2,12,8,1032,12
12747,2127,1265,10,9,8,972,70
12748,2128,1265,1,2,2,282,30
12749,2128,1265,6,9,11,1431,47
12750,2128,1265,10,10,12,1470,34
12751,2128,1265,10,4,4,496,43
12752,2128,1265,7,4,3,468,18
12753,2128,1265,3,3,3,468,43
12754,2128,1265,6,9,7,846,30
12755,2128,1265,1,1,1,132,24
12756,2129,1266,3,18,18,2268,19
12757,2129,1266,10,11,15,1815,22
12758,2129,1266,2,13,11,1404,32
12759,2129,1266,10,16,17,2144,28
12760,2129,1266,2,20,20,2500,3
12761,2129,1266,1,8,7,920,19
12762,2129,1266,10,5,4,545,7
12763,2130,1266,2,9,10,1305,40
12764,2130,1266,6,4,4,588,51
12765,2130,1266,1,13,10,1300,67
12766,2130,1266,2,7,9,1197,43
12767,2130,1266,5,2,2,328,48
12768,2131,1266,6,3,4,480,13
12769,2131,1266,1,7,7,868,28
12770,2131,1266,1,4,4,544,1
12771,2131,1266,1,17,16,1989,31
12772,2132,1266,11,19,28,3420,13
12773,2132,1266,3,6,5,654,50
12774,2132,1266,6,4,4,564,49
12775,2132,1266,2,20,28,3380,27
12776,2132,1266,5,6,6,744,34
12777,2132,1266,5,17,16,1938,43
12778,2132,1266,1,7,9,1127,46
12779,2133,1266,2,17,19,2329,20
12780,2133,1266,3,1,1,137,13
12781,2133,1266,6,5,6,765,41
12782,2133,1266,3,16,16,1984,27
12783,2133,1266,2,16,20,2480,37
12784,2133,1266,8,2,2,258,8
12785,2133,1266,4,8,11,1392,19
12786,2134,1266,1,2,2,312,21
12787,2134,1266,2,11,8,979,9
12788,2134,1266,2,12,9,1152,33
12789,2134,1266,11,8,7,952,17
12790,2135,1266,6,2,2,326,22
12791,2135,1266,2,20,15,1900,10
12792,2135,1266,2,7,6,777,16
12793,2135,1266,6,12,10,1224,1
12794,2136,1266,1,14,19,2324,7
12795,2136,1266,2,10,7,890,23
12796,2136,1266,10,8,6,832,31
12797,2136,1266,3,17,16,1938,1
12798,2136,1266,7,3,2,315,18
12799,2136,1266,1,16,19,2304,5
12800,2136,1266,1,1,1,142,8
12801,2136,1266,6,16,21,2592,7
12802,2137,1266,2,12,9,1104,18
12803,2137,1266,6,12,12,1452,35
12804,2137,1266,8,18,21,2556,14
12805,2137,1266,2,2,2,278,12
12806,2138,1267,10,17,12,1462,69
12807,2138,1267,2,17,20,2482,9
12808,2138,1267,2,18,17,2142,68
12809,2138,1267,1,15,21,2565,22
12810,2139,1267,1,1,1,180,10
12811,2139,1267,7,13,12,1495,9
12812,2139,1267,2,8,5,656,1
12813,2139,1267,2,1,1,113,12
12814,2139,1267,7,4,5,664,2
12815,2139,1267,4,17,19,2397,8
12816,2139,1267,1,1,1,102,16
12817,2139,1267,6,13,11,1430,5
12818,2140,1267,1,16,14,1728,55
12819,2140,1267,6,11,7,957,34
12820,2140,1267,9,5,6,815,50
12821,2140,1267,10,11,14,1694,7
12822,2140,1267,2,8,8,1000,27
12823,2141,1267,7,12,11,1356,14
12824,2141,1267,1,12,10,1272,30
12825,2141,1267,10,10,10,1270,7
12826,2141,1267,1,12,15,1896,28
12827,2141,1267,2,14,10,1218,25
12828,2141,1267,9,1,1,158,30
12829,2141,1267,1,9,6,729,21
12830,2142,1267,1,13,12,1521,6
12831,2142,1267,8,20,26,3160,6
12832,2142,1267,7,14,14,1764,27
12833,2142,1267,2,2,2,324,11
12834,2142,1267,7,10,8,1020,28
12835,2143,1267,5,19,25,3116,6
12836,2143,1267,1,17,16,1921,7
12837,2143,1267,2,15,19,2355,20
12838,2143,1267,1,20,20,2400,19
12839,2143,1267,2,18,22,2736,6
12840,2144,1267,2,16,16,1936,12
12841,2144,1267,6,20,22,2720,30
12842,2144,1267,2,12,12,1440,7
12843,2144,1267,1,17,23,2822,40
12844,2144,1267,6,14,12,1470,35
12845,2144,1267,1,16,17,2112,28
12846,2144,1267,2,15,10,1305,14
12847,2145,1267,1,3,2,333,4
12848,2145,1267,6,17,20,2431,6
12849,2145,1267,8,9,7,918,2
12850,2145,1267,2,17,15,1819,14
12851,2145,1267,8,10,13,1660,13
12852,2146,1267,5,17,24,2907,41
12853,2146,1267,2,14,17,2044,13
12854,2146,1267,5,5,5,630,10
12855,2146,1267,2,10,8,1070,3
12856,2146,1267,6,7,7,861,45
12857,2146,1267,2,11,9,1122,5
12858,2147,1267,6,10,10,1280,14
12859,2147,1267,10,1,1,180,14
12860,2147,1267,11,19,25,3059,19
12861,2147,1267,8,5,7,875,9
12862,2147,1267,3,12,14,1680,11
12863,2148,1268,1,3,2,252,26
12864,2148,1268,1,1,1,100,6
12865,2148,1268,10,5,4,530,19
12866,2148,1268,2,12,9,1116,6
12867,2148,1268,1,14,18,2184,17
12868,2148,1268,2,7,5,693,18
12869,2148,1268,2,9,6,828,9
12870,2148,1268,11,6,6,792,27
12871,2149,1268,1,9,9,1080,13
12872,2149,1268,10,4,4,492,3
12873,2149,1268,2,4,5,636,26
12874,2149,1268,4,15,17,2145,3
12875,2149,1268,7,3,4,498,8
12876,2150,1268,1,14,17,2072,20
12877,2150,1268,1,6,8,1020,44
12878,2150,1268,3,11,11,1375,51
12879,2150,1268,2,20,27,3340,3
12880,2151,1268,9,19,26,3230,13
12881,2151,1268,1,11,12,1496,6
12882,2151,1268,5,8,6,816,13
12883,2151,1268,7,4,4,500,19
12884,2151,1268,2,5,5,690,36
12885,2151,1268,7,14,18,2254,11
12886,2151,1268,6,1,1,103,14
12887,2152,1268,11,19,17,2071,2
12888,2152,1268,6,20,24,2960,56
12889,2152,1268,4,3,3,468,48
12890,2152,1268,1,18,20,2430,64
12891,2153,1268,6,19,16,2033,86
12892,2153,1268,5,4,5,608,83
12893,2153,1268,1,19,18,2223,72
12894,2153,1268,11,15,14,1710,50
12895,2153,1268,1,8,10,1312,11
12896,2153,1268,6,1,1,84,19
12897,2153,1268,2,12,12,1476,15
12898,2153,1268,4,11,13,1606,51
12899,2154,1268,2,7,5,707,31
12900,2154,1268,1,17,25,3043,38
12901,2154,1268,6,14,15,1890,33
12902,2154,1268,3,18,19,2286,35
12903,2154,1268,9,9,8,963,5
12904,2155,1268,1,13,13,1625,11
12905,2155,1268,2,20,18,2240,60
12906,2155,1268,1,20,21,2620,47
12907,2155,1268,6,10,14,1750,26
12908,2156,1268,3,3,4,492,2
12909,2156,1268,10,2,2,328,5
12910,2156,1268,3,19,21,2527,2
12911,2156,1268,5,18,23,2772,11
12912,2156,1268,5,20,22,2740,7
12913,2156,1268,11,17,16,2006,7
12914,2157,1269,2,9,13,1602,22
12915,2157,1269,1,4,3,404,23
12916,2157,1269,7,18,20,2430,3
12917,2157,1269,3,1,1,176,33
12918,2158,1269,1,19,27,3268,80
12919,2158,1269,6,11,8,1045,39
12920,2158,1269,7,10,6,800,46
12921,2158,1269,8,18,18,2232,2
12922,2158,1269,6,8,11,1328,35
12923,2158,1269,3,9,12,1539,21
12924,2159,1269,2,6,5,606,53
12925,2159,1269,2,5,5,600,35
12926,2159,1269,6,19,27,3306,23
12927,2159,1269,2,7,9,1092,51
12928,2159,1269,1,10,8,960,33
12929,2159,1269,1,3,3,414,37
12930,2159,1269,7,9,7,873,48
12931,2160,1269,5,11,16,1936,41
12932,2160,1269,1,14,16,2016,12
12933,2160,1269,1,4,5,600,42
12934,2160,1269,5,6,4,594,20
12935,2160,1269,8,13,13,1677,8
12936,2160,1269,10,6,8,1074,35
12937,2160,1269,1,16,10,1280,11
12938,2161,1269,6,8,8,1000,13
12939,2161,1269,9,11,14,1749,10
12940,2161,1269,1,11,14,1793,28
12941,2161,1269,2,15,10,1305,18
12942,2162,1269,4,16,10,1280,35
12943,2162,1269,2,10,13,1620,16
12944,2162,1269,3,16,16,1984,36
12945,2162,1269,3,12,10,1260,30
12946,2162,1269,1,5,3,420,44
12947,2163,1269,2,1,1,105,56
12948,2163,1269,1,13,16,1989,52
12949,2163,1269,3,15,22,2655,17
12950,2163,1269,10,3,2,312,16
12951,2163,1269,1,4,4,500,6
12952,2164,1269,6,18,26,3168,39
12953,2164,1269,1,14,19,2282,56
12954,2164,1269,1,12,11,1416,28
12955,2164,1269,1,20,13,1660,27
12956,2164,1269,6,10,14,1680,16
12957,2165,1270,1,13,14,1755,32
12958,2165,1270,1,13,12,1547,27
12959,2165,1270,10,7,7,854,6
12960,2165,1270,7,10,10,1210,11
12961,2165,1270,1,5,4,535,9
12962,2165,1270,10,7,6,833,33
12963,2166,1270,9,20,22,2740,49
12964,2166,1270,6,7,9,1197,17
12965,2166,1270,6,14,14,1750,29
12966,2166,1270,3,18,16,1980,42
12967,2166,1270,2,6,4,570,43
12968,2167,1270,2,14,13,1624,12
12969,2167,1270,1,3,3,363,36
12970,2167,1270,1,10,9,1130,59
12971,2167,1270,4,1,1,137,43
12972,2167,1270,1,13,11,1365,19
12973,2167,1270,4,1,1,104,35
12974,2167,1270,5,9,6,837,3
12975,2168,1270,10,13,11,1365,53
12976,2168,1270,10,10,8,1010,30
12977,2168,1270,10,3,2,309,59
12978,2168,1270,10,9,12,1503,21
12979,2168,1270,10,7,7,903,32
12980,2168,1270,3,16,21,2528,28
12981,2168,1270,3,10,10,1290,31
12982,2169,1270,4,7,4,560,6
12983,2169,1270,6,7,6,756,9
12984,2169,1270,4,18,26,3132,36
12985,2169,1270,11,4,4,548,1
12986,2169,1270,1,14,19,2310,31
12987,2169,1270,1,19,20,2451,5
12988,2169,1270,2,20,19,2320,7
12989,2169,1270,10,12,9,1140,20
12990,2170,1270,11,14,20,2436,6
12991,2170,1270,8,18,17,2088,42
12992,2170,1270,11,5,5,650,4
12993,2170,1270,8,17,14,1751,21
12994,2170,1270,11,15,19,2280,41
12995,2170,1270,7,3,2,357,11
12996,2170,1270,7,19,20,2432,49
12997,2171,1270,6,7,5,700,47
12998,2171,1270,2,15,18,2205,39
12999,2171,1270,1,18,21,2592,22
13000,2171,1270,8,2,2,268,37
13001,2171,1270,1,2,2,340,57
13002,2172,1271,1,2,1,194,61
13003,2172,1271,1,5,4,545,68
13004,2172,1271,6,12,16,1932,74
13005,2172,1271,9,4,5,672,18
13006,2173,1271,1,7,4,595,14
13007,2173,1271,2,18,14,1782,15
13008,2173,1271,2,18,23,2862,23
13009,2173,1271,1,4,3,440,32
13010,2173,1271,7,16,14,1776,30
13011,2173,1271,6,15,18,2250,30
13012,2173,1271,2,15,18,2220,11
13013,2174,1271,7,6,4,576,50
13014,2174,1271,8,14,14,1708,14
13015,2174,1271,2,9,10,1305,49
13016,2174,1271,2,9,7,945,4
13017,2174,1271,10,5,3,410,49
13018,2174,1271,5,10,13,1660,39
13019,2174,1271,8,20,26,3200,16
13020,2174,1271,6,15,12,1470,7
13021,2175,1271,1,1,1,177,1
13022,2175,1271,5,8,10,1296,28
13023,2175,1271,6,10,7,900,75
13024,2175,1271,7,4,5,704,10
13025,2176,1271,2,7,4,574,44
13026,2176,1271,12,15,22,2640,36
13027,2176,1271,6,11,7,946,37
13028,2176,1271,2,6,6,816,13
13029,2176,1271,9,19,15,1919,1
13030,2176,1271,1,17,16,1955,34
13031,2176,1271,7,4,6,720,53
13032,2177,1271,11,14,11,1428,18
13033,2177,1271,9,17,24,2958,34
13034,2177,1271,7,4,5,652,42
13035,2177,1271,3,5,4,550,33
13036,2177,1271,1,16,10,1296,63
13037,2178,1271,1,8,9,1120,27
13038,2178,1271,10,6,6,798,55
13039,2178,1271,7,20,19,2280,8
13040,2178,1271,7,5,5,630,51
13041,2178,1271,5,17,17,2108,6
13042,2178,1271,8,8,8,960,32
13043,2179,1272,8,9,12,1539,14
13044,2179,1272,3,17,16,1955,26
13045,2179,1272,3,7,5,707,22
13046,2179,1272,10,2,1,184,25
13047,2179,1272,1,6,7,942,21
13048,2179,1272,1,11,13,1606,25
13049,2180,1272,9,18,19,2286,34
13050,2180,1272,1,4,2,344,7
13051,2180,1272,2,2,1,192,13
13052,2180,1272,7,12,11,1332,57
13053,2181,1272,1,19,12,1539,13
13054,2181,1272,8,2,2,296,15
13055,2181,1272,10,8,8,984,55
13056,2181,1272,2,3,3,393,64
13057,2181,1272,8,13,9,1118,19
13058,2181,1272,3,13,16,1963,75
13059,2181,1272,1,17,22,2737,72
13060,2181,1272,5,15,18,2175,88
13061,2182,1272,1,20,17,2100,69
13062,2182,1272,2,16,22,2640,57
13063,2182,1272,7,12,9,1092,2
13064,2182,1272,6,9,10,1260,30
13065,2182,1272,12,18,12,1494,24
13066,2182,1272,12,6,4,552,28
13067,2182,1272,1,3,4,507,39
13068,2182,1272,9,6,5,714,12
13069,2183,1272,1,10,9,1190,25
13070,2183,1272,5,18,24,2880,38
13071,2183,1272,2,11,13,1672,27
13072,2183,1272,2,19,27,3344,2
13073,2183,1272,7,3,3,465,29
13074,2184,1272,2,9,9,1134,1
13075,2184,1272,1,4,5,636,47
13076,2184,1272,1,3,2,315,81
13077,2184,1272,1,1,1,136,50
13078,2184,1272,10,3,3,423,1
13079,2184,1272,2,4,4,516,52
13080,2184,1272,5,9,9,1188,40
13081,2184,1272,8,18,24,2988,18
13082,2185,1272,4,17,16,2023,17
13083,2185,1272,10,3,3,435,4
13084,2185,1272,5,19,20,2470,5
13085,2185,1272,2,9,8,1008,9
13086,2185,1272,1,12,13,1632,5
13087,2185,1272,10,10,11,1430,15
13088,2185,1272,1,8,11,1432,14
13089,2185,1272,10,13,10,1287,1
13090,2186,1272,1,9,11,1386,87
13091,2186,1272,10,4,4,564,21
13092,2186,1272,10,3,3,477,4
13093,2186,1272,1,2,2,338,50
13094,2186,1272,3,17,18,2176,32
13095,2186,1272,8,5,3,460,70
13096,2186,1272,8,18,22,2754,28
13097,2187,1272,7,2,1,238,31
13098,2187,1272,1,12,16,2016,30
13099,2187,1272,1,6,6,798,21
13100,2187,1272,2,12,12,1548,55
13101,2187,1272,10,9,6,828,44
13102,2187,1272,3,13,13,1677,27
13103,2188,1272,8,4,3,360,27
13104,2188,1272,1,2,2,286,1
13105,2188,1272,1,1,1,168,11
13106,2188,1272,6,19,16,1976,25
13107,2188,1272,2,14,16,1988,21
13108,2188,1272,6,6,6,792,6
13109,2188,1272,2,11,8,1067,12
13110,2189,1273,7,8,6,832,12
13111,2189,1273,10,20,26,3200,17
13112,2189,1273,6,18,12,1548,17
13113,2189,1273,3,17,19,2295,22
13114,2190,1273,7,9,7,954,36
13115,2190,1273,11,6,7,930,78
13116,2190,1273,10,16,19,2384,48
13117,2190,1273,1,4,5,672,1
13118,2190,1273,1,8,7,864,75
13119,2191,1273,5,9,6,720,7
13120,2191,1273,2,14,14,1736,71
13121,2191,1273,2,19,25,3116,3
13122,2191,1273,1,10,7,850,44
13123,2192,1273,1,12,13,1644,36
13124,2192,1273,4,20,14,1700,40
13125,2192,1273,2,2,1,196,44
13126,2192,1273,10,20,25,3040,1
13127,2193,1273,6,3,4,537,15
13128,2193,1273,4,7,10,1246,54
13129,2193,1273,10,17,24,2992,25
13130,2193,1273,2,14,18,2170,54
13131,2193,1273,1,7,7,903,57
13132,2193,1273,6,16,11,1408,59
13133,2193,1273,10,15,15,1800,24
13134,2194,1273,7,6,8,1008,50
13135,2194,1273,6,12,11,1368,60
13136,2194,1273,10,18,25,3114,12
13137,2194,1273,6,9,6,828,18
13138,2194,1273,2,6,6,816,61
13139,2194,1273,1,2,2,296,61
13140,2194,1273,2,11,7,935,42
13141,2194,1273,3,9,8,1053,11
13142,2195,1273,3,19,27,3249,48
13143,2195,1273,10,4,3,432,74
13144,2195,1273,1,19,16,1995,68
13145,2195,1273,3,15,14,1725,11
13146,2195,1273,2,6,4,492,13
13147,2195,1273,2,20,27,3280,69
13148,2195,1273,10,7,8,1050,23
13149,2196,1273,2,6,5,714,16
13150,2196,1273,5,7,7,875,15
13151,2196,1273,10,6,5,642,14
13152,2196,1273,6,16,14,1744,8
13153,2197,1273,1,10,10,1200,38
13154,2197,1273,2,17,16,1972,32
13155,2197,1273,11,6,4,528,6
13156,2197,1273,10,20,20,2420,38
13157,2197,1273,11,13,16,1963,54
13158,2197,1273,1,15,21,2565,25
13159,2197,1273,1,16,20,2432,1
13160,2197,1273,6,3,4,504,74
13161,2198,1274,3,3,3,417,3
13162,2198,1274,6,12,9,1140,12
13163,2198,1274,7,7,9,1197,45
13164,2198,1274,3,6,6,720,62
13165,2198,1274,6,5,3,440,8
13166,2198,1274,11,20,14,1680,19
13167,2198,1274,5,12,13,1656,76
13168,2199,1274,1,2,2,354,17
13169,2199,1274,2,3,3,372,28
13170,2199,1274,10,13,18,2171,16
13171,2199,1274,1,12,17,2076,29
13172,2200,1274,3,6,4,492,11
13173,2200,1274,1,11,13,1639,12
13174,2200,1274,9,18,16,1926,2
13175,2200,1274,2,15,10,1245,8
13176,2200,1274,7,16,22,2720,26
13177,2200,1274,7,1,1,165,30
13178,2201,1274,1,9,10,1314,10
13179,2201,1274,1,5,4,545,11
13180,2201,1274,3,16,16,2016,7
13181,2201,1274,4,20,19,2280,15
13182,2201,1274,2,18,18,2178,4
13183,2202,1274,11,10,12,1440,19
13184,2202,1274,1,18,23,2826,33
13185,2202,1274,11,2,2,284,29
13186,2202,1274,2,10,11,1350,23
13187,2203,1274,5,13,12,1534,24
13188,2203,1274,1,19,16,1938,18
13189,2203,1274,1,19,17,2090,17
13190,2203,1274,2,5,6,815,40
13191,2203,1274,6,12,9,1092,26
13192,2203,1274,2,6,8,990,34
13193,2203,1274,4,7,7,847,7
13194,2204,1274,5,8,7,904,81
13195,2204,1274,1,10,12,1510,62
13196,2204,1274,6,15,14,1770,57
13197,2204,1274,10,7,8,1078,58
13198,2204,1274,6,3,2,246,25
13199,2204,1274,1,18,20,2448,23
13200,2204,1274,4,19,21,2527,8
13201,2205,1274,4,17,23,2805,49
13202,2205,1274,3,10,14,1730,23
13203,2205,1274,11,11,15,1837,4
13204,2205,1274,6,11,12,1540,38
13205,2205,1274,3,5,3,440,52
13206,2205,1274,1,14,14,1708,12
13207,2205,1274,5,13,13,1560,15
13208,2205,1274,2,3,2,288,9
13209,2206,1274,7,5,6,800,20
13210,2206,1274,4,16,21,2544,2
13211,2206,1274,5,14,19,2296,17
13212,2206,1274,3,4,5,644,9
13213,2206,1274,3,14,10,1204,4
13214,2207,1274,5,20,22,2660,15
13215,2207,1274,1,11,11,1397,6
13216,2207,1274,1,10,7,890,5
13217,2207,1274,2,13,13,1651,11
13218,2207,1274,1,20,21,2520,16
13219,2207,1274,5,7,7,840,4
13220,2208,1275,10,6,5,600,30
13221,2208,1275,7,3,2,321,42
13222,2208,1275,1,2,1,174,10
13223,2208,1275,1,9,11,1404,34
13224,2209,1275,2,11,11,1342,12
13225,2209,1275,3,16,14,1776,10
13226,2209,1275,6,7,5,693,18
13227,2209,1275,1,20,14,1760,7
13228,2209,1275,1,3,3,450,8
13229,2209,1275,3,19,27,3268,9
13230,2209,1275,6,8,8,1000,19
13231,2209,1275,4,1,1,147,9
13232,2210,1275,1,15,15,1800,66
13233,2210,1275,2,11,12,1474,19
13234,2210,1275,3,7,8,973,7
13235,2210,1275,6,9,8,1062,51
13236,2210,1275,10,17,16,1955,45
13237,2211,1275,6,13,14,1703,4
13238,2211,1275,6,15,18,2205,26
13239,2211,1275,11,14,11,1372,55
13240,2211,1275,2,11,13,1584,69
13241,2212,1275,4,9,8,1026,39
13242,2212,1275,2,8,6,720,19
13243,2212,1275,7,9,7,873,6
13244,2212,1275,6,6,6,828,40
13245,2212,1275,6,19,13,1615,76
13246,2212,1275,4,3,2,294,18
13247,2212,1275,1,3,3,369,84
13248,2212,1275,1,5,6,810,65
13249,2213,1275,4,2,2,242,10
13250,2213,1275,9,13,17,2145,11
13251,2213,1275,1,8,9,1136,1
13252,2213,1275,1,18,20,2466,16
13253,2213,1275,3,3,3,474,2
13254,2213,1275,7,7,5,714,6
13255,2213,1275,11,14,9,1162,16
13256,2214,1275,7,8,6,800,28
13257,2214,1275,3,9,11,1332,20
13258,2214,1275,3,8,5,712,50
13259,2214,1275,1,7,5,679,14
13260,2214,1275,11,18,24,2952,23
13261,2214,1275,8,8,9,1096,46
13262,2214,1275,3,16,14,1760,4
13263,2214,1275,7,18,18,2214,35
13264,2215,1275,10,9,13,1593,11
13265,2215,1275,6,20,22,2660,18
13266,2215,1275,1,9,7,954,3
13267,2215,1275,10,3,2,297,12
13268,2215,1275,11,12,14,1728,17
13269,2215,1275,6,7,10,1218,20
13270,2215,1275,1,7,4,574,16
13271,2216,1275,1,11,12,1529,1
13272,2216,1275,6,15,10,1305,15
13273,2216,1275,4,20,28,3400,22
13274,2216,1275,7,6,5,708,9
13275,2217,1276,11,3,2,279,30
13276,2217,1276,9,12,17,2112,54
13277,2217,1276,8,16,14,1696,15
13278,2217,1276,6,5,4,590,21
13279,2217,1276,2,10,10,1200,55
13280,2217,1276,10,19,18,2185,55
13281,2217,1276,5,12,14,1740,28
13282,2217,1276,7,1,1,153,2
13283,2218,1276,4,16,12,1552,25
13284,2218,1276,1,6,8,1008,52
13285,2218,1276,3,2,1,206,32
13286,2218,1276,6,20,16,1980,25
13287,2218,1276,2,4,5,700,1
13288,2218,1276,1,18,26,3222,29
13289,2219,1276,1,8,9,1080,27
13290,2219,1276,10,10,12,1520,32
13291,2219,1276,1,20,20,2400,1
13292,2219,1276,7,4,5,608,26
13293,2219,1276,6,9,8,972,16
13294,2219,1276,2,5,4,520,22
13295,2219,1276,8,6,4,534,5
13296,2219,1276,10,17,19,2380,1
13297,2220,1276,5,5,4,510,5
13298,2220,1276,11,12,11,1320,5
13299,2220,1276,7,2,2,298,19
13300,2220,1276,2,12,12,1548,2
13301,2221,1276,2,13,9,1157,58
13302,2221,1276,1,1,1,91,37
13303,2221,1276,3,18,15,1854,34
13304,2221,1276,8,12,15,1824,79
13305,2222,1276,1,2,2,260,14
13306,2222,1276,2,13,15,1885,17
13307,2222,1276,6,17,17,2142,15
13308,2222,1276,7,2,1,206,15
13309,2222,1276,10,7,5,665,14
13310,2222,1276,1,12,8,1032,5
13311,2222,1276,6,11,7,891,13
13312,2223,1276,8,2,2,336,23
13313,2223,1276,1,9,6,819,28
13314,2223,1276,6,9,13,1611,21
13315,2223,1276,3,10,10,1280,35
13316,2223,1276,3,15,16,1950,17
13317,2223,1276,3,4,3,460,11
13318,2223,1276,7,10,6,810,2
13319,2224,1276,1,15,14,1695,7
13320,2224,1276,3,9,10,1278,4
13321,2224,1276,1,16,14,1760,6
13322,2224,1276,1,6,4,588,11
13323,2225,1277,3,6,8,972,10
13324,2225,1277,10,7,10,1204,16
13325,2225,1277,2,2,1,188,22
13326,2225,1277,2,16,19,2288,26
13327,2225,1277,2,18,19,2394,28
13328,2225,1277,1,2,1,168,2
13329,2225,1277,10,20,15,1820,8
13330,2226,1277,4,8,10,1272,14
13331,2226,1277,6,7,6,826,33
13332,2226,1277,6,3,2,348,4
13333,2226,1277,1,19,25,3078,44
13334,2226,1277,2,8,6,728,62
13335,2226,1277,2,12,16,1932,23
13336,2227,1277,4,12,14,1716,44
13337,2227,1277,3,4,5,672,28
13338,2227,1277,1,8,11,1392,71
13339,2227,1277,1,7,8,994,7
13340,2228,1277,2,18,24,2898,41
13341,2228,1277,1,7,9,1120,70
13342,2228,1277,1,17,17,2142,39
13343,2228,1277,10,18,17,2142,23
13344,2228,1277,6,6,6,786,36
13345,2228,1277,12,15,10,1275,9
13346,2229,1277,9,16,21,2624,5
13347,2229,1277,1,14,14,1764,25
13348,2229,1277,3,12,11,1404,63
13349,2229,1277,1,16,20,2448,30
13350,2229,1277,1,2,2,296,20
13351,2230,1277,3,14,20,2506,1
13352,2230,1277,3,1,1,118,15
13353,2230,1277,4,20,21,2580,2
13354,2230,1277,6,12,12,1548,52
13355,2230,1277,10,4,3,360,24
13356,2230,1277,5,5,3,455,3
13357,2230,1277,11,11,13,1584,56
13358,2231,1277,8,1,1,154,32
13359,2231,1277,2,7,9,1176,25
13360,2231,1277,1,9,11,1386,9
13361,2231,1277,4,19,20,2508,38
13362,2231,1277,1,13,10,1235,43
13363,2231,1277,3,13,16,1937,28
13364,2231,1277,1,11,15,1804,18
13365,2231,1277,8,13,12,1495,43
13366,2232,1277,3,19,28,3363,10
13367,2232,1277,2,11,13,1617,16
13368,2232,1277,1,7,7,868,35
13369,2232,1277,1,18,26,3222,30
13370,2233,1277,2,10,13,1580,13
13371,2233,1277,7,2,2,288,45
13372,2233,1277,9,10,12,1510,31
13373,2233,1277,10,20,29,3520,24
13374,2233,1277,3,6,6,822,57
13375,2234,1277,4,7,5,679,33
13376,2234,1277,1,18,13,1638,25
13377,2234,1277,6,3,3,426,29
13378,2234,1277,6,4,2,320,15
13379,2235,1278,10,14,10,1232,32
13380,2235,1278,2,15,22,2640,17
13381,2235,1278,1,20,14,1760,33
13382,2235,1278,2,17,11,1360,2
13383,2235,1278,8,1,1,176,1
13384,2235,1278,10,3,2,327,16
13385,2235,1278,1,6,8,1032,8
13386,2236,1278,2,1,1,90,12
13387,2236,1278,7,8,12,1440,83
13388,2236,1278,5,4,4,500,85
13389,2236,1278,6,3,3,462,20
13390,2237,1278,2,15,21,2550,54
13391,2237,1278,11,11,11,1408,10
13392,2237,1278,5,10,11,1340,72
13393,2237,1278,6,4,4,508,70
13394,2237,1278,7,7,6,742,51
13395,2237,1278,10,20,29,3540,57
13396,2238,1278,1,17,19,2363,16
13397,2238,1278,6,20,29,3520,2
13398,2238,1278,10,8,7,864,67
13399,2238,1278,10,13,13,1612,55
13400,2238,1278,1,16,19,2368,75
13401,2238,1278,2,3,2,291,49
13402,2238,1278,3,20,25,3080,16
13403,2238,1278,2,19,24,2888,21
13404,2239,1278,6,17,22,2737,55
13405,2239,1278,7,13,13,1625,59
13406,2239,1278,10,10,12,1480,55
13407,2239,1278,2,20,22,2740,57
13408,2240,1278,4,16,14,1712,45
13409,2240,1278,6,17,11,1394,3
13410,2240,1278,10,11,7,924,47
13411,2240,1278,8,17,13,1649,13
13412,2240,1278,6,8,11,1432,31
13413,2240,1278,2,8,10,1216,16
13414,2240,1278,2,10,14,1680,6
13415,2241,1278,5,13,13,1599,29
13416,2241,1278,1,8,10,1296,35
13417,2241,1278,10,12,11,1356,26
13418,2241,1278,1,12,9,1188,6
13419,2241,1278,11,7,5,679,5
13420,2241,1278,2,1,1,161,22
13421,2241,1278,4,15,20,2505,36
13422,2242,1278,5,1,1,101,11
13423,2242,1278,6,12,12,1464,32
13424,2242,1278,3,7,5,609,33
13425,2242,1278,5,7,8,1001,3
13426,2242,1278,3,19,27,3268,5
13427,2242,1278,9,20,30,3600,1
13428,2242,1278,3,7,9,1169,6
13429,2242,1278,2,10,9,1080,20
13430,2243,1279,2,15,10,1200,21
13431,2243,1279,5,10,12,1490,24
13432,2243,1279,3,4,3,376,23
13433,2243,1279,3,6,5,702,20
13434,2243,1279,5,11,14,1694,13
13435,2243,1279,2,7,7,938,12
13436,2243,1279,9,2,2,316,9
13437,2244,1279,11,6,5,684,2
13438,2244,1279,4,13,10,1300,64
13439,2244,1279,1,8,6,784,13
13440,2244,1279,2,13,14,1742,58
13441,2244,1279,1,20,14,1780,66
13442,2244,1279,3,15,11,1410,1
13443,2244,1279,2,11,15,1881,21
13444,2245,1279,10,20,25,3000,1
13445,2245,1279,1,3,2,333,4
13446,2245,1279,12,19,25,3078,13
13447,2245,1279,1,2,1,208,10
13448,2246,1279,3,10,7,910,16
13449,2246,1279,10,9,6,819,9
13450,2246,1279,3,12,12,1512,10
13451,2246,1279,2,6,5,666,28
13452,2247,1279,1,10,14,1750,40
13453,2247,1279,1,14,15,1834,13
13454,2247,1279,1,7,7,896,13
13455,2247,1279,2,14,19,2394,20
13456,2247,1279,4,11,7,902,4
13457,2247,1279,3,10,9,1130,14
13458,2247,1279,2,11,14,1793,1
13459,2247,1279,1,19,14,1729,27
13460,2248,1279,3,13,17,2119,28
13461,2248,1279,6,16,18,2272,33
13462,2248,1279,6,7,6,791,5
13463,2248,1279,2,11,9,1089,18
13464,2248,1279,10,9,11,1350,28
13465,2248,1279,2,19,13,1672,44
13466,2249,1279,10,19,12,1558,43
13467,2249,1279,2,12,17,2088,49
13468,2249,1279,1,17,16,1955,3
13469,2249,1279,10,13,11,1378,39
13470,2249,1279,1,9,12,1449,47
13471,2249,1279,3,4,5,716,14
13472,2250,1279,1,20,27,3260,14
13473,2250,1279,10,14,20,2492,36
13474,2250,1279,11,8,9,1168,34
13475,2250,1279,7,1,1,173,72
13476,2251,1280,2,20,15,1840,25
13477,2251,1280,10,8,10,1216,10
13478,2251,1280,6,13,10,1248,21
13479,2251,1280,6,8,6,776,28
13480,2252,1280,1,20,16,2020,38
13481,2252,1280,11,4,3,388,66
13482,2252,1280,7,7,4,560,4
13483,2252,1280,3,8,11,1416,69
13484,2253,1280,1,12,9,1128,54
13485,2253,1280,4,3,3,429,58
13486,2253,1280,3,19,21,2565,2
13487,2253,1280,4,3,2,276,61
13488,2253,1280,1,5,4,550,30
13489,2253,1280,10,11,13,1672,16
13490,2253,1280,2,7,7,882,27
13491,2253,1280,1,12,11,1332,46
13492,2254,1280,10,5,7,855,20
13493,2254,1280,11,1,1,178,18
13494,2254,1280,7,1,1,153,17
13495,2254,1280,1,15,20,2475,32
13496,2254,1280,1,14,17,2100,11
13497,2254,1280,5,20,24,2960,12
13498,2254,1280,1,5,4,585,19
13499,2254,1280,2,6,4,552,26
13500,2255,1280,4,7,8,1022,28
13501,2255,1280,10,10,13,1620,56
13502,2255,1280,7,15,13,1635,10
13503,2255,1280,11,6,5,642,58
13504,2255,1280,1,5,4,560,11
13505,2255,1280,10,7,7,959,56
13506,2255,1280,5,7,7,910,33
13507,2255,1280,7,6,6,738,17
13508,2256,1280,10,16,19,2384,18
13509,2256,1280,3,20,13,1600,18
13510,2256,1280,2,10,14,1690,6
13511,2256,1280,3,10,8,1070,18
13512,2256,1280,2,1,1,124,30
13513,2257,1281,1,12,10,1284,6
13514,2257,1281,6,5,4,570,10
13515,2257,1281,9,18,26,3168,8
13516,2257,1281,2,12,9,1140,19
13517,2257,1281,11,12,12,1440,1
13518,2257,1281,7,20,22,2740,16
13519,2258,1281,7,4,5,700,21
13520,2258,1281,6,1,1,134,28
13521,2258,1281,1,1,1,93,46
13522,2258,1281,3,6,5,618,2
13523,2258,1281,2,15,17,2040,8
13524,2259,1281,1,17,15,1904,38
13525,2259,1281,11,14,10,1316,23
13526,2259,1281,1,17,24,2992,44
13527,2259,1281,11,8,5,640,21
13528,2259,1281,7,18,14,1746,47
13529,2259,1281,1,18,12,1548,33
13530,2259,1281,1,16,21,2592,33
13531,2260,1281,4,6,5,606,1
13532,2260,1281,6,5,5,625,3
13533,2260,1281,6,1,1,162,12
13534,2260,1281,8,9,13,1602,3
13535,2260,1281,1,12,16,1992,5
13536,2260,1281,4,3,2,321,1
13537,2260,1281,7,16,23,2864,10
13538,2260,1281,1,19,12,1539,3
13539,2261,1281,8,6,5,606,16
13540,2261,1281,6,5,5,630,15
13541,2261,1281,6,19,22,2755,17
13542,2261,1281,2,20,28,3360,26
13543,2262,1281,3,2,1,218,12
13544,2262,1281,9,10,7,860,36
13545,2262,1281,1,15,17,2100,42
13546,2262,1281,1,8,9,1128,35
13547,2262,1281,1,4,6,720,23
13548,2263,1281,1,13,8,1053,33
13549,2263,1281,4,18,23,2772,24
13550,2263,1281,9,6,8,996,4
13551,2263,1281,5,4,4,500,6
13552,2263,1281,8,5,6,810,56
13553,2263,1281,4,13,9,1105,2
13554,2264,1281,11,10,12,1530,36
13555,2264,1281,10,4,5,716,57
13556,2264,1281,1,19,13,1653,31
13557,2264,1281,3,17,24,2924,63
13558,2264,1281,2,5,7,845,45
13559,2264,1281,6,1,1,176,14
13560,2264,1281,1,20,25,3060,55
13561,2265,1281,2,8,11,1352,9
13562,2265,1281,11,15,18,2235,43
13563,2265,1281,3,16,11,1424,22
13564,2265,1281,2,6,8,1038,37
13565,2265,1281,6,11,15,1826,40
13566,2266,1281,8,10,11,1360,43
13567,2266,1281,10,16,11,1376,3
13568,2266,1281,3,3,3,468,52
13569,2266,1281,1,2,1,218,24
13570,2267,1282,6,4,5,640,61
13571,2267,1282,1,9,6,729,44
13572,2267,1282,7,3,3,381,42
13573,2267,1282,5,18,24,2916,56
13574,2267,1282,3,4,5,656,35
13575,2267,1282,6,18,20,2502,8
13576,2268,1282,2,4,3,376,28
13577,2268,1282,10,17,25,3009,17
13578,2268,1282,6,11,14,1738,9
13579,2268,1282,6,4,5,636,5
13580,2268,1282,7,13,13,1573,22
13581,2268,1282,6,4,4,560,7
13582,2269,1282,3,18,14,1710,36
13583,2269,1282,2,7,10,1260,58
13584,2269,1282,10,1,1,177,1
13585,2269,1282,7,19,23,2831,8
13586,2269,1282,10,4,2,320,53
13587,2269,1282,2,6,5,618,36
13588,2269,1282,9,8,6,800,50
13589,2270,1282,1,17,22,2669,41
13590,2270,1282,6,4,5,648,38
13591,2270,1282,4,11,11,1331,5
13592,2270,1282,12,20,15,1880,23
13593,2270,1282,2,8,8,1048,38
13594,2270,1282,5,2,2,324,14
13595,2271,1282,5,20,17,2120,2
13596,2271,1282,11,10,13,1580,18
13597,2271,1282,1,2,2,314,57
13598,2271,1282,1,1,1,133,38
13599,2271,1282,2,20,24,2980,6
13600,2271,1282,6,7,6,728,60
13601,2272,1282,3,6,6,774,25
13602,2272,1282,2,8,11,1360,4
13603,2272,1282,3,1,1,123,37
13604,2272,1282,8,19,13,1577,28
13605,2272,1282,2,17,13,1598,4
13606,2272,1282,2,4,2,348,37
13607,2272,1282,1,20,21,2560,24
13608,2273,1282,1,1,1,149,13
13609,2273,1282,2,16,15,1872,9
13610,2273,1282,2,12,17,2052,7
13611,2273,1282,6,3,3,441,12
13612,2273,1282,10,14,15,1806,11
13613,2273,1282,2,19,17,2109,9
13614,2273,1282,10,17,13,1581,5
13615,2273,1282,7,14,17,2044,17
13616,2274,1283,10,8,6,816,8
13617,2274,1283,1,15,10,1275,28
13618,2274,1283,1,17,13,1615,60
13619,2274,1283,7,5,4,555,23
13620,2274,1283,2,17,21,2533,15
13621,2274,1283,1,20,27,3260,15
13622,2274,1283,1,15,17,2085,54
13623,2274,1283,1,12,9,1104,70
13624,2275,1283,2,9,9,1161,60
13625,2275,1283,3,1,1,87,33
13626,2275,1283,10,5,5,620,57
13627,2275,1283,10,11,13,1573,12
13628,2275,1283,1,9,8,1062,45
13629,2275,1283,5,15,19,2280,46
13630,2276,1283,6,20,13,1640,9
13631,2276,1283,11,9,6,747,3
13632,2276,1283,2,10,9,1190,55
13633,2276,1283,1,12,9,1176,15
13634,2276,1283,3,8,10,1200,59
13635,2276,1283,8,7,8,1078,7
13636,2277,1283,4,5,4,560,39
13637,2277,1283,1,8,6,744,42
13638,2277,1283,3,19,22,2717,2
13639,2277,1283,3,12,18,2160,9
13640,2277,1283,1,5,4,575,48
13641,2277,1283,7,16,18,2176,30
13642,2277,1283,3,11,7,935,54
13643,2278,1283,5,5,5,690,16
13644,2278,1283,7,14,15,1862,22
13645,2278,1283,1,20,27,3240,30
13646,2278,1283,2,14,9,1120,11
13647,2279,1283,2,17,12,1496,27
13648,2279,1283,1,14,10,1288,25
13649,2279,1283,2,9,7,873,58
13650,2279,1283,10,1,1,90,71
13651,2279,1283,1,7,9,1134,17
13652,2279,1283,6,2,1,172,22
13653,2279,1283,2,8,5,680,36
13654,2280,1284,1,12,10,1296,15
13655,2280,1284,1,3,3,369,26
13656,2280,1284,2,17,15,1836,21
13657,2280,1284,10,6,8,1044,36
13658,2280,1284,10,11,9,1144,44
13659,2280,1284,1,17,16,1921,35
13660,2280,1284,10,8,7,880,25
13661,2281,1284,2,19,21,2527,33
13662,2281,1284,2,17,19,2363,9
13663,2281,1284,2,7,9,1141,79
13664,2281,1284,1,2,1,212,17
13665,2282,1284,7,17,12,1445,15
13666,2282,1284,1,17,14,1683,3
13667,2282,1284,9,11,11,1353,16
13668,2282,1284,2,3,2,291,26
13669,2282,1284,7,4,3,408,4
13670,2282,1284,5,7,9,1176,7
13671,2282,1284,2,3,3,420,19
13672,2282,1284,7,19,18,2242,9
13673,2283,1284,10,14,20,2436,25
13674,2283,1284,10,13,10,1287,23
13675,2283,1284,1,15,11,1395,7
13676,2283,1284,4,5,3,425,15
13677,2283,1284,2,12,16,2016,31
13678,2283,1284,6,4,5,640,29
13679,2284,1284,7,6,5,636,1
13680,2284,1284,1,5,4,515,19
13681,2284,1284,11,5,4,545,62
13682,2284,1284,11,3,3,393,25
13683,2284,1284,2,7,9,1148,47
13684,2284,1284,1,12,9,1080,52
13685,2284,1284,6,20,22,2740,41
13686,2284,1284,7,3,2,264,5
13687,2285,1284,3,1,1,158,14
13688,2285,1284,7,14,16,1960,28
13689,2285,1284,6,5,3,430,8
13690,2285,1284,7,3,3,429,16
13691,2285,1284,1,3,2,255,8
13692,2286,1284,1,11,9,1133,42
13693,2286,1284,10,10,12,1540,22
13694,2286,1284,9,14,17,2072,26
13695,2286,1284,7,3,2,246,13
13696,2287,1284,6,6,4,582,30
13697,2287,1284,8,17,15,1853,53
13698,2287,1284,6,6,8,1044,39
13699,2287,1284,1,11,9,1177,12
13700,2287,1284,2,17,21,2533,35
13701,2287,1284,10,1,1,142,50
13702,2287,1284,12,20,28,3440,46
13703,2288,1284,8,11,10,1309,14
13704,2288,1284,6,20,16,2020,36
13705,2288,1284,5,9,10,1206,16
13706,2288,1284,7,6,8,978,50
13707,2288,1284,2,8,7,904,30
13708,2288,1284,2,3,2,267,26
13709,2288,1284,1,17,16,1921,44
13710,2289,1285,1,7,9,1134,23
13711,2289,1285,2,9,12,1449,19
13712,2289,1285,8,9,10,1242,26
13713,2289,1285,8,10,12,1480,10
13714,2289,1285,5,13,19,2327,20
13715,2290,1285,1,9,7,918,8
13716,2290,1285,6,15,12,1455,40
13717,2290,1285,7,3,2,336,9
13718,2290,1285,2,2,2,282,5
13719,2290,1285,1,19,14,1710,18
13720,2290,1285,2,18,14,1728,29
13721,2291,1285,1,5,4,535,47
13722,2291,1285,6,11,10,1243,24
13723,2291,1285,7,5,5,610,47
13724,2291,1285,5,4,3,424,29
13725,2291,1285,1,1,1,132,51
13726,2291,1285,3,7,5,609,40
13727,2291,1285,11,15,18,2265,2
13728,2292,1285,5,6,4,516,31
13729,2292,1285,2,7,8,1064,8
13730,2292,1285,8,3,4,531,41
13731,2292,1285,6,7,8,1050,11
13732,2292,1285,4,19,14,1710,33
13733,2292,1285,9,7,10,1204,21
13734,2292,1285,1,8,10,1272,33
13735,2293,1285,2,12,8,1008,51
13736,2293,1285,4,12,9,1104,12
13737,2293,1285,2,5,5,690,65
13738,2293,1285,2,14,11,1400,10
13739,2293,1285,3,13,10,1300,60
13740,2293,1285,10,6,5,714,30
13741,2294,1285,2,12,13,1584,45
13742,2294,1285,1,9,11,1395,78
13743,2294,1285,3,7,9,1141,5
13744,2294,1285,1,9,9,1161,28
13745,2294,1285,2,9,9,1089,42
13746,2294,1285,2,1,1,91,17
13747,2295,1285,10,17,22,2754,33
13748,2295,1285,2,4,3,424,6
13749,2295,1285,1,2,2,250,16
13750,2295,1285,1,19,23,2774,15
13751,2296,1285,6,6,4,594,6
13752,2296,1285,1,10,7,880,64
13753,2296,1285,3,19,21,2584,6
13754,2296,1285,9,13,15,1911,26
13755,2296,1285,7,6,7,900,22
13756,2297,1285,1,1,1,165,1
13757,2297,1285,6,16,18,2272,29
13758,2297,1285,2,10,12,1540,53
13759,2297,1285,1,20,20,2480,3
13760,2297,1285,7,5,3,455,28
13761,2297,1285,2,7,5,602,16
13762,2298,1286,3,9,9,1161,28
13763,2298,1286,6,15,10,1305,28
13764,2298,1286,3,11,12,1485,20
13765,2298,1286,2,7,9,1120,6
13766,2298,1286,2,6,5,618,8
13767,2299,1286,1,12,12,1524,21
13768,2299,1286,11,6,4,552,26
13769,2299,1286,8,18,18,2178,23
13770,2299,1286,2,5,5,645,39
13771,2299,1286,2,12,8,972,23
13772,2299,1286,11,7,10,1211,26
13773,2299,1286,1,6,4,594,36
13774,2300,1286,1,19,15,1881,51
13775,2300,1286,7,18,24,2898,36
13776,2300,1286,7,14,15,1806,33
13777,2300,1286,6,1,1,92,2
13778,2300,1286,3,11,16,1958,47
13779,2300,1286,1,12,11,1392,20
13780,2300,1286,7,2,2,240,12
13781,2300,1286,6,14,10,1302,17
13782,2301,1286,6,1,1,138,21
13783,2301,1286,1,9,12,1530,5
13784,2301,1286,10,2,2,328,27
13785,2301,1286,6,12,8,1032,6
13786,2301,1286,6,10,15,1800,1
13787,2302,1286,12,20,22,2720,61
13788,2302,1286,7,17,12,1530,7
13789,2302,1286,10,17,17,2159,13
13790,2302,1286,10,20,13,1660,46
13791,2302,1286,10,6,5,702,58
13792,2302,1286,5,2,1,238,14
13793,2302,1286,7,16,12,1488,34
13794,2302,1286,1,17,24,2992,67
13795,2303,1286,10,3,3,363,52
13796,2303,1286,6,6,4,582,76
13797,2303,1286,1,7,8,966,75
13798,2303,1286,1,3,3,390,71
13799,2303,1286,5,1,1,119,62
13800,2303,1286,10,8,7,872,2
13801,2304,1286,8,20,15,1840,40
13802,2304,1286,1,11,14,1793,74
13803,2304,1286,1,17,16,2006,18
13804,2304,1286,3,13,15,1846,59
13805,2304,1286,2,14,14,1722,31
13806,2304,1286,8,9,9,1188,49
13807,2304,1286,7,15,18,2265,44
13808,2305,1287,2,13,9,1144,15
13809,2305,1287,1,13,15,1898,48
13810,2305,1287,6,12,9,1164,40
13811,2305,1287,1,16,12,1520,56
13812,2305,1287,5,10,11,1420,71
13813,2305,1287,1,14,18,2254,32
13814,2305,1287,2,7,5,714,42
13815,2306,1287,1,18,21,2628,7
13816,2306,1287,6,9,11,1377,3
13817,2306,1287,2,2,1,180,3
13818,2306,1287,7,2,1,180,15
13819,2307,1287,7,3,3,360,44
13820,2307,1287,3,14,10,1288,38
13821,2307,1287,10,9,7,864,13
13822,2307,1287,8,2,1,206,48
13823,2307,1287,1,9,9,1089,52
13824,2307,1287,6,5,4,565,50
13825,2308,1287,7,2,2,308,6
13826,2308,1287,3,12,13,1644,9
13827,2308,1287,7,14,19,2352,10
13828,2308,1287,1,9,7,918,10
13829,2309,1287,2,4,5,640,41
13830,2309,1287,9,10,10,1310,52
13831,2309,1287,3,5,3,400,62
13832,2309,1287,8,6,7,918,59
13833,2309,1287,1,8,11,1352,15
13834,2310,1287,11,17,18,2244,31
13835,2310,1287,1,10,14,1760,36
13836,2310,1287,2,19,21,2584,47
13837,2310,1287,10,2,2,300,23
13838,2310,1287,5,1,1,168,26
13839,2310,1287,11,11,11,1419,77
13840,2310,1287,4,5,6,755,39
13841,2311,1287,5,14,19,2352,3
13842,2311,1287,6,18,25,3078,15
13843,2311,1287,2,10,7,930,11
13844,2311,1287,10,10,11,1380,10
13845,2311,1287,1,10,11,1380,6
13846,2311,1287,1,8,9,1136,11
13847,2311,1287,6,13,17,2093,1
13848,2312,1287,7,5,4,555,67
13849,2312,1287,1,1,1,81,23
13850,2312,1287,6,18,12,1458,54
13851,2312,1287,6,18,14,1746,35
13852,2312,1287,3,11,9,1155,1
13853,2312,1287,6,5,4,515,22
13854,2312,1287,1,17,21,2550,14
13855,2312,1287,3,1,1,106,41
13856,2313,1287,7,5,4,545,22
13857,2313,1287,4,8,7,952,34
13858,2313,1287,1,3,4,534,51
13859,2313,1287,10,17,15,1819,72
13860,2313,1287,5,3,2,336,70
13861,2314,1288,12,6,5,642,44
13862,2314,1288,11,5,4,510,33
13863,2314,1288,10,10,11,1340,49
13864,2314,1288,10,13,10,1235,39
13865,2314,1288,6,15,11,1350,3
13866,2315,1288,1,4,3,440,21
13867,2315,1288,2,11,15,1881,22
13868,2315,1288,10,3,4,537,9
13869,2315,1288,2,12,11,1416,9
13870,2315,1288,3,5,5,705,1
13871,2315,1288,7,9,10,1314,20
13872,2315,1288,10,20,23,2860,26
13873,2316,1288,6,20,27,3340,29
13874,2316,1288,1,7,8,994,17
13875,2316,1288,4,12,16,1944,4
13876,2316,1288,5,15,14,1710,15
13877,2316,1288,1,2,2,352,4
13878,2317,1288,2,15,17,2130,4
13879,2317,1288,11,13,15,1833,13
13880,2317,1288,2,17,17,2125,10
13881,2317,1288,5,16,12,1456,12
13882,2317,1288,7,11,12,1529,14
13883,2317,1288,2,8,8,976,4
13884,2317,1288,4,16,23,2848,10
13885,2317,1288,11,6,5,666,9
13886,2318,1288,2,20,28,3460,38
13887,2318,1288,6,15,16,1920,14
13888,2318,1288,11,6,6,834,68
13889,2318,1288,1,2,2,278,78
13890,2319,1288,5,19,25,3002,46
13891,2319,1288,1,9,12,1476,18
13892,2319,1288,7,11,12,1474,15
13893,2319,1288,10,8,9,1096,20
13894,2319,1288,1,16,23,2768,3
13895,2319,1288,1,15,15,1815,43
13896,2320,1288,10,16,14,1776,48
13897,2320,1288,1,14,16,1932,39
13898,2320,1288,10,9,12,1512,6
13899,2320,1288,8,16,12,1520,52
13900,2320,1288,4,16,19,2336,7
13901,2320,1288,2,6,5,696,18
13902,2320,1288,1,1,1,81,28
13903,2321,1288,3,4,5,716,21
13904,2321,1288,7,1,1,105,40
13905,2321,1288,6,2,2,358,15
13906,2321,1288,4,1,1,104,49
13907,2321,1288,2,7,5,651,53
13908,2321,1288,10,15,21,2610,15
13909,2321,1288,1,19,20,2413,51
13910,2321,1288,6,9,11,1350,33
13911,2322,1288,5,12,15,1824,73
13912,2322,1288,3,5,7,840,23
13913,2322,1288,6,5,5,705,68
13914,2322,1288,1,19,15,1862,67
13915,2322,1288,2,19,23,2831,51
13916,2322,1288,1,19,14,1748,81
13917,2322,1288,1,6,4,498,36
13918,2322,1288,11,15,18,2265,54
13919,2323,1288,5,13,16,2002,5
13920,2323,1288,10,9,11,1341,26
13921,2323,1288,3,15,20,2445,25
13922,2323,1288,7,18,26,3150,27
13923,2323,1288,10,9,8,1026,18
13924,2324,1289,1,4,4,492,9
13925,2324,1289,6,15,22,2685,6
13926,2324,1289,2,15,13,1635,1
13927,2324,1289,7,17,24,2975,2
13928,2324,1289,5,5,5,615,17
13929,2324,1289,2,8,5,656,5
13930,2325,1289,6,12,10,1200,15
13931,2325,1289,6,6,7,852,19
13932,2325,1289,2,4,5,676,35
13933,2325,1289,2,3,4,519,50
13934,2325,1289,2,8,9,1192,21
13935,2325,1289,3,15,22,2640,47
13936,2325,1289,8,15,12,1440,60
13937,2326,1289,4,9,9,1188,4
13938,2326,1289,2,10,10,1300,43
13939,2326,1289,6,15,14,1740,8
13940,2326,1289,6,18,16,1962,34
13941,2326,1289,6,18,20,2430,65
13942,2326,1289,4,14,19,2352,38
13943,2326,1289,7,13,19,2340,21
13944,2326,1289,6,19,14,1729,64
13945,2327,1289,2,20,13,1600,35
13946,2327,1289,10,3,4,540,1
13947,2327,1289,1,16,22,2704,31
13948,2327,1289,5,4,4,584,11
13949,2328,1289,6,3,3,465,63
13950,2328,1289,6,2,1,212,24
13951,2328,1289,1,2,2,346,66
13952,2328,1289,1,7,6,763,20
13953,2328,1289,1,9,12,1467,38
13954,2328,1289,10,9,12,1476,45
13955,2328,1289,7,10,14,1780,37
13956,2329,1289,5,16,22,2720,23
13957,2329,1289,2,15,20,2490,59
13958,2329,1289,10,3,3,414,40
13959,2329,1289,1,13,16,1963,50
13960,2329,1289,3,19,27,3325,34
13961,2329,1289,1,1,1,167,49
13962,2329,1289,1,16,17,2144,69
13963,2330,1289,2,18,14,1728,21
13964,2330,1289,11,20,17,2120,2
13965,2330,1289,5,17,25,3026,32
13966,2330,1289,5,20,14,1760,12
13967,2330,1289,4,3,2,306,6
13968,2330,1289,10,13,11,1391,21
13969,2330,1289,8,18,14,1692,24
13970,2331,1289,1,13,10,1313,22
13971,2331,1289,7,4,5,628,26
13972,2331,1289,1,14,11,1344,65
13973,2331,1289,10,10,9,1090,63
13974,2332,1289,10,17,15,1904,2
13975,2332,1289,7,4,3,404,23
13976,2332,1289,10,5,3,435,3
13977,2332,1289,2,6,4,510,37
13978,2332,1289,11,18,15,1800,33
13979,2333,1289,3,20,21,2600,22
13980,2333,1289,3,15,18,2175,7
13981,2333,1289,1,4,4,568,6
13982,2333,1289,6,9,6,774,20
13983,2333,1289,6,16,16,1984,3
13984,2333,1289,1,14,19,2338,18
13985,2334,1290,7,13,15,1859,19
13986,2334,1290,6,4,5,604,10
13987,2334,1290,8,3,3,477,5
13988,2334,1290,1,9,11,1431,24
13989,2335,1290,2,19,17,2147,3
13990,2335,1290,2,13,16,1937,19
13991,2335,1290,7,12,16,1932,52
13992,2335,1290,10,7,9,1176,17
13993,2335,1290,1,4,2,344,54
13994,2335,1290,3,6,7,900,29
13995,2335,1290,7,20,26,3180,31
13996,2335,1290,1,11,12,1540,51
13997,2336,1290,10,11,14,1738,16
13998,2336,1290,10,4,5,656,11
13999,2336,1290,10,6,7,840,11
14000,2336,1290,2,10,13,1660,50
14001,2336,1290,5,12,12,1440,41
14002,2337,1290,3,11,13,1639,9
14003,2337,1290,2,14,16,1960,29
14004,2337,1290,1,20,21,2560,29
14005,2337,1290,6,17,14,1768,37
14006,2338,1290,3,18,12,1440,52
14007,2338,1290,3,13,19,2288,62
14008,2338,1290,6,10,6,810,5
14009,2338,1290,3,15,21,2580,18
14010,2339,1290,2,1,1,107,13
14011,2339,1290,1,12,11,1416,9
14012,2339,1290,1,6,7,936,3
14013,2339,1290,10,20,21,2520,13
14014,2339,1290,2,11,16,1925,17
14015,2339,1290,2,10,7,890,21
14016,2339,1290,2,6,4,576,18
14017,2340,1290,1,5,4,485,54
14018,2340,1290,6,12,8,1056,6
14019,2340,1290,6,10,12,1450,41
14020,2340,1290,3,14,18,2226,16
14021,2340,1290,10,2,2,248,35
14022,2340,1290,2,2,2,280,1
14023,2340,1290,6,9,8,981,22
14024,2341,1290,6,3,3,408,6
14025,2341,1290,3,3,2,252,18
14026,2341,1290,6,9,9,1089,13
14027,2341,1290,1,3,4,528,9
14028,2341,1290,3,19,20,2470,4
14029,2341,1290,7,14,14,1708,2
14030,2342,1291,4,11,9,1144,61
14031,2342,1291,6,16,19,2368,66
14032,2342,1291,9,14,19,2394,54
14033,2342,1291,4,2,2,318,52
14034,2342,1291,2,4,5,612,71
14035,2342,1291,11,17,21,2550,58
14036,2343,1291,1,6,4,540,31
14037,2343,1291,6,17,25,3009,21
14038,2343,1291,2,15,14,1740,31
14039,2343,1291,10,15,10,1230,26
14040,2343,1291,1,11,15,1914,22
14041,2343,1291,5,17,23,2805,13
14042,2343,1291,2,12,13,1596,19
14043,2344,1291,7,10,7,900,5
14044,2344,1291,7,11,12,1474,24
14045,2344,1291,1,15,10,1290,6
14046,2344,1291,10,12,12,1548,11
14047,2344,1291,2,20,25,3040,35
14048,2344,1291,1,2,2,254,9
14049,2344,1291,3,19,15,1881,2
14050,2345,1291,3,4,4,536,36
14051,2345,1291,10,14,9,1190,52
14052,2345,1291,11,13,17,2093,40
14053,2345,1291,5,7,5,700,31
14054,2345,1291,3,11,15,1848,69
14055,2345,1291,1,17,14,1785,29
14056,2346,1291,2,5,5,625,10
14057,2346,1291,4,19,26,3173,6
14058,2346,1291,4,6,8,1050,1
14059,2346,1291,10,13,14,1742,14
14060,2346,1291,2,9,10,1287,20
14061,2346,1291,3,3,2,252,19
14062,2346,1291,1,5,6,740,3
14063,2346,1291,1,1,1,106,6
14064,2347,1291,10,15,18,2265,2
14065,2347,1291,4,17,18,2227,33
14066,2347,1291,2,20,28,3400,9
14067,2347,1291,3,5,5,715,63
14068,2347,1291,8,12,8,960,19
14069,2347,1291,10,20,29,3540,38
14070,2347,1291,10,6,6,750,8
14071,2348,1291,8,19,14,1786,12
14072,2348,1291,11,12,10,1260,15
14073,2348,1291,2,19,15,1900,16
14074,2348,1291,1,19,22,2641,13
14075,2348,1291,7,4,4,512,6
14076,2349,1291,1,1,1,94,4
14077,2349,1291,7,16,22,2672,3
14078,2349,1291,1,15,22,2640,19
14079,2349,1291,2,1,1,149,15
14080,2349,1291,2,18,19,2304,17
14081,2350,1291,1,18,26,3186,28
14082,2350,1291,10,4,3,384,7
14083,2350,1291,2,11,15,1837,8
14084,2350,1291,2,16,17,2048,6
14085,2350,1291,1,16,15,1856,3
14086,2350,1291,6,8,9,1096,12
14087,2351,1291,2,14,19,2352,25
14088,2351,1291,5,19,23,2869,12
14089,2351,1291,10,7,9,1106,46
14090,2351,1291,3,7,9,1134,9
14091,2351,1291,3,13,9,1092,11
14092,2351,1291,8,10,14,1690,40
14093,2351,1291,10,14,12,1498,24
14094,2352,1292,1,3,4,492,39
14095,2352,1292,6,19,14,1710,17
14096,2352,1292,10,19,27,3249,38
14097,2352,1292,2,11,9,1144,57
14098,2353,1292,2,1,1,90,50
14099,2353,1292,6,12,11,1368,37
14100,2353,1292,7,2,2,246,51
14101,2353,1292,11,10,9,1120,24
14102,2353,1292,6,19,24,2888,7
14103,2353,1292,2,5,7,890,5
14104,2354,1292,4,16,10,1280,29
14105,2354,1292,1,14,9,1148,19
14106,2354,1292,10,3,2,294,7
14107,2354,1292,8,1,1,84,19
14108,2354,1292,3,16,20,2512,31
14109,2355,1292,10,17,16,1972,28
14110,2355,1292,2,6,6,744,22
14111,2355,1292,7,17,18,2193,10
14112,2355,1292,1,20,14,1740,21
14113,2356,1292,3,1,1,124,25
14114,2356,1292,4,20,28,3460,10
14115,2356,1292,6,14,20,2464,37
14116,2356,1292,9,15,10,1215,25
14117,2357,1292,1,8,8,976,68
14118,2357,1292,11,7,8,1057,81
14119,2357,1292,10,11,8,990,60
14120,2357,1292,10,5,3,430,39
14121,2357,1292,3,1,1,85,40
14122,2357,1292,5,1,1,167,58
14123,2357,1292,2,15,13,1665,22
14124,2358,1292,1,10,8,1070,36
14125,2358,1292,2,13,19,2301,52
14126,2358,1292,1,5,5,615,4
14127,2358,1292,3,7,6,826,34
14128,2358,1292,1,8,11,1400,44
14129,2358,1292,7,8,5,640,5
14130,2358,1292,2,14,13,1568,28
14131,2358,1292,3,1,1,111,34
14132,2359,1292,10,3,3,447,21
14133,2359,1292,6,2,1,214,38
14134,2359,1292,4,2,1,190,45
14135,2359,1292,10,9,13,1584,18
14136,2359,1292,1,2,2,252,49
14137,2359,1292,1,18,12,1548,53
14138,2360,1293,6,14,19,2366,2
14139,2360,1293,1,17,19,2397,26
14140,2360,1293,4,17,18,2210,24
14141,2360,1293,2,10,8,990,11
14142,2361,1293,2,12,13,1668,22
14143,2361,1293,2,14,20,2492,19
14144,2361,1293,2,5,6,770,12
14145,2361,1293,4,11,7,902,6
14146,2361,1293,6,5,5,630,9
14147,2361,1293,7,15,14,1785,18
14148,2361,1293,1,6,8,1062,12
14149,2362,1293,6,12,10,1224,25
14150,2362,1293,4,4,3,460,58
14151,2362,1293,1,10,8,1030,3
14152,2362,1293,7,8,11,1320,41
14153,2363,1293,1,6,5,672,7
14154,2363,1293,2,8,9,1168,50
14155,2363,1293,7,7,7,896,19
14156,2363,1293,7,3,3,426,44
14157,2363,1293,6,7,6,749,60
14158,2363,1293,1,10,11,1410,60
14159,2363,1293,6,7,5,609,56
14160,2363,1293,2,18,18,2250,66
14161,2364,1293,2,13,17,2067,9
14162,2364,1293,2,18,22,2736,63
14163,2364,1293,1,1,1,161,32
14164,2364,1293,7,17,17,2057,68
14165,2364,1293,10,9,12,1485,40
14166,2364,1293,6,5,6,760,68
14167,2365,1293,3,4,5,636,2
14168,2365,1293,3,1,1,120,26
14169,2365,1293,1,12,17,2136,23
14170,2365,1293,2,4,2,340,32
14171,2365,1293,10,20,26,3200,35
14172,2365,1293,1,17,18,2227,39
14173,2365,1293,10,4,3,364,24
14174,2365,1293,5,20,13,1660,5
14175,2366,1293,3,5,6,775,15
14176,2366,1293,10,3,4,519,6
14177,2366,1293,10,17,15,1819,21
14178,2366,1293,1,13,10,1313,21
14179,2366,1293,10,6,4,522,13
14180,2366,1293,1,3,4,537,4
14181,2366,1293,3,16,17,2128,20
14182,2366,1293,1,9,8,999,11
14183,2367,1293,8,3,3,471,20
14184,2367,1293,7,3,3,462,1
14185,2367,1293,6,8,6,816,32
14186,2367,1293,7,2,2,338,31
14187,2367,1293,8,5,5,615,29
14188,2367,1293,2,5,3,475,12
14189,2367,1293,2,2,1,210,20
14190,2367,1293,4,19,28,3363,4
14191,2368,1293,11,7,5,630,57
14192,2368,1293,1,3,4,522,8
14193,2368,1293,6,9,9,1170,27
14194,2368,1293,7,3,2,267,50
14195,2368,1293,7,15,10,1230,9
14196,2368,1293,5,16,19,2368,27
14197,2369,1293,2,10,10,1260,7
14198,2369,1293,1,4,3,432,4
14199,2369,1293,1,10,11,1360,1
14200,2369,1293,11,19,24,2926,16
14201,2369,1293,1,4,3,440,12
14202,2369,1293,6,1,1,123,9
14203,2370,1294,1,18,25,3006,50
14204,2370,1294,6,19,18,2166,25
14205,2370,1294,3,4,3,416,12
14206,2370,1294,2,11,9,1199,37
14207,2370,1294,5,1,1,179,60
14208,2370,1294,9,1,1,136,33
14209,2370,1294,7,12,16,1980,67
14210,2371,1294,1,5,4,500,29
14211,2371,1294,7,13,18,2171,1
14212,2371,1294,1,18,12,1548,28
14213,2371,1294,7,16,12,1536,22
14214,2371,1294,1,19,16,1976,49
14215,2371,1294,7,10,9,1120,18
14216,2372,1294,1,15,17,2130,10
14217,2372,1294,6,3,4,519,27
14218,2372,1294,1,18,15,1872,1
14219,2372,1294,3,9,8,1053,7
14220,2372,1294,9,16,12,1488,1
14221,2372,1294,6,17,15,1904,6
14222,2372,1294,2,12,11,1368,6
14223,2372,1294,8,15,13,1650,11
14224,2373,1294,1,10,12,1460,27
14225,2373,1294,5,17,23,2771,42
14226,2373,1294,7,7,5,707,11
14227,2373,1294,10,8,8,984,2
14228,2373,1294,1,6,6,822,29
14229,2373,1294,2,13,17,2093,38
14230,2373,1294,1,8,9,1168,17
14231,2374,1294,10,11,13,1617,29
14232,2374,1294,4,16,23,2768,11
14233,2374,1294,1,6,9,1080,3
14234,2374,1294,10,6,8,1032,2
14235,2374,1294,1,10,6,810,21
14236,2374,1294,1,9,7,873,2
14237,2374,1294,1,18,21,2538,21
14238,2375,1294,10,7,7,875,5
14239,2375,1294,8,5,3,460,41
14240,2375,1294,6,14,12,1540,70
14241,2375,1294,1,13,14,1729,73
14242,2375,1294,2,7,7,924,44
14243,2375,1294,4,20,19,2360,79
14244,2376,1295,6,11,15,1848,15
14245,2376,1295,9,10,9,1170,41
14246,2376,1295,7,8,11,1352,21
14247,2376,1295,6,16,19,2288,25
14248,2376,1295,4,11,14,1694,40
14249,2376,1295,10,5,6,745,27
14250,2376,1295,1,18,22,2646,85
14251,2376,1295,3,13,14,1729,52
14252,2377,1295,8,2,2,314,6
14253,2377,1295,1,9,12,1557,8
14254,2377,1295,2,6,5,702,39
14255,2377,1295,8,15,10,1200,23
14256,2377,1295,6,9,12,1485,37
14257,2378,1295,10,14,14,1778,21
14258,2378,1295,2,16,17,2080,12
14259,2378,1295,1,6,6,804,16
14260,2378,1295,6,9,11,1404,1
14261,2378,1295,3,8,8,992,4
14262,2378,1295,1,8,7,904,12
14263,2379,1295,2,20,20,2420,28
14264,2379,1295,10,4,4,488,35
14265,2379,1295,1,7,5,602,20
14266,2379,1295,4,2,2,246,28
14267,2379,1295,3,12,16,1980,28
14268,2380,1295,10,7,6,763,20
14269,2380,1295,2,10,10,1280,32
14270,2380,1295,8,13,16,2002,14
14271,2380,1295,4,5,5,635,11
14272,2380,1295,10,4,3,464,15
14273,2380,1295,10,7,10,1232,22
14274,2380,1295,6,6,7,948,4
14275,2380,1295,5,8,6,720,6
14276,2381,1295,3,9,8,1017,58
14277,2381,1295,5,14,17,2058,58
14278,2381,1295,1,1,1,138,9
14279,2381,1295,5,4,4,524,33
14280,2381,1295,2,4,5,656,19
14281,2381,1295,3,20,23,2860,11
14282,2381,1295,4,15,20,2505,8
14283,2381,1295,7,11,9,1199,60
14284,2382,1296,1,3,3,462,10
14285,2382,1296,7,20,24,2960,11
14286,2382,1296,6,4,3,380,16
14287,2382,1296,2,13,9,1170,10
14288,2382,1296,1,15,14,1785,1
14289,2382,1296,2,3,2,303,6
14290,2383,1296,6,7,9,1141,30
14291,2383,1296,1,4,2,344,48
14292,2383,1296,2,15,20,2505,18
14293,2383,1296,2,3,3,453,37
14294,2383,1296,11,2,1,166,20
14295,2383,1296,6,19,16,1938,17
14296,2383,1296,3,4,3,396,35
14297,2383,1296,6,9,12,1485,42
14298,2384,1296,10,13,19,2327,30
14299,2384,1296,1,11,7,946,66
14300,2384,1296,1,18,20,2430,56
14301,2384,1296,3,2,1,228,87
14302,2384,1296,8,19,19,2375,88
14303,2384,1296,3,1,1,107,42
14304,2384,1296,2,2,2,258,35
14305,2385,1296,10,19,22,2736,36
14306,2385,1296,8,17,20,2414,51
14307,2385,1296,10,3,3,444,54
14308,2385,1296,2,17,23,2856,37
14309,2385,1296,1,6,4,540,20
14310,2386,1296,1,20,27,3240,14
14311,2386,1296,7,2,2,340,26
14312,2386,1296,1,5,4,540,22
14313,2386,1296,1,9,12,1539,51
14314,2386,1296,1,3,2,282,16
14315,2386,1296,10,17,20,2516,31
14316,2386,1296,1,11,12,1540,7
14317,2387,1296,4,16,23,2768,48
14318,2387,1296,10,17,20,2431,6
14319,2387,1296,7,2,2,304,56
14320,2387,1296,2,4,3,456,49
14321,2387,1296,6,9,10,1305,32
14322,2387,1296,11,17,22,2720,46
14323,2387,1296,3,2,1,190,56
14324,2387,1296,8,17,17,2091,53
14325,2388,1296,2,5,4,595,58
14326,2388,1296,7,7,9,1106,27
14327,2388,1296,1,13,9,1157,27
14328,2388,1296,1,1,1,111,70
14329,2388,1296,10,13,10,1222,48
14330,2388,1296,7,10,8,960,25
14331,2388,1296,10,18,15,1890,58
14332,2388,1296,7,1,1,166,28
14333,2389,1296,5,11,13,1628,18
14334,2389,1296,1,10,10,1310,4
14335,2389,1296,6,2,1,224,14
14336,2389,1296,2,11,11,1408,11
14337,2390,1297,7,7,7,910,13
14338,2390,1297,11,18,24,2970,8
14339,2390,1297,1,20,16,1960,43
14340,2390,1297,8,6,5,636,4
14341,2390,1297,10,6,4,552,4
14342,2390,1297,2,20,29,3500,37
14343,2390,1297,5,6,4,498,20
14344,2391,1297,10,7,8,1001,6
14345,2391,1297,10,3,2,306,30
14346,2391,1297,1,15,21,2535,73
14347,2391,1297,8,7,10,1218,64
14348,2391,1297,6,12,15,1872,1
14349,2391,1297,1,20,16,1920,76
14350,2391,1297,9,20,16,1920,80
14351,2391,1297,1,1,1,88,30
14352,2392,1297,2,16,15,1824,1
14353,2392,1297,6,11,7,946,61
14354,2392,1297,7,20,26,3220,11
14355,2392,1297,10,3,2,324,20
14356,2392,1297,5,7,7,924,55
14357,2392,1297,7,20,18,2200,70
14358,2393,1297,2,8,10,1200,1
14359,2393,1297,6,7,6,777,13
14360,2393,1297,9,14,20,2450,30
14361,2393,1297,7,7,9,1183,26
14362,2393,1297,1,2,1,232,32
14363,2393,1297,6,3,3,471,19
14364,2393,1297,10,14,10,1274,21
14365,2393,1297,5,17,13,1598,5
14366,2394,1297,6,5,6,770,24
14367,2394,1297,1,8,5,704,63
14368,2394,1297,7,19,27,3249,44
14369,2394,1297,7,17,21,2618,27
14370,2394,1297,6,5,3,425,9
14371,2394,1297,10,2,2,334,10
14372,2394,1297,10,16,13,1600,30
14373,2394,1297,1,5,6,815,64
14374,2395,1297,8,3,3,477,40
14375,2395,1297,2,1,1,145,69
14376,2395,1297,1,9,8,1008,20
14377,2395,1297,2,16,15,1872,18
14378,2395,1297,2,10,7,910,64
14379,2396,1297,3,16,11,1360,10
14380,2396,1297,1,5,6,720,43
14381,2396,1297,6,3,2,261,39
14382,2396,1297,1,15,11,1320,39
14383,2396,1297,10,1,1,117,42
14384,2396,1297,2,19,21,2584,50
14385,2397,1297,10,1,1,165,10
14386,2397,1297,11,10,8,980,23
14387,2397,1297,1,20,27,3340,25
14388,2397,1297,1,2,2,256,11
14389,2397,1297,3,18,17,2106,19
14390,2397,1297,10,18,20,2502,30
14391,2398,1297,6,3,4,504,61
14392,2398,1297,10,18,20,2448,24
14393,2398,1297,5,14,11,1344,3
14394,2398,1297,2,19,22,2717,47
14395,2398,1297,8,18,24,2880,12
14396,2398,1297,1,3,4,504,40
14397,2398,1297,1,1,1,147,20
14398,2398,1297,2,19,25,3059,23
14399,2399,1298,1,14,17,2114,21
14400,2399,1298,10,11,8,1045,41
14401,2399,1298,10,17,20,2465,4
14402,2399,1298,11,10,13,1570,54
14403,2400,1298,3,1,1,127,2
14404,2400,1298,4,19,27,3306,11
14405,2400,1298,6,3,3,420,1
14406,2400,1298,10,5,3,430,10
14407,2400,1298,3,1,1,147,15
14408,2400,1298,5,15,15,1830,5
14409,2401,1298,10,17,15,1904,19
14410,2401,1298,1,8,11,1328,13
14411,2401,1298,2,2,1,204,5
14412,2401,1298,1,16,23,2800,31
14413,2401,1298,1,5,4,550,14
14414,2402,1298,2,1,1,135,23
14415,2402,1298,3,3,4,522,48
14416,2402,1298,3,2,2,290,68
14417,2402,1298,1,17,18,2210,5
14418,2402,1298,2,13,9,1196,40
14419,2403,1298,8,10,12,1540,8
14420,2403,1298,7,17,21,2601,10
14421,2403,1298,9,12,16,1980,21
14422,2403,1298,3,10,13,1630,27
14423,2403,1298,6,8,7,840,15
14424,2404,1298,10,2,2,330,43
14425,2404,1298,9,11,13,1650,6
14426,2404,1298,4,12,16,1968,33
14427,2404,1298,11,8,8,984,1
14428,2404,1298,10,14,11,1344,39
14429,2405,1298,7,20,26,3120,18
14430,2405,1298,6,19,25,3097,55
14431,2405,1298,7,8,9,1088,60
14432,2405,1298,1,7,5,616,12
14433,2406,1299,2,12,12,1476,26
14434,2406,1299,8,11,15,1804,4
14435,2406,1299,10,5,3,405,41
14436,2406,1299,5,12,10,1248,35
14437,2406,1299,7,16,22,2656,37
14438,2406,1299,10,5,5,685,39
14439,2406,1299,2,7,6,721,18
14440,2406,1299,3,3,3,447,13
14441,2407,1299,2,4,5,640,11
14442,2407,1299,1,9,6,765,47
14443,2407,1299,3,17,15,1836,18
14444,2407,1299,1,15,17,2040,51
14445,2408,1299,1,1,1,151,29
14446,2408,1299,8,15,13,1650,40
14447,2408,1299,9,19,21,2565,26
14448,2408,1299,1,12,12,1512,29
14449,2409,1299,10,11,9,1155,7
14450,2409,1299,4,11,8,1056,35
14451,2409,1299,2,6,8,984,11
14452,2409,1299,2,1,1,162,43
14453,2409,1299,1,5,5,600,37
14454,2409,1299,1,11,13,1639,6
14455,2409,1299,5,11,7,924,41
14456,2410,1299,3,9,6,729,34
14457,2410,1299,6,12,16,1944,32
14458,2410,1299,11,17,24,2924,17
14459,2410,1299,10,8,8,992,6
14460,2410,1299,6,2,2,340,11
14461,2410,1299,8,10,8,1030,8
14462,2410,1299,6,19,15,1843,35
14463,2410,1299,7,10,7,890,25
14464,2411,1299,10,16,18,2224,42
14465,2411,1299,6,6,7,852,42
14466,2411,1299,6,20,30,3600,13
14467,2411,1299,6,5,3,400,23
14468,2411,1299,2,3,3,378,42
14469,2411,1299,3,9,9,1125,13
14470,2412,1299,1,20,19,2280,36
14471,2412,1299,1,19,23,2869,33
14472,2412,1299,9,13,15,1898,31
14473,2412,1299,2,8,7,880,44
14474,2412,1299,4,7,5,658,17
14475,2412,1299,6,1,1,98,39
14476,2413,1299,5,1,1,108,39
14477,2413,1299,1,4,5,648,20
14478,2413,1299,1,12,12,1524,37
14479,2413,1299,3,14,11,1414,5
14480,2414,1299,4,10,9,1090,8
14481,2414,1299,2,10,9,1130,62
14482,2414,1299,11,12,8,984,66
14483,2414,1299,1,8,10,1200,19
14484,2414,1299,5,18,22,2718,13
14485,2414,1299,10,3,2,327,59
14486,2415,1299,6,18,26,3204,1
14487,2415,1299,4,5,5,710,4
14488,2415,1299,2,8,8,992,11
14489,2415,1299,2,18,17,2142,14
14490,2415,1299,8,14,12,1498,25
14491,2415,1299,10,18,20,2448,6
14492,2416,1300,2,5,7,880,9
14493,2416,1300,3,10,13,1580,17
14494,2416,1300,2,5,5,705,19
14495,2416,1300,1,13,13,1625,22
14496,2416,1300,5,20,17,2060,17
14497,2416,1300,2,2,1,202,16
14498,2416,1300,7,8,6,760,2
14499,2416,1300,4,17,17,2125,18
14500,2417,1300,8,3,2,336,31
14501,2417,1300,6,17,24,2890,23
14502,2417,1300,3,16,21,2576,35
14503,2417,1300,10,2,2,310,74
14504,2418,1300,5,3,4,516,13
14505,2418,1300,9,5,4,585,49
14506,2418,1300,1,5,3,445,47
14507,2418,1300,2,14,10,1288,15
14508,2419,1300,1,8,9,1120,4
14509,2419,1300,1,11,11,1331,23
14510,2419,1300,7,13,11,1352,19
14511,2419,1300,6,4,3,452,8
14512,2419,1300,10,12,13,1668,30
14513,2419,1300,6,18,13,1566,48
14514,2419,1300,3,9,11,1368,9
14515,2420,1300,3,5,6,740,24
14516,2420,1300,7,9,6,837,38
14517,2420,1300,1,6,8,1068,29
14518,2420,1300,2,15,14,1725,24
14519,2420,1300,3,19,25,3097,39
14520,2420,1300,1,12,8,984,32
14521,2420,1300,3,7,6,763,31
14522,2421,1300,10,7,7,889,15
14523,2421,1300,4,6,4,552,19
14524,2421,1300,3,2,2,286,4
14525,2421,1300,6,2,2,314,22
14526,2421,1300,5,1,1,112,11
14527,2421,1300,8,18,19,2340,14
14528,2422,1301,3,11,13,1573,10
14529,2422,1301,3,10,13,1570,7
14530,2422,1301,3,16,14,1744,11
14531,2422,1301,10,4,4,524,1
14532,2422,1301,5,10,7,850,6
14533,2423,1301,8,1,1,159,28
14534,2423,1301,7,19,16,2014,35
14535,2423,1301,10,20,28,3360,51
14536,2423,1301,2,20,17,2100,47
14537,2423,1301,1,11,11,1419,21
14538,2423,1301,8,11,10,1287,20
14539,2423,1301,7,14,11,1358,53
14540,2424,1301,6,6,6,792,24
14541,2424,1301,3,3,2,318,14
14542,2424,1301,1,3,3,396,13
14543,2424,1301,3,6,4,588,4
14544,2424,1301,7,15,20,2445,25
14545,2424,1301,10,12,15,1860,9
14546,2424,1301,8,10,9,1130,16
14547,2424,1301,3,6,4,498,25
14548,2425,1301,11,15,21,2595,51
14549,2425,1301,2,15,19,2340,7
14550,2425,1301,7,5,5,690,26
14551,2425,1301,1,9,8,999,37
14552,2425,1301,3,2,2,352,26
14553,2426,1301,6,6,5,636,7
14554,2426,1301,6,18,23,2772,3
14555,2426,1301,3,16,23,2816,7
14556,2426,1301,6,12,13,1596,8
14557,2426,1301,6,3,2,279,17
14558,2426,1301,11,18,26,3168,4
14559,2426,1301,7,5,5,645,19
14560,2427,1301,2,4,2,344,46
14561,2427,1301,10,20,23,2780,28
14562,2427,1301,2,14,17,2044,44
14563,2427,1301,8,1,1,84,38
14564,2427,1301,3,9,10,1242,76
14565,2428,1301,8,4,4,516,53
14566,2428,1301,10,20,14,1700,70
14567,2428,1301,3,5,6,760,51
14568,2428,1301,5,13,11,1417,83
14569,2428,1301,8,14,20,2422,63
14570,2428,1301,3,14,12,1526,80
14571,2428,1301,2,8,8,1016,17
14572,2429,1302,8,15,15,1890,48
14573,2429,1302,1,1,1,163,36
14574,2429,1302,1,7,8,1015,30
14575,2429,1302,8,19,13,1634,13
14576,2430,1302,8,5,3,400,61
14577,2430,1302,6,16,18,2256,65
14578,2430,1302,7,18,25,3006,52
14579,2430,1302,1,17,14,1734,48
14580,2430,1302,3,3,3,399,55
14581,2431,1302,6,5,6,755,1
14582,2431,1302,1,6,8,996,10
14583,2431,1302,2,13,14,1755,3
14584,2431,1302,11,14,14,1694,3
14585,2431,1302,3,12,15,1812,14
14586,2431,1302,3,6,6,786,12
14587,2431,1302,11,2,1,236,7
14588,2431,1302,5,17,14,1785,7
14589,2432,1302,11,17,16,1921,4
14590,2432,1302,6,4,3,412,51
14591,2432,1302,10,3,3,414,52
14592,2432,1302,7,19,23,2869,47
14593,2432,1302,3,10,8,1010,57
14594,2433,1302,11,2,2,332,44
14595,2433,1302,6,15,10,1245,47
14596,2433,1302,8,11,10,1298,30
14597,2433,1302,1,20,16,1940,28
14598,2433,1302,2,13,18,2184,21
14599,2433,1302,8,19,20,2508,30
14600,2433,1302,7,9,10,1260,8
14601,2433,1302,4,3,4,507,28
14602,2434,1302,2,4,5,688,6
14603,2434,1302,1,3,3,411,73
14604,2434,1302,3,13,13,1677,6
14605,2434,1302,1,6,4,486,4
14606,2434,1302,6,8,11,1344,56
14607,2434,1302,2,5,4,535,66
14608,2434,1302,1,8,8,984,41
14609,2435,1302,2,6,5,678,22
14610,2435,1302,6,13,11,1339,7
14611,2435,1302,1,1,1,101,24
14612,2435,1302,2,1,1,153,17
14613,2435,1302,1,7,8,1064,26
14614,2435,1302,2,12,10,1200,22
14615,2435,1302,6,4,4,544,25
14616,2435,1302,2,20,25,3020,15
14617,2436,1302,1,20,27,3260,12
14618,2436,1302,3,17,22,2686,52
14619,2436,1302,3,16,13,1584,4
14620,2436,1302,11,7,9,1197,7
14621,2436,1302,2,7,4,567,26
14622,2436,1302,1,8,6,816,33
14623,2437,1302,6,15,10,1275,39
14624,2437,1302,6,1,1,133,39
14625,2437,1302,6,18,14,1692,36
14626,2437,1302,5,8,12,1440,54
14627,2437,1302,3,2,1,226,20
14628,2437,1302,6,16,12,1472,43
14629,2437,1302,1,14,13,1568,28
14630,2437,1302,5,20,14,1720,57
14631,2438,1303,4,18,12,1494,25
14632,2438,1303,6,5,6,810,59
14633,2438,1303,8,16,21,2544,5
14634,2438,1303,2,18,26,3150,64
14635,2438,1303,2,17,23,2856,80
14636,2438,1303,2,9,7,927,74
14637,2438,1303,3,2,1,218,73
14638,2439,1303,1,17,11,1360,4
14639,2439,1303,2,3,2,336,25
14640,2439,1303,1,14,20,2422,40
14641,2439,1303,6,4,6,720,2
14642,2439,1303,9,5,4,530,19
14643,2439,1303,10,2,2,338,71
14644,2439,1303,11,12,14,1788,49
14645,2440,1303,5,17,12,1496,15
14646,2440,1303,2,6,4,546,5
14647,2440,1303,10,15,20,2430,19
14648,2440,1303,3,11,13,1562,15
14649,2440,1303,1,11,8,990,17
14650,2440,1303,1,14,10,1232,30
14651,2441,1303,2,5,3,470,38
14652,2441,1303,3,5,4,560,31
14653,2441,1303,8,13,10,1222,30
14654,2441,1303,2,8,8,968,14
14655,2441,1303,7,2,2,356,22
14656,2442,1303,1,15,12,1485,63
14657,2442,1303,1,2,2,260,63
14658,2442,1303,8,9,7,846,30
14659,2442,1303,11,6,6,774,25
14660,2442,1303,7,1,1,165,14
14661,2442,1303,8,11,7,957,17
14662,2443,1303,6,5,3,445,29
14663,2443,1303,1,15,10,1245,33
14664,2443,1303,6,2,1,214,66
14665,2443,1303,3,1,1,143,22
14666,2444,1303,3,17,19,2346,13
14667,2444,1303,8,11,8,1045,9
14668,2444,1303,6,4,5,632,29
14669,2444,1303,6,5,6,740,47
14670,2445,1303,4,8,6,760,25
14671,2445,1303,10,2,2,324,10
14672,2445,1303,3,14,12,1470,47
14673,2445,1303,7,18,20,2448,53
14674,2445,1303,3,12,17,2064,26
14675,2445,1303,11,4,3,388,34
14676,2445,1303,9,14,18,2198,54
14677,2446,1303,10,4,2,336,45
14678,2446,1303,9,11,9,1177,6
14679,2446,1303,3,4,4,488,25
14680,2446,1303,8,16,22,2736,36
14681,2446,1303,6,20,22,2720,49
14682,2447,1304,12,5,6,785,10
14683,2447,1304,6,17,12,1496,1
14684,2447,1304,2,7,8,1050,41
14685,2447,1304,6,6,5,672,29
14686,2448,1304,2,12,8,1020,65
14687,2448,1304,2,9,11,1341,43
14688,2448,1304,6,2,2,258,7
14689,2448,1304,2,19,28,3420,61
14690,2448,1304,4,18,23,2826,37
14691,2448,1304,6,18,17,2124,36
14692,2449,1304,1,13,16,2002,13
14693,2449,1304,10,19,25,3059,6
14694,2449,1304,6,2,2,248,11
14695,2449,1304,6,4,5,608,9
14696,2450,1304,8,16,18,2224,16
14697,2450,1304,1,18,21,2592,3
14698,2450,1304,2,1,1,100,8
14699,2450,1304,1,13,15,1807,15
14700,2451,1304,4,5,5,625,15
14701,2451,1304,5,4,5,680,50
14702,2451,1304,1,15,19,2325,41
14703,2451,1304,1,8,6,784,24
14704,2451,1304,1,8,6,776,45
14705,2451,1304,2,18,21,2610,51
14706,2451,1304,2,1,1,118,49
14707,2451,1304,1,6,7,852,18
14708,2452,1304,6,4,3,364,21
14709,2452,1304,2,9,8,1071,23
14710,2452,1304,1,10,14,1760,27
14711,2452,1304,7,1,1,166,5
14712,2452,1304,2,18,13,1638,1
14713,2453,1305,6,16,14,1744,1
14714,2453,1305,10,11,8,1012,46
14715,2453,1305,2,13,8,1053,29
14716,2453,1305,1,16,13,1632,4
14717,2453,1305,2,8,10,1288,12
14718,2453,1305,10,10,6,810,19
14719,2453,1305,2,1,1,93,11
14720,2454,1305,11,7,9,1141,40
14721,2454,1305,1,3,2,345,44
14722,2454,1305,2,2,1,180,21
14723,2454,1305,6,9,8,990,11
14724,2454,1305,10,17,19,2295,69
14725,2454,1305,10,14,16,1932,57
14726,2455,1305,10,17,25,3026,26
14727,2455,1305,2,7,10,1239,20
14728,2455,1305,1,10,12,1460,13
14729,2455,1305,3,12,10,1248,11
14730,2455,1305,10,19,25,3116,1
14731,2455,1305,6,16,11,1344,9
14732,2455,1305,7,13,10,1222,61
14733,2456,1305,3,8,10,1272,5
14734,2456,1305,2,13,15,1807,18
14735,2456,1305,8,3,2,357,13
14736,2456,1305,2,11,16,1958,1
14737,2456,1305,4,17,24,2941,6
14738,2457,1305,6,19,21,2565,20
14739,2457,1305,11,15,20,2490,32
14740,2457,1305,1,5,4,555,32
14741,2457,1305,1,19,27,3249,11
14742,2457,1305,6,3,2,333,15
14743,2458,1305,1,13,18,2171,40
14744,2458,1305,6,13,8,1066,23
14745,2458,1305,3,5,5,685,17
14746,2458,1305,10,1,1,126,47
14747,2458,1305,7,20,20,2500,43
14748,2458,1305,5,13,9,1170,28
14749,2458,1305,7,4,3,420,18
14750,2459,1305,1,11,13,1661,7
14751,2459,1305,1,13,10,1313,11
14752,2459,1305,6,9,10,1260,56
14753,2459,1305,1,10,7,870,39
14754,2460,1305,1,14,14,1680,25
14755,2460,1305,1,3,3,390,4
14756,2460,1305,2,10,9,1110,2
14757,2460,1305,10,1,1,136,11
14758,2460,1305,2,13,13,1677,45
14759,2460,1305,1,12,17,2148,46
14760,2461,1305,7,17,15,1802,15
14761,2461,1305,2,13,13,1664,24
14762,2461,1305,6,8,9,1144,16
14763,2461,1305,7,6,5,714,24
14764,2461,1305,1,9,7,909,16
14765,2461,1305,4,3,2,306,18
14766,2461,1305,6,14,20,2492,4
14767,2461,1305,1,17,13,1666,14
14768,2462,1306,6,18,20,2502,29
14769,2462,1306,6,20,19,2320,43
14770,2462,1306,12,17,12,1513,38
14771,2462,1306,2,2,2,264,46
14772,2462,1306,5,6,6,828,23
14773,2462,1306,3,3,4,516,1
14774,2462,1306,2,2,2,302,28
14775,2462,1306,3,7,5,686,21
14776,2463,1306,11,17,12,1513,4
14777,2463,1306,2,6,5,690,59
14778,2463,1306,1,13,13,1612,51
14779,2463,1306,6,18,26,3132,54
14780,2463,1306,10,3,2,309,4
14781,2463,1306,2,4,4,500,17
14782,2463,1306,4,16,19,2304,54
14783,2463,1306,10,10,11,1390,62
14784,2464,1306,2,5,3,410,29
14785,2464,1306,7,8,6,832,13
14786,2464,1306,1,1,1,131,12
14787,2464,1306,7,18,13,1602,7
14788,2464,1306,8,18,23,2790,11
14789,2464,1306,10,5,4,525,11
14790,2464,1306,2,8,8,1008,21
14791,2464,1306,10,6,7,930,1
14792,2465,1306,8,8,11,1360,36
14793,2465,1306,2,20,21,2520,9
14794,2465,1306,2,2,2,246,55
14795,2465,1306,1,9,9,1080,51
14796,2465,1306,1,1,1,173,26
14797,2465,1306,6,14,9,1134,24
14798,2465,1306,5,2,2,308,21
14799,2465,1306,5,9,8,963,38
14800,2466,1306,12,17,15,1887,21
14801,2466,1306,1,12,14,1704,8
14802,2466,1306,1,4,4,528,70
14803,2466,1306,7,13,17,2145,6
14804,2466,1306,1,18,23,2826,24
14805,2466,1306,5,3,2,336,79
14806,2467,1306,10,19,25,3116,13
14807,2467,1306,9,16,20,2400,15
14808,2467,1306,11,12,11,1356,25
14809,2467,1306,11,3,4,522,9
14810,2467,1306,2,18,16,1944,29
14811,2467,1306,10,13,19,2301,40
14812,2467,1306,2,7,6,812,60
14813,2468,1307,6,14,16,1946,18
14814,2468,1307,7,9,9,1107,13
14815,2468,1307,3,3,2,279,11
14816,2468,1307,10,13,16,1963,21
14817,2468,1307,1,14,9,1120,20
14818,2468,1307,11,10,13,1650,2
14819,2469,1307,10,14,9,1162,10
14820,2469,1307,3,18,15,1800,49
14821,2469,1307,10,10,14,1750,61
14822,2469,1307,2,15,14,1755,70
14823,2469,1307,7,5,5,690,64
14824,2469,1307,7,5,5,715,26
14825,2469,1307,1,19,25,3002,55
14826,2470,1307,9,5,3,465,61
14827,2470,1307,2,12,16,1956,51
14828,2470,1307,2,19,26,3192,70
14829,2470,1307,5,7,8,1050,55
14830,2470,1307,5,10,9,1080,89
14831,2470,1307,5,13,15,1898,36
14832,2470,1307,1,10,10,1270,60
14833,2471,1307,10,15,13,1575,71
14834,2471,1307,10,11,14,1771,55
14835,2471,1307,7,19,24,2964,61
14836,2471,1307,6,17,12,1530,45
14837,2471,1307,10,3,2,312,84
14838,2471,1307,1,8,6,800,62
14839,2472,1307,10,13,18,2223,37
14840,2472,1307,8,16,14,1696,58
14841,2472,1307,3,15,20,2505,50
14842,2472,1307,2,14,13,1638,64
14843,2472,1307,1,3,4,498,62
14844,2472,1307,2,8,7,912,5
14845,2472,1307,6,4,5,644,57
14846,2472,1307,8,12,9,1128,12
14847,2473,1307,11,10,9,1150,8
14848,2473,1307,3,5,3,475,5
14849,2473,1307,6,13,19,2340,24
14850,2473,1307,3,14,18,2226,54
14851,2473,1307,10,6,8,1068,59
14852,2473,1307,8,17,23,2873,31
14853,2473,1307,1,6,6,768,27
14854,2474,1307,3,17,14,1734,20
14855,2474,1307,1,19,22,2736,5
14856,2474,1307,7,2,1,170,28
14857,2474,1307,3,20,22,2740,11
14858,2474,1307,3,4,4,508,28
14859,2474,1307,6,10,14,1720,30
14860,2474,1307,8,1,1,89,11
14861,2474,1307,6,18,16,1926,38
14862,2475,1307,2,13,12,1495,25
14863,2475,1307,1,4,4,496,3
14864,2475,1307,1,13,13,1612,11
14865,2475,1307,5,7,5,602,3
14866,2475,1307,2,12,14,1680,45
14867,2475,1307,6,13,16,1924,22
14868,2476,1308,10,2,1,164,25
14869,2476,1308,10,12,17,2064,31
14870,2476,1308,6,10,13,1620,8
14871,2476,1308,2,5,6,805,4
14872,2476,1308,1,1,1,106,19
14873,2477,1308,12,18,20,2502,14
14874,2477,1308,10,3,3,429,1
14875,2477,1308,2,14,15,1862,9
14876,2477,1308,12,1,1,164,13
14877,2477,1308,7,18,14,1710,13
14878,2477,1308,4,13,10,1274,2
14879,2477,1308,1,14,16,1974,2
14880,2478,1308,2,11,13,1584,15
14881,2478,1308,11,13,13,1638,39
14882,2478,1308,6,1,1,175,44
14883,2478,1308,6,4,4,528,43
14884,2478,1308,3,18,25,3006,7
14885,2478,1308,9,14,15,1848,45
14886,2479,1308,5,3,4,501,2
14887,2479,1308,1,8,5,656,24
14888,2479,1308,1,19,20,2432,16
14889,2479,1308,6,9,10,1278,36
14890,2480,1308,1,9,9,1170,1
14891,2480,1308,7,18,14,1764,17
14892,2480,1308,7,10,6,810,48
14893,2480,1308,3,10,8,1060,20
14894,2480,1308,2,4,5,660,30
14895,2480,1308,9,13,14,1742,25
14896,2480,1308,1,20,21,2600,12
14897,2480,1308,1,6,5,660,38
14898,2481,1308,1,19,22,2679,25
14899,2481,1308,1,7,5,679,7
14900,2481,1308,3,17,24,2890,1
14901,2481,1308,11,15,12,1485,25
14902,2481,1308,6,2,2,336,22
14903,2481,1308,6,4,5,636,15
14904,2482,1308,10,2,2,314,3
14905,2482,1308,2,17,12,1547,51
14906,2482,1308,6,16,13,1648,77
14907,2482,1308,10,20,18,2220,2
14908,2482,1308,2,2,1,182,72
14909,2483,1308,1,8,6,752,11
14910,2483,1308,7,15,16,1950,45
14911,2483,1308,10,16,13,1648,24
14912,2483,1308,2,6,7,870,50
14913,2483,1308,10,1,1,169,32
14914,2483,1308,11,17,16,2023,16
14915,2484,1308,2,19,24,2983,21
14916,2484,1308,7,6,5,618,9
14917,2484,1308,6,9,8,1008,26
14918,2484,1308,10,1,1,171,24
14919,2484,1308,3,3,3,372,19
14920,2484,1308,6,5,4,485,2
14921,2484,1308,10,16,17,2064,23
14922,2484,1308,6,18,19,2322,3
14923,2485,1308,1,11,15,1848,38
14924,2485,1308,1,8,6,816,5
14925,2485,1308,8,16,13,1616,18
14926,2485,1308,2,2,2,358,23
14927,2485,1308,1,6,4,522,34
14928,2485,1308,6,18,19,2376,8
14929,2485,1308,8,15,18,2175,1
14930,2485,1308,5,4,3,420,22
14931,2486,1309,1,9,7,891,4
14932,2486,1309,10,12,13,1668,4
14933,2486,1309,7,14,14,1764,37
14934,2486,1309,7,19,16,1957,21
14935,2486,1309,3,16,23,2768,12
14936,2487,1309,1,1,1,169,34
14937,2487,1309,7,19,27,3325,69
14938,2487,1309,7,3,2,264,57
14939,2487,1309,1,3,4,489,30
14940,2487,1309,3,6,8,1014,56
14941,2487,1309,7,13,15,1846,12
14942,2487,1309,2,16,13,1648,64
14943,2487,1309,1,5,7,865,38
14944,2488,1309,1,1,1,148,7
14945,2488,1309,1,7,6,721,1
14946,2488,1309,7,19,14,1729,10
14947,2488,1309,7,4,5,612,8
14948,2488,1309,5,9,6,792,11
14949,2488,1309,8,8,6,728,3
14950,2488,1309,7,17,22,2652,6
14951,2489,1309,1,19,22,2641,5
14952,2489,1309,5,17,19,2380,6
14953,2489,1309,5,15,11,1335,7
14954,2489,1309,10,2,1,236,5
14955,2489,1309,10,17,19,2380,13
14956,2490,1309,1,16,22,2656,15
14957,2490,1309,6,10,8,1000,15
14958,2490,1309,10,2,2,314,15
14959,2490,1309,5,12,9,1188,12
14960,2490,1309,2,19,25,3021,3
14961,2490,1309,1,17,17,2057,10
14962,2490,1309,10,8,6,760,15
14963,2490,1309,6,9,8,1008,11
14964,2491,1309,2,6,8,990,8
14965,2491,1309,1,9,6,765,6
14966,2491,1309,2,18,24,2934,17
14967,2491,1309,11,11,8,968,1
14968,2491,1309,5,20,16,1980,21
14969,2491,1309,8,15,11,1380,1
14970,2492,1309,2,11,10,1221,11
14971,2492,1309,2,20,22,2700,37
14972,2492,1309,6,13,18,2197,2
14973,2492,1309,5,15,20,2505,18
14974,2492,1309,9,11,10,1232,64
14975,2492,1309,10,16,16,1952,31
14976,2492,1309,10,18,14,1710,58
14977,2493,1310,1,16,19,2352,6
14978,2493,1310,8,4,2,324,43
14979,2493,1310,10,14,11,1386,8
14980,2493,1310,11,17,21,2584,31
14981,2493,1310,2,10,11,1330,38
14982,2494,1310,5,3,4,507,23
14983,2494,1310,6,3,3,387,19
14984,2494,1310,6,20,13,1640,32
14985,2494,1310,1,9,8,1035,22
14986,2494,1310,1,13,12,1508,37
14987,2494,1310,10,8,11,1400,2
14988,2494,1310,2,14,10,1232,40
14989,2495,1310,8,10,8,1000,11
14990,2495,1310,1,14,16,1946,4
14991,2495,1310,6,2,2,256,23
14992,2495,1310,10,10,11,1420,7
14993,2495,1310,6,1,1,178,17
14994,2495,1310,3,7,7,861,18
14995,2496,1310,1,9,7,954,43
14996,2496,1310,6,12,9,1128,31
14997,2496,1310,1,3,4,513,53
14998,2496,1310,7,12,11,1368,26
14999,2496,1310,1,6,5,690,54
15000,2497,1310,1,20,23,2860,36
15001,2497,1310,4,7,9,1148,32
15002,2497,1310,8,16,18,2256,11
15003,2497,1310,7,10,9,1090,37
15004,2497,1310,12,4,4,576,33
15005,2497,1310,5,9,7,882,30
15006,2498,1310,7,14,14,1680,14
15007,2498,1310,2,12,12,1512,24
15008,2498,1310,1,20,16,2000,17
15009,2498,1310,2,7,6,798,16
15010,2498,1310,3,20,21,2620,10
15011,2498,1310,7,9,8,1071,1
15012,2498,1310,3,17,22,2652,19
15013,2499,1310,1,17,14,1768,26
15014,2499,1310,6,1,1,160,36
15015,2499,1310,1,4,5,648,43
15016,2499,1310,9,16,13,1632,8
15017,2499,1310,6,19,23,2831,47
15018,2499,1310,1,1,1,101,3
15019,2500,1310,6,11,12,1507,6
15020,2500,1310,6,18,20,2412,4
15021,2500,1310,3,2,1,178,18
15022,2500,1310,9,3,3,462,4
15023,2500,1310,10,8,11,1424,14
15024,2500,1310,6,2,2,336,14
15025,2500,1310,6,18,12,1512,12
15026,2501,1310,1,16,18,2272,8
15027,2501,1310,2,8,6,760,17
15028,2501,1310,8,10,12,1550,15
15029,2501,1310,9,3,3,387,8
15030,2501,1310,1,17,17,2040,12
15031,2501,1310,3,8,7,872,14
15032,2502,1311,2,3,3,429,11
15033,2502,1311,6,5,3,465,2
15034,2502,1311,10,6,7,888,10
15035,2502,1311,1,1,1,169,6
15036,2502,1311,1,5,5,690,2
15037,2503,1311,1,15,20,2400,14
15038,2503,1311,6,11,11,1408,5
15039,2503,1311,2,7,4,588,9
15040,2503,1311,3,15,16,1965,17
15041,2503,1311,5,9,7,945,9
15042,2503,1311,8,13,12,1495,11
15043,2503,1311,4,20,20,2420,9
15044,2503,1311,3,7,8,987,7
15045,2504,1311,2,1,1,114,30
15046,2504,1311,1,13,10,1287,16
15047,2504,1311,2,6,6,756,16
15048,2504,1311,7,2,1,190,9
15049,2505,1311,6,1,1,176,1
15050,2505,1311,1,5,6,775,45
15051,2505,1311,1,16,21,2624,65
15052,2505,1311,1,16,23,2768,38
15053,2506,1311,3,14,19,2282,16
15054,2506,1311,3,16,11,1344,41
15055,2506,1311,2,8,10,1288,43
15056,2506,1311,3,15,21,2550,24
15057,2506,1311,1,8,8,1016,16
15058,2506,1311,10,12,17,2088,17
15059,2507,1311,6,10,11,1380,26
15060,2507,1311,2,2,2,316,32
15061,2507,1311,2,19,12,1520,6
15062,2507,1311,6,13,10,1209,15
15063,2507,1311,2,4,4,508,7
15064,2508,1311,6,10,7,870,2
15065,2508,1311,2,17,22,2669,26
15066,2508,1311,3,14,9,1120,18
15067,2508,1311,2,19,20,2413,9
15068,2508,1311,6,20,20,2400,13
15069,2508,1311,7,19,22,2641,15
15070,2509,1311,1,10,6,820,3
15071,2509,1311,11,11,8,1067,12
15072,2509,1311,6,10,6,830,41
15073,2509,1311,1,1,1,141,28
15074,2510,1311,1,4,3,392,14
15075,2510,1311,3,6,4,510,76
15076,2510,1311,2,9,7,918,24
15077,2510,1311,1,5,4,590,11
15078,2510,1311,6,18,24,2934,47
15079,2510,1311,3,17,19,2380,28
15080,2511,1312,1,15,13,1620,21
15081,2511,1312,4,7,7,903,5
15082,2511,1312,4,15,14,1680,37
15083,2511,1312,4,19,19,2394,14
15084,2511,1312,7,12,10,1200,21
15085,2512,1312,2,20,25,3060,22
15086,2512,1312,1,9,6,837,19
15087,2512,1312,2,2,1,232,16
15088,2512,1312,5,5,4,580,16
15089,2512,1312,1,18,21,2610,19
15090,2512,1312,5,13,18,2249,3
15091,2513,1312,10,10,9,1180,48
15092,2513,1312,1,2,2,304,44
15093,2513,1312,2,7,6,777,32
15094,2513,1312,2,16,20,2448,44
15095,2514,1312,11,17,21,2533,1
15096,2514,1312,10,7,8,1071,11
15097,2514,1312,5,11,10,1254,12
15098,2514,1312,1,11,15,1870,22
15099,2514,1312,6,20,21,2580,12
15100,2514,1312,2,2,1,224,16
15101,2515,1312,5,13,16,1950,31
15102,2515,1312,10,2,2,250,13
15103,2515,1312,9,8,7,920,40
15104,2515,1312,12,6,6,828,47
15105,2515,1312,2,16,22,2656,7
15106,2515,1312,1,9,7,918,76
15107,2515,1312,2,8,10,1280,26
15108,2515,1312,3,8,8,1024,70
15109,2516,1312,10,4,2,332,18
15110,2516,1312,2,19,23,2774,3
15111,2516,1312,6,10,10,1290,2
15112,2516,1312,3,7,6,833,41
15113,2516,1312,6,1,1,159,28
15114,2517,1312,6,14,14,1792,7
15115,2517,1312,2,11,13,1573,58
15116,2517,1312,11,19,13,1615,34
15117,2517,1312,2,10,8,1040,54
15118,2517,1312,12,8,6,832,11
15119,2517,1312,6,7,5,623,20
15120,2518,1312,5,4,5,668,2
15121,2518,1312,1,16,18,2240,7
15122,2518,1312,10,18,12,1494,2
15123,2518,1312,10,16,24,2880,18
15124,2519,1313,6,18,26,3222,58
15125,2519,1313,10,14,15,1806,56
15126,2519,1313,4,17,16,2006,26
15127,2519,1313,9,3,3,405,42
15128,2519,1313,1,18,16,1926,29
15129,2519,1313,10,3,4,492,24
15130,2519,1313,4,10,13,1570,6
15131,2519,1313,1,9,6,774,47
15132,2520,1313,2,20,24,2920,39
15133,2520,1313,5,16,21,2624,16
15134,2520,1313,4,10,9,1110,38
15135,2520,1313,2,7,8,994,12
15136,2520,1313,11,17,11,1377,6
15137,2521,1313,5,19,20,2508,10
15138,2521,1313,10,2,1,212,12
15139,2521,1313,9,2,1,200,1
15140,2521,1313,1,20,16,1940,25
15141,2521,1313,6,13,9,1131,55
15142,2521,1313,1,8,9,1152,23
15143,2522,1313,1,4,5,640,35
15144,2522,1313,1,15,20,2490,60
15145,2522,1313,2,3,2,354,11
15146,2522,1313,2,14,11,1358,19
15147,2522,1313,2,14,16,2002,31
15148,2522,1313,7,1,1,112,41
15149,2523,1313,4,2,2,320,6
15150,2523,1313,6,13,12,1495,20
15151,2523,1313,1,11,15,1804,19
15152,2523,1313,3,17,21,2635,12
15153,2524,1313,2,16,16,1968,28
15154,2524,1313,1,16,23,2816,9
15155,2524,1313,1,8,9,1088,23
15156,2524,1313,12,14,14,1736,50
15157,2524,1313,2,7,8,1001,26
15158,2525,1313,5,3,3,477,4
15159,2525,1313,1,1,1,83,11
15160,2525,1313,2,1,1,89,9
15161,2525,1313,3,13,8,1079,25
15162,2525,1313,11,5,5,635,38
15163,2525,1313,2,16,19,2384,31
15164,2525,1313,2,4,3,368,9
15165,2525,1313,7,10,12,1440,19
15166,2526,1313,12,16,14,1792,25
15167,2526,1313,10,5,3,445,23
15168,2526,1313,6,2,2,328,24
15169,2526,1313,10,16,20,2416,24
15170,2526,1313,5,3,2,315,14
15171,2527,1313,6,17,16,1989,25
15172,2527,1313,6,17,22,2720,24
15173,2527,1313,10,20,27,3240,3
15174,2527,1313,6,13,11,1430,23
15175,2528,1313,2,10,10,1240,21
15176,2528,1313,10,12,8,960,19
15177,2528,1313,3,7,6,735,29
15178,2528,1313,1,17,19,2397,2
15179,2528,1313,2,17,14,1700,23
15180,2528,1313,2,6,7,930,18
15181,2528,1313,2,5,5,715,2
15182,2528,1313,2,15,20,2400,22
15183,2529,1314,10,10,10,1290,17
15184,2529,1314,3,19,21,2565,22
15185,2529,1314,5,8,6,736,6
15186,2529,1314,1,12,9,1152,54
15187,2529,1314,1,3,4,480,34
15188,2529,1314,1,19,19,2375,35
15189,2529,1314,5,6,5,630,28
15190,2530,1314,2,17,23,2788,71
15191,2530,1314,11,8,6,784,31
15192,2530,1314,10,4,2,356,32
15193,2530,1314,6,11,15,1870,22
15194,2530,1314,1,9,11,1377,37
15195,2530,1314,2,1,1,106,11
15196,2530,1314,3,18,24,2952,14
15197,2531,1314,9,9,10,1260,2
15198,2531,1314,10,7,5,609,17
15199,2531,1314,1,3,2,345,6
15200,2531,1314,10,15,15,1875,15
15201,2531,1314,11,11,15,1837,9
15202,2532,1314,12,15,22,2655,61
15203,2532,1314,2,7,4,560,5
15204,2532,1314,3,9,10,1296,30
15205,2532,1314,3,15,18,2205,6
15206,2533,1314,1,13,19,2340,23
15207,2533,1314,2,3,3,408,10
15208,2533,1314,8,13,12,1456,10
15209,2533,1314,1,7,7,945,4
15210,2533,1314,10,16,12,1456,20
15211,2533,1314,10,6,5,612,53
15212,2533,1314,6,20,28,3360,52
15213,2533,1314,2,7,5,644,37
15214,2534,1314,2,10,7,920,36
15215,2534,1314,6,11,10,1254,55
15216,2534,1314,1,17,17,2057,47
15217,2534,1314,2,1,1,165,43
15218,2534,1314,6,6,4,492,50
15219,2534,1314,11,15,22,2655,40
15220,2534,1314,3,4,5,676,40
15221,2535,1314,3,18,23,2790,14
15222,2535,1314,2,19,26,3211,3
15223,2535,1314,2,4,5,604,16
15224,2535,1314,1,17,19,2346,17
15225,2535,1314,7,11,12,1507,9
15226,2535,1314,6,4,4,536,16
15227,2535,1314,1,11,12,1485,16
15228,2535,1314,1,19,23,2793,14
15229,2536,1315,1,14,17,2100,23
15230,2536,1315,1,18,19,2286,19
15231,2536,1315,6,12,13,1668,79
15232,2536,1315,2,2,1,176,44
15233,2536,1315,10,10,14,1690,11
15234,2536,1315,6,1,1,131,66
15235,2537,1315,1,18,22,2700,83
15236,2537,1315,1,13,17,2158,63
15237,2537,1315,11,18,21,2556,26
15238,2537,1315,2,2,2,302,42
15239,2537,1315,1,9,11,1422,52
15240,2537,1315,10,15,15,1905,59
15241,2538,1315,5,10,6,830,5
15242,2538,1315,1,7,10,1239,24
15243,2538,1315,2,6,8,1002,13
15244,2538,1315,5,20,27,3260,25
15245,2538,1315,6,19,25,3021,12
15246,2538,1315,3,8,10,1288,21
15247,2538,1315,6,12,13,1668,1
15248,2539,1315,11,12,8,1056,21
15249,2539,1315,1,9,12,1440,2
15250,2539,1315,1,17,25,3009,15
15251,2539,1315,8,18,23,2844,22
15252,2539,1315,11,2,1,210,18
15253,2539,1315,1,10,14,1730,15
15254,2539,1315,3,2,1,230,1
15255,2539,1315,6,6,8,1044,14
15256,2540,1315,2,19,28,3420,46
15257,2540,1315,1,14,11,1414,16
15258,2540,1315,10,19,23,2850,47
15259,2540,1315,1,15,12,1440,57
15260,2540,1315,8,2,2,270,51
15261,2541,1315,6,12,15,1836,32
15262,2541,1315,1,1,1,110,30
15263,2541,1315,2,8,9,1120,50
15264,2541,1315,2,2,2,288,50
15265,2541,1315,7,7,4,560,46
15266,2541,1315,3,5,6,760,17
15267,2541,1315,4,15,10,1290,18
15268,2541,1315,10,14,16,1988,10
15269,2542,1315,7,3,3,462,5
15270,2542,1315,3,7,7,959,45
15271,2542,1315,6,1,1,84,18
15272,2542,1315,7,15,12,1470,1
15273,2542,1315,1,17,20,2516,36
15274,2542,1315,7,7,8,1078,29
15275,2542,1315,5,16,10,1280,50
15276,2543,1315,10,11,15,1815,22
15277,2543,1315,10,10,13,1670,23
15278,2543,1315,11,10,9,1110,12
15279,2543,1315,1,5,6,795,28
15280,2544,1315,10,13,15,1820,17
15281,2544,1315,8,2,2,310,12
15282,2544,1315,12,11,16,1969,17
15283,2544,1315,1,1,1,155,33
15284,2545,1316,1,9,7,936,4
15285,2545,1316,10,4,3,472,70
15286,2545,1316,8,7,4,595,43
15287,2545,1316,7,10,10,1240,4
15288,2545,1316,8,18,14,1728,64
15289,2545,1316,6,20,24,2980,51
15290,2545,1316,5,18,13,1656,77
15291,2545,1316,11,9,10,1296,71
15292,2546,1316,2,5,4,505,13
15293,2546,1316,1,18,19,2358,17
15294,2546,1316,1,11,7,891,20
15295,2546,1316,3,15,11,1365,45
15296,2546,1316,12,16,15,1872,9
15297,2546,1316,2,18,22,2682,52
15298,2546,1316,2,2,2,264,28
15299,2547,1316,2,3,2,264,14
15300,2547,1316,6,4,3,400,21
15301,2547,1316,2,4,5,600,4
15302,2547,1316,1,14,10,1204,15
15303,2547,1316,3,4,2,328,19
15304,2547,1316,10,13,17,2054,21
15305,2548,1316,1,18,17,2052,31
15306,2548,1316,1,1,1,100,4
15307,2548,1316,2,3,4,540,20
15308,2548,1316,1,2,2,310,9
15309,2548,1316,2,7,6,721,23
15310,2549,1316,8,17,23,2873,25
15311,2549,1316,2,19,20,2470,48
15312,2549,1316,1,16,13,1632,50
15313,2549,1316,2,15,22,2700,9
15314,2549,1316,8,7,5,616,34
15315,2549,1316,10,19,22,2698,3
15316,2550,1316,2,1,1,106,15
15317,2550,1316,2,10,14,1730,12
15318,2550,1316,3,19,25,3021,3
15319,2550,1316,6,16,14,1680,10
15320,2550,1316,7,3,2,336,5
15321,2550,1316,11,4,3,460,1
15322,2551,1316,11,13,12,1547,77
15323,2551,1316,1,19,12,1539,64
15324,2551,1316,1,17,15,1836,73
15325,2551,1316,2,15,11,1410,29
15326,2551,1316,7,5,4,590,63
15327,2552,1317,1,5,5,600,45
15328,2552,1317,3,4,4,532,47
15329,2552,1317,10,2,1,166,18
15330,2552,1317,10,19,19,2394,53
15331,2552,1317,1,4,3,456,15
15332,2552,1317,6,12,13,1608,20
15333,2552,1317,3,13,11,1391,39
15334,2552,1317,3,17,12,1445,6
15335,2553,1317,2,16,16,2000,19
15336,2553,1317,6,16,21,2544,9
15337,2553,1317,6,11,12,1441,15
15338,2553,1317,2,9,9,1152,14
15339,2553,1317,4,13,14,1768,9
15340,2554,1317,7,4,4,520,19
15341,2554,1317,7,9,6,729,7
15342,2554,1317,1,5,4,500,4
15343,2554,1317,3,9,13,1575,12
15344,2554,1317,1,5,6,830,10
15345,2554,1317,7,10,14,1680,21
15346,2555,1317,1,1,1,116,19
15347,2555,1317,4,11,14,1749,2
15348,2555,1317,9,11,13,1584,4
15349,2555,1317,7,18,15,1872,14
15350,2555,1317,2,10,10,1310,19
15351,2555,1317,1,20,27,3300,3
15352,2555,1317,5,8,9,1128,14
15353,2556,1317,6,2,1,168,21
15354,2556,1317,3,18,16,1926,17
15355,2556,1317,1,18,12,1548,32
15356,2556,1317,2,19,19,2318,4
15357,2556,1317,6,7,7,847,18
15358,2556,1317,10,12,9,1128,14
15359,2556,1317,10,9,6,756,9
15360,2557,1317,6,2,2,330,44
15361,2557,1317,5,19,19,2299,1
15362,2557,1317,10,4,3,392,51
15363,2557,1317,7,4,4,504,22
15364,2557,1317,10,12,15,1836,40
15365,2558,1318,6,15,11,1410,28
15366,2558,1318,3,11,9,1177,25
15367,2558,1318,8,4,4,596,6
15368,2558,1318,1,16,23,2848,1
15369,2559,1318,6,5,7,840,12
15370,2559,1318,1,7,7,910,3
15371,2559,1318,10,9,12,1521,23
15372,2559,1318,6,16,20,2464,5
15373,2560,1318,2,10,12,1490,4
15374,2560,1318,10,4,3,468,14
15375,2560,1318,5,6,6,768,4
15376,2560,1318,1,8,9,1128,1
15377,2560,1318,1,12,10,1272,18
15378,2560,1318,9,9,9,1116,2
15379,2560,1318,10,12,12,1452,21
15380,2561,1318,1,4,3,396,16
15381,2561,1318,1,3,4,516,24
15382,2561,1318,2,9,12,1530,49
15383,2561,1318,2,13,10,1248,15
15384,2561,1318,11,13,11,1326,11
15385,2562,1318,11,9,6,729,25
15386,2562,1318,1,10,11,1330,8
15387,2562,1318,7,1,1,123,36
15388,2562,1318,2,18,17,2088,17
15389,2562,1318,10,12,10,1296,40
15390,2562,1318,1,2,1,166,31
15391,2563,1318,10,7,7,889,31
15392,2563,1318,1,8,8,1072,80
15393,2563,1318,2,15,15,1860,15
15394,2563,1318,4,1,1,137,45
15395,2563,1318,2,18,14,1764,44
15396,2564,1318,4,18,26,3150,25
15397,2564,1318,1,7,9,1169,22
15398,2564,1318,7,16,21,2528,1
15399,2564,1318,10,1,1,141,14
15400,2564,1318,1,20,14,1740,31
15401,2565,1318,11,17,17,2040,13
15402,2565,1318,11,8,8,1032,14
15403,2565,1318,3,7,5,644,30
15404,2565,1318,10,20,29,3480,13
15405,2565,1318,7,17,18,2210,8
15406,2565,1318,1,19,21,2622,11
15407,2566,1319,1,10,8,1050,12
15408,2566,1319,6,7,9,1113,8
15409,2566,1319,5,6,6,816,6
15410,2566,1319,4,5,6,740,17
15411,2567,1319,7,13,8,1053,19
15412,2567,1319,1,18,24,2952,30
15413,2567,1319,2,15,17,2085,59
15414,2567,1319,1,9,11,1341,6
15415,2567,1319,1,11,13,1573,34
15416,2567,1319,11,6,7,954,55
15417,2568,1319,10,8,8,968,3
15418,2568,1319,3,17,16,2023,14
15419,2568,1319,7,8,10,1240,15
15420,2568,1319,6,20,21,2580,2
15421,2568,1319,3,5,5,670,13
15422,2568,1319,5,5,4,545,8
15423,2569,1319,3,17,23,2839,31
15424,2569,1319,2,9,9,1134,27
15425,2569,1319,7,1,1,104,8
15426,2569,1319,6,18,19,2376,25
15427,2569,1319,2,6,7,840,20
15428,2569,1319,10,4,5,640,12
15429,2570,1319,11,10,12,1460,17
15430,2570,1319,3,4,5,608,45
15431,2570,1319,6,4,5,636,34
15432,2570,1319,1,8,8,1048,39
15433,2570,1319,2,15,17,2100,21
15434,2570,1319,6,4,4,596,65
15435,2571,1319,8,15,22,2685,45
15436,2571,1319,1,6,5,630,6
15437,2571,1319,6,13,10,1222,31
15438,2571,1319,6,12,14,1740,35
15439,2572,1319,10,6,6,816,16
15440,2572,1319,6,17,11,1411,34
15441,2572,1319,2,20,15,1820,23
15442,2572,1319,10,20,25,3040,48
15443,2572,1319,1,4,5,644,62
15444,2572,1319,10,10,11,1360,48
15445,2573,1319,1,17,15,1819,31
15446,2573,1319,1,15,10,1275,11
15447,2573,1319,1,15,22,2655,8
15448,2573,1319,6,6,6,756,2
15449,2573,1319,2,17,14,1751,8
15450,2573,1319,7,5,3,400,15
15451,2574,1320,6,15,19,2385,22
15452,2574,1320,2,20,27,3340,14
15453,2574,1320,6,9,9,1143,5
15454,2574,1320,2,12,12,1512,17
15455,2574,1320,5,6,5,654,27
15456,2574,1320,7,20,14,1760,26
15457,2574,1320,10,20,24,2900,26
15458,2574,1320,4,11,16,1969,30
15459,2575,1320,1,15,17,2115,3
15460,2575,1320,1,19,23,2850,19
15461,2575,1320,2,11,11,1320,19
15462,2575,1320,1,2,2,242,19
15463,2575,1320,7,17,24,2924,29
15464,2575,1320,10,19,14,1786,12
15465,2575,1320,6,19,20,2489,29
15466,2575,1320,2,12,16,1992,16
15467,2576,1320,7,5,4,530,2
15468,2576,1320,1,3,3,408,3
15469,2576,1320,6,12,12,1500,16
15470,2576,1320,8,7,5,672,12
15471,2576,1320,6,4,4,520,14
15472,2576,1320,1,12,16,2016,14
15473,2576,1320,6,16,15,1824,18
15474,2577,1320,2,16,11,1376,16
15475,2577,1320,6,7,7,924,26
15476,2577,1320,2,17,18,2278,43
15477,2577,1320,7,5,5,645,41
15478,2577,1320,4,4,5,668,30
15479,2577,1320,2,17,16,1921,59
15480,2577,1320,11,11,9,1188,62
15481,2578,1320,3,18,18,2178,6
15482,2578,1320,1,17,22,2737,16
15483,2578,1320,2,4,4,548,6
15484,2578,1320,3,14,10,1218,1
15485,2578,1320,2,10,7,910,1
15486,2578,1320,7,18,22,2718,6
15487,2578,1320,8,15,10,1245,8
15488,2578,1320,2,16,12,1456,19
15489,2579,1320,3,11,7,891,2
15490,2579,1320,6,2,2,268,18
15491,2579,1320,10,9,6,774,45
15492,2579,1320,3,3,4,483,12
15493,2579,1320,6,8,7,928,27
15494,2579,1320,1,11,11,1342,41
15495,2579,1320,2,9,12,1440,2
15496,2579,1320,8,15,18,2265,44
15497,2580,1320,2,3,2,282,15
15498,2580,1320,10,17,23,2771,15
15499,2580,1320,6,7,5,658,5
15500,2580,1320,7,20,20,2420,8
15501,2581,1320,2,2,2,300,19
15502,2581,1320,3,16,24,2880,3
15503,2581,1320,10,7,8,994,28
15504,2581,1320,11,13,13,1677,26
15505,2581,1320,3,18,13,1566,13
15506,2582,1321,7,10,6,830,12
15507,2582,1321,1,18,16,1962,6
15508,2582,1321,5,9,6,738,4
15509,2582,1321,6,9,6,765,15
15510,2583,1321,10,19,27,3344,7
15511,2583,1321,2,4,4,552,7
15512,2583,1321,7,10,11,1350,4
15513,2583,1321,2,12,10,1200,5
15514,2583,1321,2,3,2,264,8
15515,2584,1321,10,4,3,388,27
15516,2584,1321,7,19,15,1843,25
15517,2584,1321,2,8,8,968,41
15518,2584,1321,1,8,9,1184,14
15519,2584,1321,10,20,22,2640,33
15520,2584,1321,5,14,9,1162,46
15521,2585,1321,2,13,15,1885,36
15522,2585,1321,3,20,17,2140,11
15523,2585,1321,6,16,20,2432,55
15524,2585,1321,2,4,3,412,32
15525,2585,1321,6,9,8,1008,33
15526,2585,1321,6,1,1,139,40
15527,2586,1321,2,2,2,348,22
15528,2586,1321,8,8,5,696,62
15529,2586,1321,8,16,12,1504,40
15530,2586,1321,6,11,15,1837,5
15531,2586,1321,6,5,6,755,55
15532,2586,1321,1,3,2,267,65
15533,2587,1321,12,2,2,290,10
15534,2587,1321,8,18,25,3078,70
15535,2587,1321,1,8,9,1120,68
15536,2587,1321,1,4,2,340,37
15537,2587,1321,3,17,23,2771,35
15538,2587,1321,2,9,8,1008,41
15539,2587,1321,10,8,11,1432,18
15540,2587,1321,2,16,12,1552,12
15541,2588,1322,1,9,9,1134,47
15542,2588,1322,6,5,5,655,23
15543,2588,1322,10,17,22,2737,9
15544,2588,1322,1,11,11,1375,6
15545,2589,1322,10,1,1,148,66
15546,2589,1322,5,17,23,2771,61
15547,2589,1322,6,10,14,1750,14
15548,2589,1322,2,15,17,2040,22
15549,2590,1322,2,14,21,2520,13
15550,2590,1322,1,9,11,1368,15
15551,2590,1322,2,18,22,2718,5
15552,2590,1322,7,16,14,1680,10
15553,2590,1322,3,3,3,465,3
15554,2590,1322,2,16,18,2192,16
15555,2591,1322,8,11,15,1848,26
15556,2591,1322,1,15,20,2460,11
15557,2591,1322,10,19,17,2052,7
15558,2591,1322,2,18,18,2160,4
15559,2591,1322,6,12,16,1980,3
15560,2592,1322,1,1,1,143,17
15561,2592,1322,10,14,16,1960,9
15562,2592,1322,2,15,22,2670,40
15563,2592,1322,8,17,20,2516,6
15564,2592,1322,1,17,13,1666,7
15565,2592,1322,7,2,2,272,25
15566,2593,1322,10,11,13,1628,15
15567,2593,1322,12,2,1,224,5
15568,2593,1322,2,15,17,2085,14
15569,2593,1322,6,14,16,1974,8
15570,2593,1322,1,12,11,1368,19
15571,2593,1322,3,1,1,142,1
15572,2593,1322,1,16,14,1712,16
15573,2593,1322,9,7,8,1050,1
15574,2594,1323,3,14,12,1442,20
15575,2594,1323,2,13,15,1898,21
15576,2594,1323,7,6,7,846,8
15577,2594,1323,2,17,21,2584,28
15578,2595,1323,5,10,9,1170,26
15579,2595,1323,9,13,15,1872,34
15580,2595,1323,6,17,22,2669,39
15581,2595,1323,8,8,6,784,5
15582,2595,1323,6,8,6,832,47
15583,2595,1323,1,9,8,1062,9
15584,2595,1323,1,20,20,2420,14
15585,2596,1323,2,12,17,2100,2
15586,2596,1323,2,14,11,1414,34
15587,2596,1323,1,10,13,1670,38
15588,2596,1323,12,4,4,524,28
15589,2596,1323,1,13,19,2314,37
15590,2596,1323,9,16,11,1392,7
15591,2596,1323,1,8,9,1088,76
15592,2597,1323,8,4,3,384,3
15593,2597,1323,3,13,8,1066,24
15594,2597,1323,10,17,11,1411,45
15595,2597,1323,9,11,12,1463,38
15596,2597,1323,10,5,7,860,36
15597,2597,1323,6,4,5,640,32
15598,2598,1323,1,5,4,575,20
15599,2598,1323,11,16,16,1952,31
15600,2598,1323,1,18,25,3024,57
15601,2598,1323,10,5,4,495,49
15602,2598,1323,9,14,20,2506,51
15603,2598,1323,10,8,7,920,41
15604,2598,1323,10,17,23,2873,56
15605,2598,1323,11,3,4,522,42
15606,2599,1323,2,18,18,2178,9
15607,2599,1323,6,10,14,1680,13
15608,2599,1323,2,14,16,2002,19
15609,2599,1323,1,4,3,392,15
15610,2599,1323,1,20,20,2400,5
15611,2599,1323,3,16,12,1520,17
15612,2599,1323,3,2,2,330,19
15613,2599,1323,3,8,11,1352,16
15614,2600,1323,2,11,10,1243,15
15615,2600,1323,1,8,6,776,11
15616,2600,1323,5,19,26,3230,14
15617,2600,1323,1,18,13,1638,8
15618,2600,1323,1,2,1,236,8
15619,2600,1323,10,5,5,635,13
15620,2600,1323,5,11,10,1221,8
15621,2601,1323,10,16,22,2688,25
15622,2601,1323,1,10,6,800,18
15623,2601,1323,10,13,9,1183,2
15624,2601,1323,9,2,2,270,44
15625,2602,1324,10,13,9,1183,34
15626,2602,1324,6,5,6,765,45
15627,2602,1324,5,11,9,1144,28
15628,2602,1324,12,4,3,472,23
15629,2602,1324,1,3,3,450,5
15630,2602,1324,5,18,18,2268,56
15631,2602,1324,1,8,9,1112,20
15632,2602,1324,7,7,7,903,42
15633,2603,1324,2,13,9,1196,34
15634,2603,1324,11,3,2,288,20
15635,2603,1324,1,6,4,528,10
15636,2603,1324,1,20,18,2200,14
15637,2604,1324,1,13,9,1092,31
15638,2604,1324,6,17,21,2635,57
15639,2604,1324,6,12,13,1668,30
15640,2604,1324,3,15,15,1905,56
15641,2605,1324,1,19,18,2261,24
15642,2605,1324,1,16,12,1536,50
15643,2605,1324,2,9,13,1575,1
15644,2605,1324,1,13,12,1469,38
15645,2606,1324,10,19,22,2755,9
15646,2606,1324,7,12,9,1188,23
15647,2606,1324,10,12,12,1452,10
15648,2606,1324,11,20,28,3400,9
15649,2606,1324,8,6,7,870,11
15650,2607,1324,10,13,18,2262,7
15651,2607,1324,1,11,13,1617,14
15652,2607,1324,10,8,7,856,24
15653,2607,1324,1,7,4,567,12
15654,2608,1325,1,8,9,1144,9
15655,2608,1325,10,14,16,1960,40
15656,2608,1325,1,6,8,1050,8
15657,2608,1325,10,12,17,2064,41
15658,2609,1325,1,17,21,2618,2
15659,2609,1325,10,18,16,1926,4
15660,2609,1325,4,19,24,2888,14
15661,2609,1325,10,7,4,595,5
15662,2610,1325,1,20,25,3020,55
15663,2610,1325,9,1,1,100,3
15664,2610,1325,10,17,14,1683,72
15665,2610,1325,5,17,22,2737,16
15666,2610,1325,5,9,8,990,27
15667,2610,1325,7,17,18,2261,23
15668,2610,1325,11,8,8,1016,65
15669,2610,1325,7,1,1,126,70
15670,2611,1325,3,2,2,276,53
15671,2611,1325,5,19,13,1634,23
15672,2611,1325,2,14,13,1582,35
15673,2611,1325,1,7,9,1141,45
15674,2611,1325,10,17,24,2924,49
15675,2611,1325,2,9,6,747,24
15676,2611,1325,6,16,11,1328,19
15677,2611,1325,6,16,16,2032,33
15678,2612,1325,5,18,12,1512,6
15679,2612,1325,2,13,16,1937,14
15680,2612,1325,9,7,9,1134,7
15681,2612,1325,2,20,21,2600,23
15682,2612,1325,7,13,14,1729,34
15683,2612,1325,7,4,3,456,4
15684,2613,1325,10,11,10,1265,21
15685,2613,1325,2,15,19,2280,13
15686,2613,1325,6,6,6,798,13
15687,2613,1325,1,12,16,2004,29
15688,2613,1325,1,3,2,267,31
15689,2613,1325,2,19,20,2432,27
15690,2613,1325,8,10,9,1190,43
15691,2613,1325,3,12,14,1752,43
15692,2614,1325,6,12,14,1680,16
15693,2614,1325,1,2,2,258,15
15694,2614,1325,1,1,1,102,22
15695,2614,1325,6,11,14,1705,54
15696,2614,1325,1,12,14,1752,43
15697,2614,1325,10,6,5,612,76
15698,2614,1325,8,12,8,984,77
15699,2614,1325,6,10,8,1070,56
15700,2615,1325,8,10,12,1480,43
15701,2615,1325,7,13,18,2236,49
15702,2615,1325,1,4,4,572,19
15703,2615,1325,2,11,12,1496,26
15704,2615,1325,5,5,5,675,42
15705,2615,1325,1,14,18,2184,45
15706,2615,1325,6,2,2,288,38
15707,2615,1325,6,8,10,1296,4
15708,2616,1325,7,2,2,278,60
15709,2616,1325,2,15,14,1680,28
15710,2616,1325,1,1,1,152,59
15711,2616,1325,1,11,11,1353,4
15712,2616,1325,1,7,6,742,25
15713,2616,1325,8,10,9,1090,12
15714,2616,1325,11,16,22,2752,18
15715,2616,1325,11,16,22,2704,37
15716,2617,1326,1,17,17,2125,31
15717,2617,1326,7,1,1,177,19
15718,2617,1326,3,4,5,664,7
15719,2617,1326,1,17,17,2040,20
15720,2617,1326,2,6,5,636,11
15721,2618,1326,10,11,12,1540,61
15722,2618,1326,4,18,17,2088,54
15723,2618,1326,1,2,2,254,38
15724,2618,1326,1,3,2,273,67
15725,2618,1326,3,17,14,1734,61
15726,2618,1326,1,8,11,1400,39
15727,2618,1326,1,17,21,2533,12
15728,2618,1326,2,15,21,2565,57
15729,2619,1326,10,17,23,2856,9
15730,2619,1326,3,12,17,2100,7
15731,2619,1326,8,4,5,620,18
15732,2619,1326,5,18,22,2718,9
15733,2619,1326,3,8,7,912,14
15734,2619,1326,8,9,10,1215,15
15735,2619,1326,2,4,4,592,45
15736,2619,1326,8,13,17,2093,35
15737,2620,1326,3,8,9,1112,19
15738,2620,1326,2,4,3,476,29
15739,2620,1326,1,9,12,1494,30
15740,2620,1326,6,7,5,665,39
15741,2620,1326,5,15,11,1335,9
15742,2620,1326,2,14,15,1904,33
15743,2621,1326,2,9,13,1593,11
15744,2621,1326,9,15,13,1665,29
15745,2621,1326,3,1,1,114,7
15746,2621,1326,2,11,13,1639,27
15747,2622,1326,1,8,8,1016,37
15748,2622,1326,7,2,2,262,16
15749,2622,1326,1,17,19,2346,29
15750,2622,1326,2,11,10,1243,33
15751,2622,1326,2,1,1,116,10
15752,2622,1326,1,1,1,180,39
15753,2623,1326,5,15,16,1980,1
15754,2623,1326,1,19,20,2489,54
15755,2623,1326,10,13,18,2171,57
15756,2623,1326,6,19,24,2888,24
15757,2623,1326,4,18,24,2988,25
15758,2623,1326,2,2,2,358,64
15759,2623,1326,6,20,14,1700,73
15760,2623,1326,4,18,23,2808,24
15761,2624,1326,4,8,11,1352,8
15762,2624,1326,5,1,1,93,7
15763,2624,1326,3,5,4,575,1
15764,2624,1326,4,7,5,630,11
15765,2624,1326,8,5,7,855,13
15766,2624,1326,2,13,15,1833,10
15767,2624,1326,10,11,12,1452,7
15768,2624,1326,7,6,4,588,11
15769,2625,1326,3,17,20,2482,54
15770,2625,1326,6,17,21,2567,54
15771,2625,1326,9,1,1,176,54
15772,2625,1326,10,19,19,2318,17
15773,2625,1326,3,6,4,480,2
15774,2625,1326,1,19,27,3306,10
15775,2625,1326,2,8,10,1312,29
15776,2626,1326,10,10,8,1040,22
15777,2626,1326,4,17,12,1479,26
15778,2626,1326,1,15,12,1530,22
15779,2626,1326,2,6,7,888,18
15780,2626,1326,10,2,3,360,24
15781,2627,1327,2,11,9,1199,60
15782,2627,1327,2,4,3,408,20
15783,2627,1327,1,5,3,450,41
15784,2627,1327,8,18,24,2898,7
15785,2627,1327,2,1,1,102,24
15786,2627,1327,1,16,21,2608,5
15787,2627,1327,2,3,2,330,25
15788,2628,1327,2,10,6,810,79
15789,2628,1327,6,9,7,882,74
15790,2628,1327,9,18,18,2268,42
15791,2628,1327,2,15,20,2400,76
15792,2629,1327,6,17,13,1649,9
15793,2629,1327,8,10,9,1140,8
15794,2629,1327,1,13,9,1196,1
15795,2629,1327,4,11,15,1804,32
15796,2630,1327,1,9,6,720,49
15797,2630,1327,10,9,6,828,24
15798,2630,1327,9,4,4,580,9
15799,2630,1327,1,10,7,940,15
15800,2630,1327,6,6,8,1050,47
15801,2630,1327,6,2,1,178,2
15802,2630,1327,1,6,5,624,48
15803,2630,1327,1,4,3,428,37
15804,2631,1327,2,17,13,1615,19
15805,2631,1327,11,16,14,1744,21
15806,2631,1327,1,5,3,460,18
15807,2631,1327,8,20,15,1800,26
15808,2631,1327,10,2,2,336,6
15809,2631,1327,6,19,19,2337,15
15810,2631,1327,6,3,2,240,22
15811,2631,1327,6,17,22,2754,20
15812,2632,1327,1,10,13,1630,16
15813,2632,1327,6,4,5,684,20
15814,2632,1327,6,4,5,636,37
15815,2632,1327,3,20,30,3600,35
15816,2632,1327,10,16,17,2112,16
15817,2632,1327,1,4,5,624,7
15818,2632,1327,1,9,7,954,8
15819,2632,1327,8,15,10,1290,6
15820,2633,1327,10,10,13,1660,36
15821,2633,1327,5,1,1,132,17
15822,2633,1327,6,13,10,1274,42
15823,2633,1327,6,1,1,158,36
15824,2634,1327,1,12,9,1176,37
15825,2634,1327,11,20,23,2760,9
15826,2634,1327,2,5,3,430,21
15827,2634,1327,2,14,19,2352,30
15828,2634,1327,6,4,5,708,28
15829,2634,1327,3,3,2,294,30
15830,2634,1327,8,20,19,2380,18
15831,2635,1327,1,19,21,2603,5
15832,2635,1327,2,7,6,777,6
15833,2635,1327,2,19,21,2622,2
15834,2635,1327,3,7,4,574,13
15835,2635,1327,5,18,21,2610,16
15836,2636,1327,1,2,2,342,18
15837,2636,1327,8,5,6,745,45
15838,2636,1327,2,9,6,729,19
15839,2636,1327,3,3,3,402,50
15840,2636,1327,8,17,23,2788,33
15841,2636,1327,2,2,1,184,41
15842,2636,1327,8,5,4,505,44
15843,2636,1327,8,9,10,1314,15
15844,2637,1328,2,20,24,2980,6
15845,2637,1328,7,18,13,1584,10
15846,2637,1328,10,2,2,246,14
15847,2637,1328,2,15,20,2490,4
15848,2638,1328,1,13,16,1976,66
15849,2638,1328,1,8,7,864,35
15850,2638,1328,11,12,10,1296,25
15851,2638,1328,5,7,4,574,18
15852,2638,1328,3,15,18,2160,66
15853,2638,1328,6,7,5,665,7
15854,2638,1328,11,6,8,1068,7
15855,2638,1328,4,5,3,425,47
15856,2639,1328,5,7,6,791,17
15857,2639,1328,1,18,18,2250,28
15858,2639,1328,2,20,21,2520,6
15859,2639,1328,6,16,23,2800,17
15860,2639,1328,7,20,29,3560,23
15861,2639,1328,10,9,8,1053,46
15862,2639,1328,12,10,14,1700,45
15863,2639,1328,5,5,7,880,44
15864,2640,1328,2,9,11,1413,12
15865,2640,1328,1,17,15,1802,10
15866,2640,1328,9,15,21,2535,74
15867,2640,1328,10,19,18,2223,35
15868,2640,1328,10,6,7,870,31
15869,2640,1328,1,19,19,2318,86
15870,2641,1328,3,20,22,2640,29
15871,2641,1328,1,9,11,1422,42
15872,2641,1328,9,11,7,902,73
15873,2641,1328,11,10,11,1360,69
15874,2641,1328,6,13,18,2210,37
15875,2642,1328,5,6,7,864,9
15876,2642,1328,1,11,15,1892,21
15877,2642,1328,2,6,4,558,16
15878,2642,1328,10,17,21,2635,37
15879,2642,1328,2,8,6,744,11
15880,2642,1328,3,13,13,1651,48
15881,2642,1328,2,14,12,1512,1
15882,2642,1328,1,10,13,1660,25
15883,2643,1328,1,13,12,1521,1
15884,2643,1328,3,12,17,2112,22
15885,2643,1328,7,19,18,2204,55
15886,2643,1328,1,13,18,2249,29
15887,2644,1328,6,7,10,1204,44
15888,2644,1328,9,13,10,1287,24
15889,2644,1328,7,15,14,1695,45
15890,2644,1328,1,13,10,1235,52
15891,2644,1328,8,14,14,1764,27
15892,2645,1328,3,1,1,130,28
15893,2645,1328,2,12,12,1476,51
15894,2645,1328,1,4,3,360,8
15895,2645,1328,3,14,16,1932,50
15896,2645,1328,6,20,17,2060,36
15897,2645,1328,10,14,11,1386,30
15898,2645,1328,2,7,7,938,23
15899,2646,1328,3,17,15,1802,32
15900,2646,1328,6,10,11,1360,29
15901,2646,1328,6,3,3,429,48
15902,2646,1328,1,8,8,1064,48
15903,2646,1328,10,4,2,344,31
15904,2646,1328,10,14,16,1974,25
15905,2647,1329,1,11,13,1650,7
15906,2647,1329,3,12,11,1428,40
15907,2647,1329,7,18,24,2880,41
15908,2647,1329,1,13,10,1209,33
15909,2647,1329,10,13,12,1534,36
15910,2647,1329,8,16,17,2048,1
15911,2648,1329,2,1,1,106,55
15912,2648,1329,2,7,9,1148,11
15913,2648,1329,10,5,6,740,50
15914,2648,1329,3,6,4,588,32
15915,2648,1329,1,20,26,3200,10
15916,2648,1329,1,8,8,1056,25
15917,2648,1329,7,11,12,1485,27
15918,2649,1329,2,2,2,284,11
15919,2649,1329,4,16,23,2816,11
15920,2649,1329,10,7,7,924,24
15921,2649,1329,7,14,10,1246,17
15922,2650,1329,6,16,21,2560,16
15923,2650,1329,3,1,1,100,21
15924,2650,1329,3,5,4,525,33
15925,2650,1329,10,19,26,3230,33
15926,2650,1329,8,11,15,1903,58
15927,2650,1329,1,9,11,1404,12
15928,2651,1329,7,6,6,804,13
15929,2651,1329,2,17,22,2737,10
15930,2651,1329,1,20,20,2460,62
15931,2651,1329,4,3,3,453,32
15932,2651,1329,1,1,1,142,2
15933,2651,1329,2,8,11,1400,15
15934,2651,1329,2,14,16,1974,2
15935,2651,1329,2,8,10,1296,6
15936,2652,1329,5,18,24,2988,25
15937,2652,1329,1,19,20,2489,45
15938,2652,1329,1,20,25,3000,39
15939,2652,1329,2,19,14,1729,5
15940,2652,1329,1,7,4,567,35
15941,2652,1329,9,19,21,2584,56
15942,2652,1329,2,13,11,1391,36
15943,2652,1329,6,1,1,113,4
15944,2653,1330,1,13,17,2093,42
15945,2653,1330,11,4,3,420,1
15946,2653,1330,3,11,10,1276,34
15947,2653,1330,2,19,21,2527,6
15948,2653,1330,6,1,1,117,33
15949,2653,1330,8,17,21,2567,1
15950,2653,1330,2,16,15,1808,44
15951,2654,1330,2,9,13,1620,7
15952,2654,1330,1,19,17,2109,65
15953,2654,1330,3,7,8,1036,77
15954,2654,1330,6,5,5,690,73
15955,2654,1330,6,11,15,1815,37
15956,2654,1330,7,9,12,1503,35
15957,2654,1330,2,18,26,3150,80
15958,2655,1330,10,7,9,1141,4
15959,2655,1330,11,19,27,3325,39
15960,2655,1330,2,13,9,1157,50
15961,2655,1330,2,12,16,1992,29
15962,2655,1330,6,6,5,702,24
15963,2655,1330,7,13,14,1742,15
15964,2655,1330,3,2,2,250,8
15965,2656,1330,1,15,19,2385,75
15966,2656,1330,3,3,3,414,32
15967,2656,1330,1,7,8,1057,46
15968,2656,1330,3,8,8,1040,74
15969,2656,1330,7,11,12,1507,6
15970,2656,1330,7,2,1,188,43
15971,2656,1330,6,8,7,912,27
15972,2657,1330,1,11,12,1441,24
15973,2657,1330,1,8,7,904,25
15974,2657,1330,2,15,11,1365,23
15975,2657,1330,1,11,13,1562,40
15976,2657,1330,6,3,2,324,69
15977,2657,1330,3,13,15,1872,24
15978,2657,1330,5,15,22,2670,18
15979,2657,1330,8,17,19,2329,5
15980,2658,1330,2,11,16,1947,15
15981,2658,1330,10,2,2,280,26
15982,2658,1330,6,2,2,282,2
15983,2658,1330,1,19,20,2451,3
15984,2658,1330,5,14,16,1946,20
15985,2658,1330,2,11,14,1705,15
15986,2658,1330,2,16,11,1424,27
15987,2659,1330,1,13,8,1066,14
15988,2659,1330,6,3,2,246,25
15989,2659,1330,7,3,2,333,22
15990,2659,1330,1,3,2,309,7
15991,2659,1330,1,13,15,1859,6
15992,2659,1330,3,10,11,1360,8
15993,2659,1330,12,2,2,298,3
15994,2660,1330,1,9,7,864,2
15995,2660,1330,3,17,24,2924,20
15996,2660,1330,2,17,24,2975,1
15997,2660,1330,2,10,12,1500,11
15998,2660,1330,8,4,5,640,3
15999,2660,1330,6,17,24,2924,18
16000,2661,1331,10,8,10,1288,25
16001,2661,1331,4,12,14,1764,29
16002,2661,1331,2,9,9,1161,25
16003,2661,1331,10,16,17,2144,26
16004,2662,1331,1,1,1,174,16
16005,2662,1331,1,1,1,110,29
16006,2662,1331,4,15,17,2145,10
16007,2662,1331,10,9,8,981,17
16008,2662,1331,6,1,1,147,17
16009,2663,1331,1,9,13,1566,22
16010,2663,1331,8,9,7,900,36
16011,2663,1331,2,17,21,2533,31
16012,2663,1331,6,6,4,552,4
16013,2663,1331,6,8,9,1192,3
16014,2663,1331,2,10,13,1670,30
16015,2663,1331,9,19,25,3097,17
16016,2664,1331,2,4,4,584,55
16017,2664,1331,9,18,12,1494,60
16018,2664,1331,2,8,10,1224,30
16019,2664,1331,6,19,23,2850,47
16020,2664,1331,7,15,22,2655,55
16021,2664,1331,8,1,1,176,33
16022,2664,1331,1,2,2,310,66
16023,2664,1331,2,14,20,2464,43
16024,2665,1331,10,10,13,1600,26
16025,2665,1331,6,7,10,1260,66
16026,2665,1331,6,1,1,173,47
16027,2665,1331,1,14,12,1526,33
16028,2665,1331,3,3,4,504,50
16029,2665,1331,4,2,1,224,57
16030,2665,1331,6,18,13,1566,45
16031,2665,1331,6,10,9,1120,45
16032,2666,1331,2,6,5,678,19
16033,2666,1331,1,18,12,1440,18
16034,2666,1331,3,11,14,1683,6
16035,2666,1331,1,17,21,2601,7
16036,2666,1331,1,2,2,248,17
16037,2667,1331,3,20,28,3460,33
16038,2667,1331,8,3,3,450,36
16039,2667,1331,10,13,13,1573,64
16040,2667,1331,1,4,5,656,64
16041,2667,1331,10,15,22,2655,40
16042,2667,1331,11,4,2,332,42
16043,2667,1331,3,7,5,672,53
16044,2667,1331,10,9,10,1206,28
16045,2668,1332,5,14,14,1722,55
16046,2668,1332,2,16,20,2400,25
16047,2668,1332,3,15,13,1605,28
16048,2668,1332,9,1,1,108,10
16049,2668,1332,10,4,5,644,44
16050,2668,1332,7,9,9,1089,36
16051,2668,1332,3,12,11,1380,31
16052,2669,1332,10,4,4,596,87
16053,2669,1332,2,20,26,3120,53
16054,2669,1332,4,6,7,846,54
16055,2669,1332,10,18,23,2790,81
16056,2669,1332,1,5,4,540,63
16057,2669,1332,1,12,15,1860,54
16058,2670,1332,6,17,11,1394,18
16059,2670,1332,3,8,6,792,32
16060,2670,1332,8,6,4,576,18
16061,2670,1332,1,16,16,1920,35
16062,2670,1332,7,4,3,372,28
16063,2671,1332,10,20,29,3500,55
16064,2671,1332,12,3,3,432,24
16065,2671,1332,1,9,12,1485,59
16066,2671,1332,12,15,17,2085,54
16067,2671,1332,1,7,5,658,45
16068,2671,1332,2,7,8,1029,4
16069,2671,1332,6,13,10,1274,42
16070,2672,1332,10,4,3,364,67
16071,2672,1332,7,3,3,456,22
16072,2672,1332,5,9,13,1602,35
16073,2672,1332,1,5,5,675,6
16074,2672,1332,6,8,8,976,72
16075,2672,1332,10,18,26,3150,73
16076,2672,1332,3,7,7,889,40
16077,2673,1332,2,1,1,118,79
16078,2673,1332,7,9,11,1422,23
16079,2673,1332,4,13,15,1807,44
16080,2673,1332,3,11,9,1199,67
16081,2673,1332,3,18,21,2628,10
16082,2673,1332,2,11,14,1782,28
16083,2673,1332,7,5,6,830,40
16084,2673,1332,8,7,10,1225,26
16085,2674,1333,6,2,2,292,7
16086,2674,1333,6,10,9,1190,19
16087,2674,1333,5,2,2,356,10
16088,2674,1333,1,10,8,970,30
16089,2674,1333,2,20,25,3080,7
16090,2674,1333,6,5,3,455,21
16091,2674,1333,3,17,18,2278,17
16092,2675,1333,9,6,7,912,28
16093,2675,1333,1,6,4,486,21
16094,2675,1333,1,17,19,2329,2
16095,2675,1333,1,19,13,1634,25
16096,2675,1333,1,10,11,1340,49
16097,2675,1333,2,3,4,480,43
16098,2675,1333,8,5,5,625,26
16099,2675,1333,1,10,9,1080,30
16100,2676,1333,7,2,2,268,27
16101,2676,1333,10,9,9,1134,27
16102,2676,1333,10,14,21,2520,32
16103,2676,1333,1,7,7,952,4
16104,2676,1333,3,3,2,258,24
16105,2677,1333,2,17,20,2499,61
16106,2677,1333,7,11,16,1969,45
16107,2677,1333,3,9,12,1512,14
16108,2677,1333,3,4,4,560,42
16109,2677,1333,7,18,18,2232,55
16110,2677,1333,10,13,17,2067,7
16111,2678,1333,9,18,13,1620,17
16112,2678,1333,5,11,13,1584,3
16113,2678,1333,2,19,28,3420,4
16114,2678,1333,5,14,11,1358,8
16115,2678,1333,6,15,18,2190,9
16116,2678,1333,1,15,11,1320,19
16117,2678,1333,2,3,3,372,13
16118,2679,1333,11,1,1,113,32
16119,2679,1333,7,3,4,540,37
16120,2679,1333,7,2,2,270,22
16121,2679,1333,10,17,17,2091,3
16122,2680,1333,10,18,19,2394,3
16123,2680,1333,10,10,11,1340,7
16124,2680,1333,6,2,1,196,15
16125,2680,1333,6,6,5,642,16
16126,2680,1333,8,17,14,1768,15
16127,2680,1333,11,14,11,1358,8
16128,2680,1333,1,9,10,1260,1
16129,2681,1333,7,14,19,2380,11
16130,2681,1333,12,5,5,655,25
16131,2681,1333,6,8,8,1032,9
16132,2681,1333,1,4,3,436,19
16133,2682,1333,8,14,12,1526,1
16134,2682,1333,1,19,22,2736,13
16135,2682,1333,12,17,13,1598,3
16136,2682,1333,5,7,5,665,19
16137,2682,1333,2,17,21,2533,11
16138,2682,1333,1,19,13,1672,7
16139,2682,1333,7,17,14,1751,22
16140,2682,1333,3,16,23,2768,10
16141,2683,1334,10,10,10,1220,80
16142,2683,1334,10,20,24,2920,64
16143,2683,1334,5,7,6,749,73
16144,2683,1334,1,16,13,1584,26
16145,2683,1334,7,18,21,2628,21
16146,2683,1334,6,8,10,1272,24
16147,2683,1334,7,15,15,1800,40
16148,2683,1334,1,7,8,1029,61
16149,2684,1334,8,1,1,122,45
16150,2684,1334,2,11,11,1375,13
16151,2684,1334,1,4,3,420,27
16152,2684,1334,11,20,14,1700,52
16153,2684,1334,3,6,8,1032,42
16154,2684,1334,2,20,15,1900,18
16155,2685,1334,10,16,20,2400,15
16156,2685,1334,4,14,16,2002,25
16157,2685,1334,2,7,9,1176,13
16158,2685,1334,10,1,1,115,27
16159,2685,1334,8,11,16,1936,10
16160,2685,1334,2,20,19,2320,5
16161,2685,1334,4,12,10,1308,15
16162,2686,1334,10,19,19,2356,26
16163,2686,1334,3,9,8,1071,36
16164,2686,1334,5,16,22,2752,16
16165,2686,1334,1,6,6,768,41
16166,2686,1334,10,10,13,1630,31
16167,2687,1334,6,5,5,620,33
16168,2687,1334,2,10,14,1750,4
16169,2687,1334,1,16,10,1312,33
16170,2687,1334,10,12,11,1320,33
16171,2688,1334,6,2,1,178,27
16172,2688,1334,12,16,15,1824,71
16173,2688,1334,6,16,20,2416,17
16174,2688,1334,3,8,9,1136,49
16175,2688,1334,6,9,9,1170,9
16176,2688,1334,1,19,25,3040,32
16177,2688,1334,1,1,1,117,39
16178,2689,1334,11,11,7,924,42
16179,2689,1334,8,11,14,1694,35
16180,2689,1334,6,14,20,2478,8
16181,2689,1334,2,11,12,1463,21
16182,2689,1334,3,1,1,129,10
16183,2689,1334,1,12,8,1020,8
16184,2690,1334,11,20,26,3200,12
16185,2690,1334,2,5,6,755,4
16186,2690,1334,3,9,6,720,18
16187,2690,1334,6,17,16,2023,16
16188,2691,1334,1,4,4,504,38
16189,2691,1334,2,3,3,399,39
16190,2691,1334,1,8,11,1344,68
16191,2691,1334,1,18,16,1980,50
16192,2691,1334,10,15,10,1200,6
16193,2692,1335,5,18,27,3240,9
16194,2692,1335,7,16,23,2768,23
16195,2692,1335,4,4,5,620,44
16196,2692,1335,12,18,20,2484,12
16197,2692,1335,6,7,5,602,44
16198,2692,1335,3,12,14,1680,36
16199,2692,1335,3,4,4,512,21
16200,2692,1335,10,9,6,828,13
16201,2693,1335,1,6,5,606,1
16202,2693,1335,3,13,11,1326,1
16203,2693,1335,3,14,16,1988,3
16204,2693,1335,6,17,15,1870,7
16205,2693,1335,8,19,25,3040,5
16206,2693,1335,7,1,1,103,14
16207,2693,1335,4,6,7,936,7
16208,2693,1335,1,17,23,2839,1
16209,2694,1335,10,5,7,890,7
16210,2694,1335,2,12,9,1116,21
16211,2694,1335,1,14,14,1680,68
16212,2694,1335,1,15,17,2085,23
16213,2694,1335,6,6,6,744,60
16214,2694,1335,5,14,12,1526,54
16215,2694,1335,5,5,4,540,3
16216,2694,1335,2,8,6,792,42
16217,2695,1335,1,3,3,447,14
16218,2695,1335,10,8,5,656,62
16219,2695,1335,1,17,21,2567,8
16220,2695,1335,10,3,4,480,19
16221,2696,1335,6,14,14,1736,5
16222,2696,1335,11,4,2,348,3
16223,2696,1335,1,9,9,1098,6
16224,2696,1335,10,2,2,344,12
16225,2696,1335,7,2,2,310,19
16226,2696,1335,1,20,26,3200,24
16227,2697,1335,1,12,16,1920,4
16228,2697,1335,1,3,3,363,1
16229,2697,1335,6,10,7,930,6
16230,2697,1335,9,11,7,957,27
16231,2697,1335,1,6,7,864,15
16232,2697,1335,8,11,7,957,17
16233,2697,1335,1,15,10,1275,7
16234,2697,1335,5,19,22,2698,8
16235,2698,1335,6,10,13,1570,8
16236,2698,1335,4,4,5,624,3
16237,2698,1335,1,12,9,1128,10
16238,2698,1335,1,13,18,2210,4
16239,2698,1335,8,11,16,1936,14
16240,2698,1335,1,19,19,2356,8
16241,2698,1335,8,10,12,1490,8
16242,2698,1335,2,20,14,1760,6
16243,2699,1335,7,10,11,1400,40
16244,2699,1335,11,2,2,250,12
16245,2699,1335,7,7,10,1211,43
16246,2699,1335,7,16,16,1968,1
16247,2699,1335,8,19,13,1672,31
16248,2699,1335,5,12,17,2076,27
16249,2699,1335,1,13,12,1482,54
16250,2700,1335,4,3,2,276,35
16251,2700,1335,2,15,17,2100,6
16252,2700,1335,3,1,1,136,54
16253,2700,1335,3,16,17,2144,58
16254,2700,1335,3,5,5,695,5
16255,2700,1335,1,13,10,1209,61
16256,2701,1335,2,16,14,1696,46
16257,2701,1335,7,8,10,1208,25
16258,2701,1335,5,17,12,1496,21
16259,2701,1335,6,15,18,2220,2
16260,2702,1336,2,4,4,536,1
16261,2702,1336,1,17,17,2040,32
16262,2702,1336,2,15,15,1815,41
16263,2702,1336,1,15,14,1770,68
16264,2702,1336,1,10,9,1190,31
16265,2702,1336,7,9,8,1035,53
16266,2702,1336,7,6,6,786,52
16267,2702,1336,1,7,9,1092,45
16268,2703,1336,1,8,9,1184,30
16269,2703,1336,1,20,27,3240,39
16270,2703,1336,11,11,11,1353,24
16271,2703,1336,6,20,16,2000,60
16272,2703,1336,3,15,11,1365,25
16273,2703,1336,2,20,26,3140,83
16274,2703,1336,3,13,8,1066,8
16275,2703,1336,1,4,3,376,32
16276,2704,1336,1,18,21,2520,78
16277,2704,1336,8,17,22,2754,75
16278,2704,1336,1,8,5,696,74
16279,2704,1336,1,15,17,2100,19
16280,2704,1336,8,18,17,2124,7
16281,2704,1336,8,2,2,314,1
16282,2704,1336,10,6,8,966,43
16283,2705,1336,7,13,8,1040,43
16284,2705,1336,10,1,1,133,67
16285,2705,1336,5,6,6,756,48
16286,2705,1336,7,17,20,2482,77
16287,2705,1336,3,15,20,2415,72
16288,2705,1336,2,15,20,2460,2
16289,2705,1336,2,4,5,616,4
16290,2706,1336,11,4,4,572,29
16291,2706,1336,12,7,8,1001,37
16292,2706,1336,6,8,5,672,37
16293,2706,1336,10,11,9,1188,13
16294,2706,1336,7,4,5,664,38
16295,2706,1336,1,4,4,588,28
16296,2706,1336,2,1,1,113,34
16297,2707,1336,1,8,11,1432,29
16298,2707,1336,11,10,14,1700,18
16299,2707,1336,9,4,4,496,25
16300,2707,1336,2,7,8,980,7
16301,2707,1336,2,1,1,81,31
16302,2708,1337,1,18,14,1764,8
16303,2708,1337,1,2,1,196,14
16304,2708,1337,10,5,5,655,23
16305,2708,1337,1,14,19,2338,61
16306,2708,1337,6,16,16,1920,60
16307,2708,1337,1,17,19,2295,77
16308,2708,1337,8,15,12,1470,48
16309,2708,1337,1,1,1,135,77
16310,2709,1337,10,17,19,2329,46
16311,2709,1337,6,19,17,2147,38
16312,2709,1337,7,7,5,665,41
16313,2709,1337,2,4,2,324,41
16314,2709,1337,5,16,19,2320,13
16315,2709,1337,1,8,8,976,30
16316,2710,1337,6,14,15,1876,4
16317,2710,1337,3,14,14,1764,17
16318,2710,1337,11,3,3,441,17
16319,2710,1337,10,8,9,1112,13
16320,2710,1337,11,14,10,1232,21
16321,2711,1337,11,11,15,1848,8
16322,2711,1337,10,12,14,1788,34
16323,2711,1337,6,20,15,1880,62
16324,2711,1337,11,6,6,798,35
16325,2711,1337,11,18,15,1890,35
16326,2712,1337,2,6,7,876,34
16327,2712,1337,2,11,14,1705,39
16328,2712,1337,11,2,2,290,30
16329,2712,1337,3,16,16,1920,28
16330,2712,1337,2,8,8,960,32
16331,2713,1337,1,14,20,2478,9
16332,2713,1337,1,2,1,162,8
16333,2713,1337,11,7,8,1050,12
16334,2713,1337,6,11,10,1287,4
16335,2713,1337,3,4,3,380,3
16336,2713,1337,11,20,25,3080,3
16337,2713,1337,5,15,20,2430,3
16338,2713,1337,1,19,21,2584,7
16339,2714,1337,4,13,9,1105,7
16340,2714,1337,2,1,1,171,40
16341,2714,1337,5,14,11,1344,17
16342,2714,1337,2,3,2,285,21
16343,2714,1337,7,4,4,596,9
16344,2714,1337,8,11,8,1067,12
16345,2714,1337,10,4,5,672,1
16346,2714,1337,3,9,9,1188,28
16347,2715,1337,2,9,6,756,37
16348,2715,1337,1,19,14,1710,8
16349,2715,1337,1,15,14,1710,58
16350,2715,1337,1,10,10,1260,54
16351,2715,1337,4,3,2,300,11
16352,2715,1337,7,10,13,1570,58
16353,2715,1337,3,10,7,890,42
16354,2716,1338,11,3,4,507,6
16355,2716,1338,2,13,15,1911,16
16356,2716,1338,8,2,1,202,11
16357,2716,1338,6,14,16,1988,12
16358,2716,1338,1,1,1,143,6
16359,2717,1338,1,8,6,832,14
16360,2717,1338,3,19,18,2204,20
16361,2717,1338,2,5,5,715,18
16362,2717,1338,1,16,18,2256,9
16363,2717,1338,2,7,5,707,10
16364,2717,1338,2,4,5,612,11
16365,2718,1338,7,14,17,2086,17
16366,2718,1338,3,15,20,2505,26
16367,2718,1338,1,3,4,519,12
16368,2718,1338,10,3,3,423,32
16369,2718,1338,1,3,3,387,38
16370,2718,1338,6,10,9,1140,20
16371,2718,1338,1,18,15,1872,38
16372,2718,1338,2,6,5,684,32
16373,2719,1338,6,12,12,1452,9
16374,2719,1338,12,16,12,1504,6
16375,2719,1338,1,15,13,1635,3
16376,2719,1338,2,2,2,296,2
16377,2719,1338,2,18,15,1854,9
16378,2720,1338,3,15,16,1950,45
16379,2720,1338,3,11,9,1155,9
16380,2720,1338,10,19,24,2888,35
16381,2720,1338,2,4,5,600,31
16382,2720,1338,7,11,14,1727,37
16383,2720,1338,1,17,20,2499,20
16384,2720,1338,10,19,28,3363,42
16385,2720,1338,7,10,12,1450,12
16386,2721,1338,1,17,20,2482,1
16387,2721,1338,9,9,9,1179,58
16388,2721,1338,1,1,1,134,14
16389,2721,1338,7,20,17,2140,34
16390,2722,1338,1,13,12,1443,32
16391,2722,1338,10,15,12,1515,5
16392,2722,1338,5,2,2,302,9
16393,2722,1338,1,3,3,393,16
16394,2723,1338,2,20,24,2880,11
16395,2723,1338,12,20,13,1640,4
16396,2723,1338,3,6,5,714,2
16397,2723,1338,7,1,1,89,15
16398,2723,1338,2,1,1,117,19
16399,2723,1338,6,11,12,1507,18
16400,2724,1339,10,1,1,89,26
16401,2724,1339,7,8,6,832,17
16402,2724,1339,4,5,6,820,18
16403,2724,1339,2,19,15,1919,20
16404,2724,1339,1,5,4,550,17
16405,2724,1339,6,3,4,489,18
16406,2724,1339,11,9,12,1467,26
16407,2725,1339,2,5,5,645,6
16408,2725,1339,5,9,8,963,6
16409,2725,1339,11,16,17,2064,2
16410,2725,1339,11,7,7,840,13
16411,2725,1339,3,5,6,775,9
16412,2725,1339,2,5,4,580,16
16413,2726,1339,2,16,13,1584,16
16414,2726,1339,6,8,7,952,16
16415,2726,1339,1,13,9,1105,14
16416,2726,1339,1,5,6,820,29
16417,2726,1339,2,4,4,572,23
16418,2726,1339,5,10,13,1670,18
16419,2726,1339,6,3,3,414,15
16420,2727,1339,7,17,24,2992,11
16421,2727,1339,7,19,26,3230,19
16422,2727,1339,2,5,4,575,15
16423,2727,1339,8,6,7,936,56
16424,2728,1339,2,5,6,725,45
16425,2728,1339,4,5,3,415,49
16426,2728,1339,6,19,22,2698,50
16427,2728,1339,2,18,12,1512,53
16428,2728,1339,1,20,17,2040,40
16429,2728,1339,2,15,17,2040,35
16430,2728,1339,2,3,2,345,23
16431,2729,1339,2,9,12,1557,20
16432,2729,1339,1,20,27,3240,30
16433,2729,1339,10,16,13,1568,28
16434,2729,1339,5,6,5,654,14
16435,2729,1339,11,9,11,1332,14
16436,2729,1339,1,12,12,1524,45
16437,2729,1339,3,8,9,1144,35
16438,2729,1339,2,8,10,1248,13
16439,2730,1340,1,14,13,1568,45
16440,2730,1340,10,20,21,2560,57
16441,2730,1340,10,15,10,1260,46
16442,2730,1340,3,16,12,1456,47
16443,2730,1340,6,3,4,489,29
16444,2731,1340,2,6,8,1068,41
16445,2731,1340,6,12,12,1476,2
16446,2731,1340,1,11,16,1947,36
16447,2731,1340,2,2,2,340,16
16448,2731,1340,7,3,2,267,15
16449,2732,1340,1,5,4,480,3
16450,2732,1340,1,15,13,1635,35
16451,2732,1340,12,5,6,800,28
16452,2732,1340,8,2,2,260,35
16453,2732,1340,3,18,25,3042,27
16454,2733,1340,1,20,22,2640,19
16455,2733,1340,5,18,19,2376,15
16456,2733,1340,10,20,24,2900,29
16457,2733,1340,2,14,17,2114,7
16458,2733,1340,6,20,25,3040,22
16459,2733,1340,6,3,2,273,2
16460,2733,1340,1,17,16,2023,38
16461,2734,1340,2,19,17,2109,10
16462,2734,1340,10,12,10,1248,9
16463,2734,1340,6,13,17,2041,19
16464,2734,1340,10,13,11,1352,9
16465,2734,1340,1,3,2,333,1
16466,2735,1340,1,8,10,1248,51
16467,2735,1340,10,20,14,1780,13
16468,2735,1340,6,13,13,1664,40
16469,2735,1340,10,4,2,356,44
16470,2735,1340,1,13,12,1521,33
16471,2736,1341,1,14,20,2506,24
16472,2736,1341,10,20,23,2800,36
16473,2736,1341,1,19,12,1558,4
16474,2736,1341,5,1,1,116,30
16475,2736,1341,1,6,5,600,27
16476,2737,1341,8,18,17,2142,7
16477,2737,1341,10,3,2,315,9
16478,2737,1341,6,8,6,760,1
16479,2737,1341,11,7,8,1057,8
16480,2737,1341,1,6,7,954,1
16481,2737,1341,2,9,7,900,5
16482,2737,1341,2,14,11,1330,14
16483,2737,1341,1,3,2,246,16
16484,2738,1341,7,6,4,528,17
16485,2738,1341,10,4,2,340,13
16486,2738,1341,11,4,2,320,54
16487,2738,1341,11,20,23,2840,66
16488,2738,1341,2,16,22,2656,4
16489,2739,1341,6,15,20,2490,26
16490,2739,1341,10,14,19,2310,16
16491,2739,1341,1,2,1,172,20
16492,2739,1341,2,3,3,468,18
16493,2740,1341,2,8,6,808,31
16494,2740,1341,1,16,23,2864,12
16495,2740,1341,6,12,8,972,31
16496,2740,1341,10,5,4,525,15
16497,2740,1341,9,15,15,1905,3
16498,2740,1341,6,9,8,1071,17
16499,2740,1341,4,3,3,429,19
16500,2741,1341,1,3,3,390,11
16501,2741,1341,3,17,19,2380,50
16502,2741,1341,2,1,1,142,26
16503,2741,1341,3,5,6,820,41
16504,2741,1341,3,18,16,2034,68
16505,2741,1341,2,7,9,1092,16
16506,2741,1341,3,2,1,186,28
16507,2742,1341,5,1,1,98,73
16508,2742,1341,2,15,18,2265,67
16509,2742,1341,1,7,6,763,44
16510,2742,1341,5,5,4,535,36
16511,2742,1341,11,5,6,820,17
16512,2742,1341,2,10,14,1770,17
16513,2742,1341,1,10,7,890,3
16514,2742,1341,1,9,7,882,25
16515,2743,1341,9,11,16,1936,8
16516,2743,1341,3,1,1,173,13
16517,2743,1341,3,5,5,625,2
16518,2743,1341,4,8,7,944,3
16519,2743,1341,1,18,17,2142,4
16520,2743,1341,12,18,21,2610,15
16521,2743,1341,5,7,9,1183,10
16522,2744,1341,3,14,13,1582,25
16523,2744,1341,3,17,11,1377,10
16524,2744,1341,9,13,17,2145,36
16525,2744,1341,3,18,18,2232,8
16526,2745,1342,1,9,10,1278,49
16527,2745,1342,10,18,18,2178,59
16528,2745,1342,2,10,15,1800,55
16529,2745,1342,5,14,14,1778,6
16530,2745,1342,1,6,7,840,59
16531,2745,1342,7,14,18,2212,36
16532,2745,1342,12,18,15,1854,43
16533,2746,1342,2,10,9,1170,52
16534,2746,1342,3,18,15,1818,3
16535,2746,1342,1,7,8,994,43
16536,2746,1342,2,8,8,1008,11
16537,2746,1342,11,17,12,1513,16
16538,2746,1342,3,9,7,918,49
16539,2746,1342,1,10,11,1330,48
16540,2747,1342,1,16,21,2576,4
16541,2747,1342,11,16,12,1552,25
16542,2747,1342,8,15,19,2295,36
16543,2747,1342,1,2,1,172,10
16544,2747,1342,7,2,1,208,3
16545,2748,1342,10,16,18,2224,37
16546,2748,1342,9,1,1,161,6
16547,2748,1342,1,3,3,378,13
16548,2748,1342,1,17,21,2533,20
16549,2749,1342,2,1,1,134,21
16550,2749,1342,4,18,14,1710,7
16551,2749,1342,2,3,3,468,69
16552,2749,1342,2,9,13,1575,70
16553,2749,1342,1,13,14,1781,49
16554,2749,1342,2,14,11,1358,82
16555,2750,1342,2,13,13,1612,3
16556,2750,1342,1,13,13,1560,9
16557,2750,1342,10,7,8,987,2
16558,2750,1342,2,3,4,540,10
16559,2750,1342,1,5,4,550,18
16560,2750,1342,3,17,20,2431,2
16561,2750,1342,7,1,1,152,17
16562,2751,1343,6,7,7,861,41
16563,2751,1343,3,8,11,1320,14
16564,2751,1343,4,4,3,412,13
16565,2751,1343,10,10,13,1620,13
16566,2751,1343,11,7,7,945,3
16567,2751,1343,11,5,3,400,14
16568,2751,1343,4,14,10,1218,9
16569,2752,1343,1,8,9,1120,8
16570,2752,1343,10,14,17,2072,2
16571,2752,1343,2,14,18,2198,15
16572,2752,1343,3,15,21,2565,1
16573,2752,1343,2,13,17,2106,14
16574,2752,1343,1,11,11,1342,19
16575,2752,1343,7,3,3,462,19
16576,2753,1343,2,20,14,1760,84
16577,2753,1343,6,3,3,378,80
16578,2753,1343,1,18,20,2448,79
16579,2753,1343,7,5,5,665,84
16580,2753,1343,1,11,11,1353,43
16581,2753,1343,3,10,14,1790,14
16582,2754,1343,12,2,2,292,41
16583,2754,1343,11,2,2,270,25
16584,2754,1343,1,14,12,1526,18
16585,2754,1343,1,3,4,510,25
16586,2754,1343,10,3,3,399,37
16587,2754,1343,1,8,7,840,16
16588,2755,1343,8,6,7,888,2
16589,2755,1343,2,8,6,832,12
16590,2755,1343,7,13,12,1456,18
16591,2755,1343,2,12,18,2160,33
16592,2755,1343,1,10,12,1540,18
16593,2755,1343,3,4,4,488,11
16594,2756,1343,1,20,15,1860,47
16595,2756,1343,3,10,13,1630,3
16596,2756,1343,6,19,17,2128,74
16597,2756,1343,1,20,28,3360,4
16598,2756,1343,3,18,13,1656,18
16599,2756,1343,2,2,2,260,4
16600,2756,1343,1,20,24,2940,22
16601,2756,1343,11,9,11,1350,75
16602,2757,1343,3,14,16,1988,45
16603,2757,1343,6,11,7,924,3
16604,2757,1343,8,1,1,103,15
16605,2757,1343,6,15,19,2385,58
16606,2757,1343,10,14,13,1652,57
16607,2757,1343,1,10,14,1680,53
16608,2758,1343,2,3,2,294,10
16609,2758,1343,3,5,5,610,14
16610,2758,1343,12,12,8,1056,5
16611,2758,1343,10,3,3,402,5
16612,2758,1343,4,1,1,102,13
16613,2758,1343,10,9,7,918,5
16614,2758,1343,8,10,11,1430,10
16615,2759,1344,10,7,7,938,68
16616,2759,1344,1,9,13,1611,70
16617,2759,1344,1,9,8,1026,49
16618,2759,1344,2,11,15,1837,71
16619,2759,1344,11,2,2,350,18
16620,2759,1344,10,15,12,1455,12
16621,2760,1344,1,4,3,412,20
16622,2760,1344,1,12,14,1752,17
16623,2760,1344,10,17,16,1989,3
16624,2760,1344,6,7,7,910,21
16625,2761,1344,1,8,11,1344,20
16626,2761,1344,6,14,9,1162,30
16627,2761,1344,4,17,14,1700,22
16628,2761,1344,10,5,3,465,16
16629,2761,1344,5,11,9,1100,9
16630,2762,1344,2,6,5,648,6
16631,2762,1344,1,10,11,1410,38
16632,2762,1344,6,1,1,112,40
16633,2762,1344,7,19,28,3382,35
16634,2763,1344,1,6,4,492,49
16635,2763,1344,6,11,9,1199,75
16636,2763,1344,2,10,9,1110,22
16637,2763,1344,10,9,9,1116,10
16638,2763,1344,10,20,27,3300,73
16639,2764,1344,10,9,7,945,10
16640,2764,1344,1,10,12,1530,11
16641,2764,1344,2,17,19,2329,54
16642,2764,1344,9,6,6,816,28
16643,2764,1344,1,1,1,154,22
16644,2764,1344,1,4,4,592,72
16645,2764,1344,10,2,2,358,54
16646,2764,1344,6,20,29,3500,81
16647,2765,1344,1,9,6,783,6
16648,2765,1344,1,6,7,870,2
16649,2765,1344,1,14,17,2086,3
16650,2765,1344,10,15,13,1650,11
16651,2765,1344,10,4,5,612,30
16652,2765,1344,10,2,2,276,32
16653,2765,1344,1,17,21,2567,40
16654,2765,1344,11,14,15,1862,23
16655,2766,1344,3,12,10,1308,9
16656,2766,1344,11,1,1,86,5
16657,2766,1344,3,16,12,1440,14
16658,2766,1344,1,5,5,690,15
16659,2766,1344,2,20,25,3040,11
16660,2766,1344,2,7,9,1162,3
16661,2767,1344,5,19,23,2774,15
16662,2767,1344,10,6,8,978,15
16663,2767,1344,4,19,16,1957,31
16664,2767,1344,1,1,1,117,36
16665,2768,1345,3,18,23,2862,30
16666,2768,1345,3,4,4,528,27
16667,2768,1345,8,4,4,592,24
16668,2768,1345,3,2,1,182,2
16669,2768,1345,10,6,4,522,31
16670,2768,1345,2,18,25,3042,28
16671,2769,1345,10,20,20,2460,22
16672,2769,1345,3,19,13,1615,13
16673,2769,1345,2,8,9,1192,27
16674,2769,1345,8,3,3,417,25
16675,2769,1345,11,8,10,1304,31
16676,2769,1345,1,16,13,1616,23
16677,2769,1345,9,1,1,130,13
16678,2770,1345,8,12,8,1068,43
16679,2770,1345,10,1,1,157,39
16680,2770,1345,11,4,3,408,40
16681,2770,1345,10,17,14,1751,18
16682,2770,1345,5,14,10,1288,14
16683,2771,1345,1,11,13,1606,1
16684,2771,1345,3,3,2,261,19
16685,2771,1345,1,2,2,334,9
16686,2771,1345,7,19,17,2071,17
16687,2772,1345,2,10,10,1210,16
16688,2772,1345,2,9,9,1170,35
16689,2772,1345,10,20,22,2660,25
16690,2772,1345,1,7,10,1204,44
16691,2772,1345,1,7,7,952,15
16692,2772,1345,3,15,22,2685,56
16693,2772,1345,6,12,14,1692,60
16694,2773,1345,2,18,25,3060,1
16695,2773,1345,10,15,17,2145,18
16696,2773,1345,2,14,17,2058,6
16697,2773,1345,3,10,14,1680,10
16698,2774,1345,3,8,5,704,4
16699,2774,1345,10,5,5,660,28
16700,2774,1345,11,20,28,3400,29
16701,2774,1345,2,6,7,840,21
16702,2774,1345,3,3,2,342,34
16703,2774,1345,6,3,2,306,24
16704,2775,1345,6,12,10,1260,26
16705,2775,1345,6,16,20,2432,9
16706,2775,1345,2,9,6,729,3
16707,2775,1345,6,11,13,1650,21
16708,2776,1345,10,6,6,816,21
16709,2776,1345,2,11,16,1969,22
16710,2776,1345,10,7,10,1204,20
16711,2776,1345,2,5,4,520,5
16712,2776,1345,11,19,27,3268,10
16713,2776,1345,1,19,18,2204,25
16714,2777,1345,11,4,2,344,20
16715,2777,1345,9,8,10,1224,39
16716,2777,1345,1,5,6,830,8
16717,2777,1345,1,19,18,2242,6
16718,2777,1345,1,16,23,2768,34
16719,2777,1345,6,4,5,608,23
16720,2778,1346,2,4,3,376,1
16721,2778,1346,6,14,19,2366,29
16722,2778,1346,1,6,5,702,5
16723,2778,1346,1,14,17,2142,15
16724,2778,1346,8,15,20,2430,29
16725,2778,1346,3,5,6,785,31
16726,2778,1346,2,13,14,1768,14
16727,2778,1346,10,15,12,1470,8
16728,2779,1346,1,19,26,3211,18
16729,2779,1346,3,1,1,171,8
16730,2779,1346,3,17,23,2771,33
16731,2779,1346,11,13,12,1521,23
16732,2779,1346,5,8,7,944,47
16733,2780,1346,6,12,14,1740,59
16734,2780,1346,1,3,2,270,28
16735,2780,1346,2,20,17,2060,41
16736,2780,1346,5,16,15,1840,41
16737,2780,1346,3,10,9,1190,29
16738,2781,1346,1,12,12,1548,5
16739,2781,1346,1,17,14,1751,15
16740,2781,1346,10,5,6,795,3
16741,2781,1346,7,14,9,1120,34
16742,2781,1346,11,13,18,2171,29
16743,2781,1346,11,2,2,280,9
16744,2781,1346,2,17,12,1445,7
16745,2781,1346,4,20,26,3180,39
16746,2782,1346,10,18,16,2016,18
16747,2782,1346,1,6,7,852,15
16748,2782,1346,7,3,3,375,24
16749,2782,1346,10,16,16,1936,23
16750,2782,1346,1,7,10,1232,14
16751,2782,1346,1,8,6,824,2
16752,2782,1346,2,13,12,1443,25
16753,2782,1346,1,6,5,624,13
16754,2783,1346,8,15,19,2280,11
16755,2783,1346,8,3,2,321,4
16756,2783,1346,3,14,15,1806,12
16757,2783,1346,8,20,28,3400,52
16758,2783,1346,3,4,5,616,57
16759,2783,1346,6,14,21,2520,77
16760,2783,1346,3,3,3,384,23
16761,2783,1346,3,16,12,1472,35
16762,2784,1346,3,12,15,1848,64
16763,2784,1346,1,15,13,1605,21
16764,2784,1346,12,4,3,388,58
16765,2784,1346,1,5,3,450,46
16766,2784,1346,1,20,22,2720,3
16767,2785,1346,1,14,16,1960,27
16768,2785,1346,9,19,25,3021,20
16769,2785,1346,5,9,7,882,56
16770,2785,1346,4,14,20,2436,12
16771,2785,1346,9,17,16,1955,2
16772,2785,1346,2,18,18,2232,15
16773,2785,1346,1,14,10,1302,17
16774,2786,1346,10,16,10,1296,7
16775,2786,1346,2,20,27,3320,55
16776,2786,1346,11,17,19,2346,31
16777,2786,1346,1,12,14,1764,42
16778,2786,1346,10,20,29,3500,54
16779,2786,1346,1,16,20,2416,52
16780,2786,1346,1,5,6,835,23
16781,2787,1346,7,19,26,3173,73
16782,2787,1346,1,16,22,2752,75
16783,2787,1346,1,17,18,2261,35
16784,2787,1346,1,11,8,968,11
16785,2787,1346,10,5,7,850,51
16786,2788,1347,7,17,24,2907,20
16787,2788,1347,3,11,11,1408,85
16788,2788,1347,10,7,9,1099,73
16789,2788,1347,8,7,8,994,55
16790,2789,1347,3,10,8,1000,56
16791,2789,1347,6,15,17,2040,28
16792,2789,1347,1,9,7,873,26
16793,2789,1347,2,5,5,710,35
16794,2789,1347,2,2,2,276,10
16795,2790,1347,3,9,10,1269,40
16796,2790,1347,5,1,1,162,41
16797,2790,1347,2,4,3,436,11
16798,2790,1347,7,13,14,1703,51
16799,2790,1347,10,2,2,344,20
16800,2790,1347,6,16,13,1568,39
16801,2790,1347,2,7,10,1211,46
16802,2791,1347,6,3,4,492,34
16803,2791,1347,8,1,1,131,10
16804,2791,1347,1,14,18,2240,44
16805,2791,1347,10,12,16,2004,1
16806,2791,1347,11,13,11,1391,19
16807,2791,1347,3,8,9,1120,42
16808,2791,1347,1,10,8,1060,20
16809,2791,1347,11,14,9,1134,21
16810,2792,1347,10,6,5,696,8
16811,2792,1347,2,17,15,1802,58
16812,2792,1347,8,20,29,3500,34
16813,2792,1347,7,17,19,2397,7
16814,2792,1347,8,7,10,1232,3
16815,2792,1347,3,3,2,255,43
16816,2792,1347,2,2,2,348,3
16817,2793,1347,2,13,15,1859,41
16818,2793,1347,6,10,14,1720,3
16819,2793,1347,6,16,22,2704,35
16820,2793,1347,9,11,16,1936,48
16821,2794,1348,2,19,20,2432,41
16822,2794,1348,2,19,16,1957,7
16823,2794,1348,2,4,5,608,26
16824,2794,1348,2,9,12,1539,4
16825,2794,1348,10,7,7,917,24
16826,2794,1348,2,11,8,990,38
16827,2794,1348,12,14,10,1204,4
16828,2795,1348,1,11,15,1881,28
16829,2795,1348,4,20,26,3180,11
16830,2795,1348,3,5,4,590,15
16831,2795,1348,10,4,4,556,35
16832,2795,1348,12,3,2,354,34
16833,2796,1348,7,13,13,1638,18
16834,2796,1348,2,10,11,1320,20
16835,2796,1348,1,4,5,672,3
16836,2796,1348,10,8,11,1336,13
16837,2796,1348,5,12,14,1692,9
16838,2796,1348,11,6,5,612,17
16839,2796,1348,3,16,10,1296,9
16840,2796,1348,2,16,11,1424,18
16841,2797,1348,2,20,14,1720,33
16842,2797,1348,1,2,2,288,53
16843,2797,1348,1,17,25,3009,30
16844,2797,1348,2,11,14,1771,62
16845,2798,1348,1,7,5,630,39
16846,2798,1348,1,6,8,1020,5
16847,2798,1348,1,19,19,2318,15
16848,2798,1348,11,7,9,1120,9
16849,2798,1348,7,10,7,950,11
16850,2798,1348,10,14,15,1834,45
16851,2798,1348,1,2,2,268,36
16852,2799,1348,8,2,2,352,40
16853,2799,1348,1,5,6,725,36
16854,2799,1348,2,10,7,880,5
16855,2799,1348,9,4,5,644,9
16856,2799,1348,1,12,8,1008,10
16857,2799,1348,8,3,3,366,24
16858,2799,1348,10,9,12,1548,10
16859,2800,1349,6,3,2,258,40
16860,2800,1349,10,5,6,730,69
16861,2800,1349,3,10,14,1730,56
16862,2800,1349,4,17,11,1394,4
16863,2801,1349,1,1,1,122,46
16864,2801,1349,10,17,17,2159,19
16865,2801,1349,7,13,12,1495,7
16866,2801,1349,10,16,13,1568,36
16867,2801,1349,1,5,4,505,14
16868,2801,1349,1,9,11,1359,35
16869,2802,1349,4,6,7,942,21
16870,2802,1349,2,18,18,2214,37
16871,2802,1349,7,20,22,2740,22
16872,2802,1349,9,6,6,792,23
16873,2802,1349,10,16,11,1344,4
16874,2802,1349,2,5,6,735,19
16875,2802,1349,2,7,10,1260,10
16876,2803,1349,1,3,3,402,2
16877,2803,1349,7,20,22,2640,6
16878,2803,1349,6,8,10,1216,11
16879,2803,1349,7,14,10,1274,7
16880,2803,1349,2,11,8,1023,1
16881,2803,1349,10,1,1,106,16
16882,2803,1349,2,19,26,3173,5
16883,2803,1349,1,5,3,405,14
16884,2804,1349,1,16,18,2224,42
16885,2804,1349,3,3,3,378,47
16886,2804,1349,8,11,11,1419,18
16887,2804,1349,12,7,8,1071,37
16888,2805,1349,10,20,14,1760,37
16889,2805,1349,9,15,18,2175,48
16890,2805,1349,6,1,1,154,44
16891,2805,1349,1,18,12,1494,41
16892,2805,1349,6,2,2,250,49
16893,2805,1349,1,7,5,672,50
16894,2805,1349,9,13,19,2301,18
16895,2806,1349,1,4,4,504,55
16896,2806,1349,2,17,19,2363,52
16897,2806,1349,1,8,5,640,55
16898,2806,1349,11,9,9,1188,31
16899,2807,1349,7,18,24,2934,72
16900,2807,1349,10,15,21,2595,1
16901,2807,1349,3,10,7,910,8
16902,2807,1349,4,20,27,3280,9
16903,2807,1349,1,5,6,760,56
16904,2807,1349,4,6,5,696,68
16905,2807,1349,2,4,4,492,58
16906,2807,1349,1,7,6,791,26
16907,2808,1349,8,3,4,492,7
16908,2808,1349,1,11,13,1573,81
16909,2808,1349,1,18,16,1962,84
16910,2808,1349,1,10,12,1550,36
16911,2808,1349,2,16,15,1856,63
16912,2808,1349,2,14,12,1484,52
16913,2808,1349,10,11,9,1166,73
16914,2809,1350,7,13,16,2002,15
16915,2809,1350,2,3,2,264,24
16916,2809,1350,1,14,13,1596,7
16917,2809,1350,6,12,8,1032,28
16918,2809,1350,11,10,8,1070,15
16919,2809,1350,9,1,1,124,19
16920,2809,1350,1,13,16,1976,28
16921,2810,1350,1,18,15,1836,15
16922,2810,1350,1,14,20,2478,27
16923,2810,1350,2,20,18,2220,2
16924,2810,1350,1,5,6,835,5
16925,2810,1350,2,3,2,273,16
16926,2810,1350,3,12,12,1500,23
16927,2810,1350,1,16,14,1760,4
16928,2810,1350,7,10,8,1000,26
16929,2811,1350,1,19,25,3040,6
16930,2811,1350,8,20,18,2200,14
16931,2811,1350,1,19,22,2717,2
16932,2811,1350,3,20,26,3180,12
16933,2811,1350,2,8,6,728,1
16934,2812,1350,5,18,21,2628,28
16935,2812,1350,1,20,19,2340,7
16936,2812,1350,1,1,1,165,31
16937,2812,1350,10,13,19,2301,29
16938,2812,1350,2,8,9,1112,32
16939,2812,1350,1,13,12,1456,10
16940,2812,1350,1,14,12,1484,33
16941,2812,1350,8,3,3,405,2
16942,2813,1350,8,3,2,354,9
16943,2813,1350,1,7,8,1043,3
16944,2813,1350,2,9,6,783,8
16945,2813,1350,1,9,6,837,11
16946,2814,1350,1,12,15,1824,18
16947,2814,1350,10,16,11,1424,24
16948,2814,1350,11,1,1,140,39
16949,2814,1350,2,4,3,468,67
16950,2814,1350,2,20,27,3300,63
16951,2815,1350,10,11,9,1144,34
16952,2815,1350,1,6,8,1062,37
16953,2815,1350,7,14,15,1890,4
16954,2815,1350,10,1,1,168,2
16955,2815,1350,7,18,23,2772,15
16956,2815,1350,7,18,25,3114,29
16957,2815,1350,1,16,13,1568,5
16958,2815,1350,11,3,3,444,17
16959,2816,1350,8,2,1,174,41
16960,2816,1350,2,8,10,1296,12
16961,2816,1350,11,6,4,576,21
16962,2816,1350,7,14,13,1652,24
16963,2816,1350,2,15,12,1515,39
16964,2816,1350,6,12,8,1008,29
16965,2817,1350,3,9,11,1431,75
16966,2817,1350,2,7,5,693,41
16967,2817,1350,1,16,18,2240,83
16968,2817,1350,2,6,5,600,82
16969,2817,1350,3,15,11,1320,49
16970,2817,1350,2,9,8,990,45
16971,2818,1350,7,13,10,1261,25
16972,2818,1350,1,11,9,1199,33
16973,2818,1350,11,12,12,1488,35
16974,2818,1350,4,19,24,2945,7
16975,2818,1350,7,17,21,2584,49
16976,2818,1350,10,8,7,912,31
16977,2819,1351,6,18,18,2196,14
16978,2819,1351,7,4,3,380,5
16979,2819,1351,2,2,2,296,14
16980,2819,1351,1,3,2,309,7
16981,2819,1351,10,14,10,1288,42
16982,2819,1351,10,14,11,1358,23
16983,2819,1351,10,19,21,2622,14
16984,2819,1351,9,4,5,644,2
16985,2820,1351,1,4,3,392,56
16986,2820,1351,2,5,6,815,65
16987,2820,1351,1,2,2,272,37
16988,2820,1351,8,20,24,2980,71
16989,2820,1351,6,18,21,2538,10
16990,2821,1351,5,2,1,230,8
16991,2821,1351,10,18,12,1548,2
16992,2821,1351,5,13,14,1716,14
16993,2821,1351,2,3,3,360,7
16994,2821,1351,6,13,10,1287,5
16995,2821,1351,10,8,11,1424,8
16996,2822,1351,8,19,19,2356,18
16997,2822,1351,5,10,11,1350,24
16998,2822,1351,6,19,15,1862,1
16999,2822,1351,2,17,21,2567,34
17000,2822,1351,2,15,13,1605,10
17001,2822,1351,2,20,15,1820,27
17002,2823,1351,1,20,16,1920,12
17003,2823,1351,1,5,3,425,20
17004,2823,1351,6,13,14,1729,5
17005,2823,1351,3,5,5,615,2
17006,2823,1351,4,3,2,291,2
17007,2823,1351,1,18,17,2088,2
17008,2823,1351,3,17,20,2465,6
17009,2824,1351,6,17,17,2057,15
17010,2824,1351,10,16,19,2320,22
17011,2824,1351,4,17,23,2788,31
17012,2824,1351,1,2,2,248,15
17013,2824,1351,5,16,22,2688,26
17014,2825,1351,10,7,7,952,73
17015,2825,1351,8,16,13,1568,72
17016,2825,1351,9,7,7,924,57
17017,2825,1351,10,19,24,2907,33
17018,2825,1351,6,12,8,1008,12
17019,2826,1351,5,6,5,630,18
17020,2826,1351,11,20,29,3480,30
17021,2826,1351,10,18,16,1944,20
17022,2826,1351,1,5,5,640,10
17023,2826,1351,6,8,8,1040,20
17024,2826,1351,2,9,11,1332,31
17025,2826,1351,8,15,20,2415,19
17026,2827,1351,2,17,20,2516,30
17027,2827,1351,2,1,1,149,75
17028,2827,1351,9,17,24,2890,8
17029,2827,1351,6,7,5,707,3
17030,2827,1351,3,13,12,1508,38
17031,2827,1351,7,3,3,420,46
17032,2827,1351,11,12,9,1152,43
17033,2827,1351,9,8,10,1248,9
17034,2828,1352,10,1,1,83,49
17035,2828,1352,10,2,2,298,37
17036,2828,1352,6,15,13,1575,47
17037,2828,1352,3,14,10,1204,43
17038,2828,1352,1,17,19,2380,4
17039,2829,1352,9,11,13,1584,14
17040,2829,1352,6,7,4,595,13
17041,2829,1352,7,20,16,1920,33
17042,2829,1352,9,17,24,2958,28
17043,2830,1352,1,17,23,2839,40
17044,2830,1352,5,8,7,880,26
17045,2830,1352,1,18,25,3006,42
17046,2830,1352,1,15,21,2595,21
17047,2830,1352,1,2,2,336,38
17048,2830,1352,2,15,11,1320,35
17049,2830,1352,8,17,11,1377,44
17050,2831,1352,6,12,8,1068,30
17051,2831,1352,1,4,5,712,36
17052,2831,1352,1,14,15,1918,26
17053,2831,1352,8,15,14,1680,51
17054,2831,1352,8,18,25,3114,50
17055,2831,1352,7,18,19,2304,38
17056,2831,1352,2,3,2,261,59
17057,2831,1352,5,4,3,404,58
17058,2832,1352,3,11,11,1320,33
17059,2832,1352,10,18,21,2610,9
17060,2832,1352,1,20,14,1760,27
17061,2832,1352,7,16,11,1344,19
17062,2833,1352,5,12,13,1596,5
17063,2833,1352,2,7,8,1036,27
17064,2833,1352,10,8,6,752,13
17065,2833,1352,4,19,13,1634,2
17066,2834,1352,6,2,2,348,33
17067,2834,1352,1,20,20,2500,12
17068,2834,1352,1,16,15,1888,42
17069,2834,1352,2,20,14,1680,2
17070,2834,1352,1,20,16,2020,3
17071,2834,1352,11,16,21,2592,5
17072,2835,1353,9,5,5,665,31
17073,2835,1353,8,1,1,106,7
17074,2835,1353,4,8,10,1280,64
17075,2835,1353,1,14,21,2520,34
17076,2835,1353,1,20,19,2300,52
17077,2836,1353,6,16,21,2528,8
17078,2836,1353,10,6,5,624,13
17079,2836,1353,8,4,5,668,27
17080,2836,1353,11,7,5,602,12
17081,2836,1353,6,12,13,1572,16
17082,2836,1353,10,3,2,273,19
17083,2837,1353,2,2,2,290,1
17084,2837,1353,8,2,1,200,15
17085,2837,1353,9,3,3,417,16
17086,2837,1353,5,4,3,404,17
17087,2838,1353,1,12,11,1344,9
17088,2838,1353,6,7,9,1155,43
17089,2838,1353,1,16,22,2672,32
17090,2838,1353,4,13,11,1326,8
17091,2838,1353,7,6,7,840,27
17092,2839,1353,9,16,17,2144,20
17093,2839,1353,1,9,7,855,53
17094,2839,1353,1,11,7,957,18
17095,2839,1353,1,6,4,540,3
17096,2839,1353,2,4,3,380,34
17097,2839,1353,10,2,2,350,50
17098,2839,1353,11,11,11,1353,65
17099,2840,1353,2,3,4,504,3
17100,2840,1353,8,9,9,1125,2
17101,2840,1353,2,20,19,2380,14
17102,2840,1353,3,8,12,1440,8
17103,2840,1353,1,5,4,535,12
17104,2840,1353,4,16,20,2512,13
17105,2840,1353,5,8,6,824,11
17106,2840,1353,2,8,11,1368,7
17107,2841,1353,5,12,10,1272,39
17108,2841,1353,11,12,16,2016,9
17109,2841,1353,4,4,3,416,41
17110,2841,1353,4,3,4,498,21
17111,2841,1353,1,12,17,2124,45
17112,2841,1353,12,9,11,1359,32
17113,2841,1353,10,17,19,2380,16
17114,2841,1353,1,4,4,524,12
17115,2842,1353,2,3,2,279,24
17116,2842,1353,10,3,4,492,17
17117,2842,1353,2,2,2,310,86
17118,2842,1353,7,1,1,134,16
17119,2843,1353,8,13,15,1820,18
17120,2843,1353,10,20,23,2800,29
17121,2843,1353,4,7,6,812,13
17122,2843,1353,1,8,11,1376,14
17123,2843,1353,7,10,12,1490,16
17124,2843,1353,2,15,14,1785,2
17125,2843,1353,5,15,14,1770,32
17126,2843,1353,1,15,11,1395,21
17127,2844,1353,6,13,12,1456,31
17128,2844,1353,1,9,13,1611,51
17129,2844,1353,6,8,6,744,13
17130,2844,1353,2,18,23,2808,54
17131,2844,1353,1,20,17,2100,21
17132,2844,1353,2,9,7,945,7
17133,2844,1353,6,14,11,1400,3
17134,2844,1353,8,17,13,1649,33
17135,2845,1354,3,7,8,1043,8
17136,2845,1354,1,17,22,2686,29
17137,2845,1354,2,7,9,1176,41
17138,2845,1354,1,16,12,1472,22
17139,2846,1354,10,19,25,3002,26
17140,2846,1354,7,8,10,1264,4
17141,2846,1354,1,13,16,1976,29
17142,2846,1354,8,17,13,1581,35
17143,2846,1354,8,17,17,2159,35
17144,2846,1354,2,15,13,1650,19
17145,2846,1354,2,19,12,1558,23
17146,2846,1354,6,7,6,805,26
17147,2847,1354,7,11,15,1837,71
17148,2847,1354,8,16,11,1392,12
17149,2847,1354,11,10,8,990,18
17150,2847,1354,10,16,11,1360,80
17151,2847,1354,11,12,12,1524,61
17152,2847,1354,3,6,4,504,7
17153,2847,1354,7,8,8,1064,71
17154,2848,1354,1,19,21,2565,35
17155,2848,1354,1,8,9,1192,23
17156,2848,1354,1,18,21,2520,63
17157,2848,1354,3,3,2,300,74
17158,2848,1354,2,9,12,1557,10
17159,2848,1354,10,12,10,1296,81
17160,2848,1354,1,20,15,1860,20
17161,2848,1354,7,2,2,272,25
17162,2849,1354,1,14,18,2268,20
17163,2849,1354,4,9,8,1035,59
17164,2849,1354,10,19,24,2926,55
17165,2849,1354,3,12,8,972,59
17166,2849,1354,1,5,4,545,20
17167,2850,1354,6,12,12,1464,45
17168,2850,1354,6,11,12,1496,27
17169,2850,1354,10,17,13,1615,8
17170,2850,1354,1,1,1,84,56
17171,2850,1354,2,11,15,1837,21
17172,2850,1354,2,8,5,688,48
17173,2850,1354,6,1,1,141,52
17174,2851,1355,1,15,10,1215,31
17175,2851,1355,6,12,15,1884,14
17176,2851,1355,2,20,27,3260,12
17177,2851,1355,2,7,8,1057,20
17178,2851,1355,2,5,4,555,10
17179,2851,1355,5,1,1,92,31
17180,2851,1355,1,13,11,1365,32
17181,2852,1355,5,17,21,2635,8
17182,2852,1355,5,19,26,3173,23
17183,2852,1355,9,11,16,1958,9
17184,2852,1355,1,11,16,1958,16
17185,2853,1355,2,7,10,1239,17
17186,2853,1355,2,2,2,254,18
17187,2853,1355,10,15,22,2700,1
17188,2853,1355,2,20,29,3480,3
17189,2853,1355,5,4,5,600,21
17190,2853,1355,3,5,4,545,24
17191,2853,1355,1,4,5,608,11
17192,2853,1355,1,14,11,1358,7
17193,2854,1355,1,12,17,2100,37
17194,2854,1355,7,8,10,1200,40
17195,2854,1355,5,8,7,840,14
17196,2854,1355,3,17,20,2414,14
17197,2854,1355,6,8,8,968,34
17198,2854,1355,1,18,15,1800,40
17199,2855,1355,6,19,27,3325,65
17200,2855,1355,1,17,20,2516,2
17201,2855,1355,2,20,20,2440,9
17202,2855,1355,2,14,16,1988,36
17203,2855,1355,3,5,4,515,60
17204,2855,1355,1,2,2,266,31
17205,2855,1355,3,15,10,1260,36
17206,2855,1355,8,16,11,1392,38
17207,2856,1355,11,18,23,2844,7
17208,2856,1355,6,20,19,2340,18
17209,2856,1355,3,7,6,735,30
17210,2856,1355,4,20,25,3060,16
17211,2857,1355,8,4,3,444,1
17212,2857,1355,1,15,16,2025,1
17213,2857,1355,10,19,14,1767,4
17214,2857,1355,7,20,25,3040,15
17215,2857,1355,1,11,12,1518,15
17216,2857,1355,1,1,1,144,2
17217,2857,1355,7,16,23,2800,3
17218,2858,1355,10,12,14,1704,67
17219,2858,1355,2,19,12,1539,32
17220,2858,1355,1,5,3,445,15
17221,2858,1355,1,17,20,2465,55
17222,2858,1355,6,3,3,453,52
17223,2859,1356,6,10,7,900,11
17224,2859,1356,11,16,13,1600,9
17225,2859,1356,1,14,17,2114,11
17226,2859,1356,7,9,9,1116,7
17227,2860,1356,11,3,4,480,5
17228,2860,1356,11,12,10,1260,40
17229,2860,1356,1,8,7,936,64
17230,2860,1356,9,19,16,1957,28
17231,2860,1356,1,18,13,1584,7
17232,2860,1356,3,20,25,3080,30
17233,2860,1356,2,13,13,1625,10
17234,2860,1356,10,19,26,3135,4
17235,2861,1356,2,10,13,1640,42
17236,2861,1356,10,8,10,1264,49
17237,2861,1356,1,19,24,2945,73
17238,2861,1356,1,18,12,1494,24
17239,2861,1356,3,11,9,1133,18
17240,2862,1356,7,14,12,1470,34
17241,2862,1356,11,4,4,556,8
17242,2862,1356,2,3,2,312,36
17243,2862,1356,9,11,13,1617,7
17244,2862,1356,8,17,13,1564,2
17245,2863,1356,6,11,7,891,13
17246,2863,1356,2,18,16,1926,24
17247,2863,1356,2,3,4,528,8
17248,2863,1356,10,7,9,1141,50
17249,2863,1356,6,16,21,2544,51
17250,2863,1356,3,10,9,1130,19
17251,2864,1356,6,16,20,2512,18
17252,2864,1356,2,3,3,369,6
17253,2864,1356,1,20,15,1800,4
17254,2864,1356,1,15,14,1785,14
17255,2864,1356,2,2,2,262,12
17256,2864,1356,7,8,5,648,6
17257,2864,1356,6,1,1,83,14
17258,2865,1356,1,2,1,236,18
17259,2865,1356,9,10,8,1000,19
17260,2865,1356,10,15,10,1215,34
17261,2865,1356,1,10,12,1440,41
17262,2865,1356,1,3,2,315,52
17263,2866,1356,1,20,18,2200,10
17264,2866,1356,7,1,1,147,21
17265,2866,1356,10,18,25,3006,29
17266,2866,1356,2,3,3,456,15
17267,2866,1356,1,20,19,2360,18
17268,2866,1356,6,10,9,1080,7
17269,2867,1356,7,5,3,415,19
17270,2867,1356,4,11,13,1606,7
17271,2867,1356,6,16,12,1504,21
17272,2867,1356,7,16,19,2336,25
17273,2868,1357,1,19,24,2907,16
17274,2868,1357,6,9,11,1359,7
17275,2868,1357,1,9,10,1314,1
17276,2868,1357,4,5,5,655,1
17277,2868,1357,1,12,8,1044,4
17278,2868,1357,3,12,11,1380,15
17279,2868,1357,10,2,1,216,3
17280,2868,1357,12,17,13,1615,12
17281,2869,1357,2,1,1,165,39
17282,2869,1357,7,18,12,1440,8
17283,2869,1357,1,1,1,106,37
17284,2869,1357,1,17,23,2771,8
17285,2869,1357,7,15,21,2595,4
17286,2869,1357,6,15,16,1965,22
17287,2869,1357,11,11,10,1287,19
17288,2870,1357,5,11,7,891,7
17289,2870,1357,8,6,4,528,19
17290,2870,1357,1,10,7,910,18
17291,2870,1357,8,17,23,2771,10
17292,2870,1357,5,19,28,3382,14
17293,2870,1357,1,10,11,1330,6
17294,2870,1357,1,18,21,2574,8
17295,2870,1357,10,10,9,1080,5
17296,2871,1357,2,10,8,1050,20
17297,2871,1357,10,16,17,2128,17
17298,2871,1357,1,12,9,1152,27
17299,2871,1357,2,4,4,492,25
17300,2871,1357,2,10,8,1060,23
17301,2871,1357,1,20,26,3120,12
17302,2871,1357,11,15,15,1875,11
17303,2872,1357,1,12,16,2016,33
17304,2872,1357,1,19,13,1577,61
17305,2872,1357,6,9,8,1008,32
17306,2872,1357,1,16,20,2432,17
17307,2872,1357,6,1,1,103,18
17308,2872,1357,10,4,5,712,19
17309,2873,1357,6,5,6,805,18
17310,2873,1357,5,18,23,2826,61
17311,2873,1357,8,6,8,996,56
17312,2873,1357,1,12,9,1164,8
17313,2874,1357,2,1,1,129,25
17314,2874,1357,6,16,18,2240,22
17315,2874,1357,6,11,9,1144,29
17316,2874,1357,1,18,19,2340,7
17317,2874,1357,6,16,18,2240,7
17318,2874,1357,10,10,8,980,4
17319,2874,1357,3,11,15,1881,28
17320,2874,1357,10,16,13,1600,28
17321,2875,1357,8,9,12,1530,29
17322,2875,1357,3,3,3,408,38
17323,2875,1357,11,6,8,1044,28
17324,2875,1357,5,2,2,354,69
17325,2876,1357,5,19,23,2812,4
17326,2876,1357,10,10,10,1200,11
17327,2876,1357,7,15,22,2670,11
17328,2876,1357,6,16,10,1296,1
17329,2877,1358,7,8,8,1032,25
17330,2877,1358,1,13,12,1508,3
17331,2877,1358,1,20,16,1920,16
17332,2877,1358,3,2,1,222,18
17333,2877,1358,6,3,4,495,8
17334,2878,1358,6,8,9,1080,42
17335,2878,1358,3,14,17,2058,67
17336,2878,1358,6,5,6,775,29
17337,2878,1358,1,1,1,89,5
17338,2878,1358,10,18,18,2232,46
17339,2878,1358,2,12,17,2112,63
17340,2879,1358,4,1,1,108,36
17341,2879,1358,1,16,12,1472,31
17342,2879,1358,8,16,15,1872,39
17343,2879,1358,10,1,1,178,31
17344,2879,1358,6,8,6,784,34
17345,2879,1358,2,8,9,1128,16
17346,2879,1358,3,7,4,581,45
17347,2879,1358,2,15,16,1965,10
17348,2880,1358,1,14,18,2198,8
17349,2880,1358,1,18,25,3078,12
17350,2880,1358,8,11,9,1122,21
17351,2880,1358,1,17,19,2295,5
17352,2880,1358,2,20,20,2500,13
17353,2880,1358,1,9,12,1494,18
17354,2880,1358,4,6,4,582,9
17355,2881,1358,6,7,6,784,10
17356,2881,1358,2,19,28,3401,11
17357,2881,1358,3,10,9,1120,20
17358,2881,1358,5,1,1,112,8
17359,2882,1358,2,17,22,2686,13
17360,2882,1358,1,20,18,2160,15
17361,2882,1358,4,6,7,900,13
17362,2882,1358,11,11,14,1782,14
17363,2882,1358,3,18,12,1494,16
17364,2882,1358,1,11,15,1859,15
17365,2883,1358,1,17,11,1394,14
17366,2883,1358,12,11,7,924,6
17367,2883,1358,3,16,12,1552,5
17368,2883,1358,1,9,9,1188,22
17369,2883,1358,2,5,3,425,5
17370,2883,1358,1,15,16,1950,12
17371,2883,1358,12,19,21,2565,13
17372,2884,1358,1,7,6,826,30
17373,2884,1358,7,9,10,1251,57
17374,2884,1358,9,13,18,2275,22
17375,2884,1358,2,19,20,2451,53
17376,2884,1358,6,15,18,2250,55
17377,2884,1358,1,1,1,113,46
17378,2884,1358,11,16,19,2288,53
17379,2884,1358,3,9,6,783,33
17380,2885,1359,1,3,4,525,4
17381,2885,1359,1,12,13,1608,11
17382,2885,1359,11,6,7,948,5
17383,2885,1359,3,18,14,1710,7
17384,2885,1359,3,9,12,1503,18
17385,2885,1359,1,9,10,1215,16
17386,2885,1359,3,20,18,2160,7
17387,2885,1359,5,19,19,2337,2
17388,2886,1359,11,6,8,996,50
17389,2886,1359,1,4,3,452,12
17390,2886,1359,2,2,1,208,58
17391,2886,1359,5,11,8,990,39
17392,2886,1359,8,6,4,492,9
17393,2886,1359,1,19,13,1577,50
17394,2886,1359,4,16,14,1744,54
17395,2887,1359,3,10,11,1390,27
17396,2887,1359,1,11,11,1353,35
17397,2887,1359,7,19,26,3135,49
17398,2887,1359,3,7,8,1008,20
17399,2887,1359,1,17,13,1598,5
17400,2888,1359,1,9,6,738,22
17401,2888,1359,10,14,20,2408,14
17402,2888,1359,3,13,18,2197,4
17403,2888,1359,6,13,19,2301,13
17404,2888,1359,2,7,6,777,17
17405,2889,1359,1,15,20,2400,39
17406,2889,1359,3,1,1,104,12
17407,2889,1359,1,15,17,2070,25
17408,2889,1359,6,8,7,880,53
17409,2889,1359,2,9,8,1071,12
17410,2890,1359,8,19,23,2812,71
17411,2890,1359,1,15,22,2640,18
17412,2890,1359,1,20,27,3340,26
17413,2890,1359,2,12,8,1068,20
17414,2890,1359,1,20,24,2940,59
17415,2890,1359,11,12,12,1476,40
17416,2890,1359,10,13,15,1859,8
17417,2891,1359,6,15,10,1275,7
17418,2891,1359,12,17,11,1394,36
17419,2891,1359,3,7,6,805,7
17420,2891,1359,10,4,4,520,13
17421,2891,1359,5,3,2,252,6
17422,2891,1359,1,7,5,602,7
17423,2892,1359,10,15,18,2265,2
17424,2892,1359,1,11,12,1452,3
17425,2892,1359,4,14,12,1456,36
17426,2892,1359,11,10,7,900,39
17427,2892,1359,11,5,6,745,20
17428,2893,1359,2,10,10,1290,20
17429,2893,1359,1,12,14,1716,19
17430,2893,1359,1,6,8,984,24
17431,2893,1359,1,18,15,1890,19
17432,2893,1359,2,14,19,2380,18
17433,2893,1359,10,12,10,1260,17
17434,2894,1359,2,9,7,846,39
17435,2894,1359,2,15,22,2655,36
17436,2894,1359,3,4,4,596,42
17437,2894,1359,6,6,6,834,34
17438,2894,1359,2,18,24,2916,24
17439,2894,1359,3,16,22,2752,37
17440,2895,1360,3,20,28,3460,47
17441,2895,1360,2,17,11,1428,67
17442,2895,1360,2,20,27,3280,53
17443,2895,1360,3,5,3,475,49
17444,2895,1360,10,7,9,1176,39
17445,2896,1360,7,17,11,1411,16
17446,2896,1360,1,4,5,652,12
17447,2896,1360,4,5,6,820,49
17448,2896,1360,10,4,5,696,1
17449,2896,1360,1,2,2,252,69
17450,2896,1360,2,19,19,2299,61
17451,2896,1360,8,17,11,1394,69
17452,2897,1360,10,15,13,1665,59
17453,2897,1360,6,18,15,1854,29
17454,2897,1360,3,1,1,135,46
17455,2897,1360,6,2,2,260,10
17456,2897,1360,2,1,1,159,6
17457,2897,1360,10,16,23,2768,42
17458,2897,1360,6,13,9,1196,7
17459,2898,1360,6,11,12,1485,8
17460,2898,1360,8,19,25,3002,31
17461,2898,1360,7,8,6,776,25
17462,2898,1360,3,8,8,1048,44
17463,2899,1360,1,19,27,3287,31
17464,2899,1360,1,3,2,273,11
17465,2899,1360,1,5,5,695,11
17466,2899,1360,1,13,11,1430,5
17467,2900,1360,6,8,10,1200,37
17468,2900,1360,1,15,13,1665,15
17469,2900,1360,11,1,1,157,46
17470,2900,1360,2,13,12,1443,21
17471,2901,1360,2,5,5,645,55
17472,2901,1360,1,5,6,770,55
17473,2901,1360,11,13,11,1404,3
17474,2901,1360,10,15,14,1725,17
17475,2901,1360,6,14,12,1484,27
17476,2902,1360,5,1,1,81,6
17477,2902,1360,9,16,11,1392,21
17478,2902,1360,8,14,9,1148,20
17479,2902,1360,8,7,5,623,10
17480,2902,1360,1,8,11,1344,8
17481,2903,1360,6,7,8,1050,3
17482,2903,1360,5,9,9,1107,21
17483,2903,1360,2,19,21,2584,12
17484,2903,1360,9,11,9,1100,8
17485,2903,1360,8,11,13,1661,19
17486,2904,1361,3,3,2,324,10
17487,2904,1361,1,8,9,1096,53
17488,2904,1361,10,1,1,154,2
17489,2904,1361,10,4,3,440,20
17490,2904,1361,10,10,9,1170,59
17491,2904,1361,2,1,1,169,6
17492,2904,1361,2,8,7,864,37
17493,2905,1361,9,7,9,1176,9
17494,2905,1361,8,14,14,1764,3
17495,2905,1361,9,1,1,95,12
17496,2905,1361,12,3,3,432,20
17497,2905,1361,6,18,23,2844,15
17498,2906,1361,6,2,1,222,7
17499,2906,1361,7,13,15,1807,9
17500,2906,1361,6,7,6,812,53
17501,2906,1361,5,2,2,256,4
17502,2906,1361,2,13,9,1144,19
17503,2906,1361,1,16,15,1904,61
17504,2907,1361,1,2,2,270,57
17505,2907,1361,4,16,23,2864,44
17506,2907,1361,10,7,8,1050,54
17507,2907,1361,2,20,28,3360,63
17508,2907,1361,7,15,13,1590,39
17509,2908,1361,10,1,1,173,25
17510,2908,1361,4,7,5,651,13
17511,2908,1361,10,20,24,2880,5
17512,2908,1361,10,7,10,1204,16
17513,2908,1361,6,19,27,3325,12
17514,2908,1361,2,10,8,970,22
17515,2908,1361,6,1,1,122,14
17516,2908,1361,3,1,1,138,8
17517,2909,1361,3,13,13,1625,57
17518,2909,1361,1,18,12,1440,24
17519,2909,1361,2,2,1,208,26
17520,2909,1361,1,1,1,114,41
17521,2909,1361,3,1,1,173,22
17522,2909,1361,1,1,1,92,58
17523,2909,1361,5,20,20,2460,1
17524,2910,1361,1,9,9,1197,19
17525,2910,1361,3,14,16,1932,45
17526,2910,1361,8,1,1,126,74
17527,2910,1361,2,11,10,1243,11
17528,2910,1361,2,16,23,2768,21
17529,2910,1361,2,16,15,1808,24
17530,2910,1361,2,15,14,1740,20
17531,2911,1361,1,19,26,3230,21
17532,2911,1361,6,16,23,2816,20
17533,2911,1361,3,11,8,1001,37
17534,2911,1361,5,14,19,2338,53
17535,2911,1361,2,7,10,1225,8
17536,2911,1361,8,1,1,106,12
17537,2911,1361,6,18,21,2610,38
17538,2911,1361,10,18,22,2754,31
17539,2912,1361,1,8,11,1344,46
17540,2912,1361,2,17,21,2550,9
17541,2912,1361,10,17,11,1377,44
17542,2912,1361,6,6,5,642,7
17543,2912,1361,2,2,2,328,10
17544,2912,1361,2,2,1,162,42
17545,2912,1361,1,19,27,3344,45
17546,2913,1362,6,19,26,3192,18
17547,2913,1362,1,16,19,2384,6
17548,2913,1362,10,8,7,904,13
17549,2913,1362,4,1,1,155,15
17550,2913,1362,10,17,24,2975,11
17551,2914,1362,2,8,6,760,5
17552,2914,1362,10,15,18,2205,18
17553,2914,1362,6,18,25,3078,17
17554,2914,1362,6,3,3,405,6
17555,2915,1362,4,9,13,1584,18
17556,2915,1362,1,8,7,872,68
17557,2915,1362,10,10,9,1180,40
17558,2915,1362,3,3,3,414,41
17559,2915,1362,2,12,17,2100,59
17560,2915,1362,8,3,3,408,2
17561,2915,1362,2,9,12,1458,40
17562,2915,1362,6,3,3,378,25
17563,2916,1362,10,18,26,3168,7
17564,2916,1362,1,8,6,792,4
17565,2916,1362,9,17,13,1598,23
17566,2916,1362,2,16,11,1360,10
17567,2916,1362,9,4,4,504,13
17568,2916,1362,9,1,1,87,30
17569,2917,1362,3,13,15,1885,22
17570,2917,1362,10,3,3,399,29
17571,2917,1362,10,2,2,324,27
17572,2917,1362,3,2,1,172,11
17573,2918,1362,1,5,6,720,11
17574,2918,1362,12,5,6,795,17
17575,2918,1362,8,18,23,2862,35
17576,2918,1362,1,14,15,1890,49
17577,2918,1362,2,20,23,2800,11
17578,2918,1362,6,17,24,2975,16
17579,2919,1362,2,10,14,1690,24
17580,2919,1362,6,8,7,848,32
17581,2919,1362,2,19,28,3382,13
17582,2919,1362,2,12,18,2160,12
17583,2919,1362,8,7,8,1050,6
17584,2919,1362,4,4,4,520,17
17585,2919,1362,2,15,22,2670,23
17586,2919,1362,3,20,27,3300,9
17587,2920,1362,3,2,2,280,9
17588,2920,1362,2,19,21,2584,23
17589,2920,1362,9,3,2,312,6
17590,2920,1362,2,9,9,1197,13
17591,2920,1362,3,14,11,1386,7
17592,2920,1362,1,14,9,1134,28
17593,2920,1362,1,10,14,1700,38
17594,2921,1362,8,5,4,595,23
17595,2921,1362,2,16,17,2064,39
17596,2921,1362,6,18,26,3204,32
17597,2921,1362,2,4,5,636,19
17598,2921,1362,5,8,11,1328,13
17599,2922,1362,6,14,9,1162,5
17600,2922,1362,2,9,10,1287,8
17601,2922,1362,2,19,24,2907,30
17602,2922,1362,4,3,3,459,17
17603,2922,1362,10,9,9,1098,40
17604,2923,1363,1,20,23,2760,59
17605,2923,1363,8,3,3,435,37
17606,2923,1363,1,5,5,640,33
17607,2923,1363,9,11,10,1221,47
17608,2923,1363,1,20,18,2160,23
17609,2923,1363,1,15,16,1965,63
17610,2924,1363,1,17,19,2295,9
17611,2924,1363,2,8,6,768,22
17612,2924,1363,3,13,17,2067,3
17613,2924,1363,3,9,11,1377,19
17614,2924,1363,2,20,19,2300,12
17615,2924,1363,6,6,6,822,19
17616,2924,1363,8,17,11,1377,12
17617,2925,1363,1,14,20,2464,36
17618,2925,1363,5,8,11,1368,1
17619,2925,1363,6,19,21,2527,42
17620,2925,1363,1,12,17,2088,27
17621,2926,1363,10,2,2,356,38
17622,2926,1363,3,5,7,880,35
17623,2926,1363,10,15,11,1350,43
17624,2926,1363,1,18,22,2700,12
17625,2926,1363,10,14,12,1554,8
17626,2926,1363,1,19,20,2489,35
17627,2926,1363,3,6,6,762,20
17628,2927,1363,5,17,24,2924,10
17629,2927,1363,11,14,16,2016,20
17630,2927,1363,10,9,8,963,21
17631,2927,1363,9,3,2,291,60
17632,2927,1363,4,4,5,704,59
17633,2927,1363,7,10,13,1660,22
17634,2928,1363,11,9,7,936,62
17635,2928,1363,5,18,21,2520,21
17636,2928,1363,2,15,15,1860,65
17637,2928,1363,8,9,6,747,49
17638,2928,1363,2,2,2,344,43
17639,2928,1363,5,19,25,3059,48
17640,2928,1363,1,14,13,1652,57
17641,2928,1363,1,20,26,3220,34
17642,2929,1363,1,9,6,756,62
17643,2929,1363,6,7,6,721,69
17644,2929,1363,6,12,12,1536,70
17645,2929,1363,4,19,17,2090,19
17646,2929,1363,1,17,12,1496,82
17647,2929,1363,10,3,2,252,71
17648,2930,1363,5,2,1,214,13
17649,2930,1363,2,16,18,2208,23
17650,2930,1363,11,20,18,2220,14
17651,2930,1363,2,18,16,1962,23
17652,2931,1364,6,18,19,2376,32
17653,2931,1364,6,17,13,1564,14
17654,2931,1364,4,5,7,880,15
17655,2931,1364,6,4,5,680,47
17656,2931,1364,1,14,19,2394,32
17657,2931,1364,8,13,17,2145,18
17658,2932,1364,7,8,7,888,23
17659,2932,1364,2,8,9,1168,34
17660,2932,1364,6,6,7,870,11
17661,2932,1364,1,1,1,131,44
17662,2932,1364,10,19,22,2660,32
17663,2932,1364,3,8,5,672,35
17664,2932,1364,8,6,7,924,51
17665,2932,1364,4,2,2,274,54
17666,2933,1364,1,18,13,1638,2
17667,2933,1364,7,9,10,1206,8
17668,2933,1364,2,8,6,784,1
17669,2933,1364,1,12,11,1416,13
17670,2933,1364,1,3,2,336,19
17671,2934,1364,6,18,24,2934,21
17672,2934,1364,3,15,13,1560,4
17673,2934,1364,6,9,12,1557,4
17674,2934,1364,9,19,17,2128,19
17675,2934,1364,11,14,20,2422,22
17676,2935,1364,2,17,12,1479,27
17677,2935,1364,1,6,8,978,7
17678,2935,1364,1,6,4,552,22
17679,2935,1364,7,18,12,1458,19
17680,2935,1364,10,3,2,297,10
17681,2935,1364,10,5,3,435,4
17682,2935,1364,5,10,14,1750,8
17683,2935,1364,2,20,23,2800,26
17684,2936,1364,1,11,12,1540,5
17685,2936,1364,3,7,8,1022,2
17686,2936,1364,1,11,13,1650,10
17687,2936,1364,10,14,12,1456,6
17688,2936,1364,6,12,11,1392,1
17689,2936,1364,7,8,9,1080,1
17690,2936,1364,3,14,16,2016,4
17691,2936,1364,7,9,12,1440,1
17692,2937,1364,1,16,13,1648,73
17693,2937,1364,3,5,6,770,24
17694,2937,1364,2,10,14,1750,53
17695,2937,1364,3,18,17,2124,35
17696,2937,1364,3,15,13,1560,18
17697,2938,1364,6,13,18,2236,43
17698,2938,1364,6,13,14,1781,42
17699,2938,1364,2,1,1,81,7
17700,2938,1364,6,10,11,1390,52
17701,2939,1364,6,12,10,1248,45
17702,2939,1364,6,1,1,136,12
17703,2939,1364,1,2,2,300,33
17704,2939,1364,6,13,13,1625,20
17705,2939,1364,10,12,12,1536,23
17706,2939,1364,1,10,14,1770,59
17707,2939,1364,1,2,1,208,67
17708,2939,1364,5,3,4,480,38
17709,2940,1364,1,10,14,1710,21
17710,2940,1364,6,6,6,768,4
17711,2940,1364,6,2,1,166,30
17712,2940,1364,2,15,21,2520,37
17713,2941,1365,3,1,1,132,27
17714,2941,1365,4,10,12,1440,5
17715,2941,1365,4,7,4,567,5
17716,2941,1365,3,14,16,2016,18
17717,2942,1365,3,18,23,2790,13
17718,2942,1365,11,11,11,1353,56
17719,2942,1365,2,6,6,834,19
17720,2942,1365,5,18,14,1692,65
17721,2942,1365,8,9,12,1494,15
17722,2943,1365,1,8,9,1160,3
17723,2943,1365,1,16,11,1392,51
17724,2943,1365,10,10,11,1320,5
17725,2943,1365,5,15,20,2490,31
17726,2943,1365,1,14,20,2478,18
17727,2943,1365,1,4,3,452,27
17728,2943,1365,1,19,24,2926,6
17729,2944,1365,3,7,10,1246,19
17730,2944,1365,1,1,1,174,85
17731,2944,1365,1,15,19,2340,66
17732,2944,1365,1,3,2,321,39
17733,2944,1365,4,2,2,304,56
17734,2945,1365,2,12,8,1056,40
17735,2945,1365,3,7,7,952,25
17736,2945,1365,12,1,1,111,40
17737,2945,1365,10,6,7,846,20
17738,2945,1365,6,20,15,1800,20
17739,2945,1365,2,18,16,1980,40
17740,2945,1365,11,11,7,880,22
17741,2946,1365,10,7,6,749,25
17742,2946,1365,7,2,1,186,19
17743,2946,1365,3,16,12,1504,23
17744,2946,1365,1,18,24,2988,36
17745,2946,1365,4,6,7,852,4
17746,2946,1365,2,6,5,702,33
17747,2946,1365,6,8,8,1024,3
17748,2946,1365,2,7,7,959,18
17749,2947,1365,3,8,10,1216,56
17750,2947,1365,2,18,13,1620,37
17751,2947,1365,11,16,16,1952,33
17752,2947,1365,8,9,12,1530,34
17753,2947,1365,10,16,18,2176,24
17754,2947,1365,6,15,19,2355,12
17755,2947,1365,10,15,20,2475,57
17756,2948,1365,1,13,15,1807,12
17757,2948,1365,6,16,21,2528,21
17758,2948,1365,2,8,9,1120,4
17759,2948,1365,11,3,3,468,7
17760,2948,1365,2,15,10,1245,18
17761,2948,1365,3,4,4,532,11
17762,2948,1365,1,4,4,556,2
17763,2948,1365,1,15,16,1950,3
17764,2949,1365,1,4,4,536,38
17765,2949,1365,10,11,10,1210,52
17766,2949,1365,7,18,16,2034,21
17767,2949,1365,2,6,8,966,41
17768,2949,1365,8,15,12,1455,18
17769,2949,1365,2,15,15,1860,49
17770,2950,1366,6,5,6,820,5
17771,2950,1366,1,17,13,1666,79
17772,2950,1366,1,16,21,2528,24
17773,2950,1366,2,19,27,3287,77
17774,2950,1366,2,14,19,2310,42
17775,2950,1366,1,14,9,1162,16
17776,2950,1366,10,3,3,393,45
17777,2950,1366,2,13,13,1625,13
17778,2951,1366,2,12,15,1800,7
17779,2951,1366,8,18,24,2988,4
17780,2951,1366,6,2,2,266,26
17781,2951,1366,6,12,13,1608,55
17782,2951,1366,6,16,18,2256,43
17783,2952,1366,1,14,9,1148,3
17784,2952,1366,5,9,12,1557,14
17785,2952,1366,5,1,1,173,28
17786,2952,1366,11,20,26,3140,15
17787,2953,1366,3,4,2,324,78
17788,2953,1366,6,16,21,2624,68
17789,2953,1366,3,3,3,459,13
17790,2953,1366,8,7,9,1155,1
17791,2953,1366,6,20,15,1880,56
17792,2954,1366,1,9,10,1269,6
17793,2954,1366,1,7,7,854,16
17794,2954,1366,10,2,1,164,20
17795,2954,1366,1,17,19,2329,3
17796,2954,1366,3,2,1,206,1
17797,2954,1366,1,12,12,1452,22
17798,2954,1366,2,4,5,700,18
17799,2954,1366,3,17,21,2618,1
17800,2955,1366,10,19,24,2983,9
17801,2955,1366,1,5,5,625,12
17802,2955,1366,6,7,9,1134,7
17803,2955,1366,2,6,8,1002,7
17804,2955,1366,1,3,2,306,22
17805,2955,1366,2,1,1,98,11
17806,2956,1366,1,3,2,330,9
17807,2956,1366,1,16,17,2144,38
17808,2956,1366,1,9,12,1467,31
17809,2956,1366,10,9,8,1062,32
17810,2957,1367,9,15,20,2415,72
17811,2957,1367,1,18,21,2556,54
17812,2957,1367,9,16,19,2352,40
17813,2957,1367,2,7,6,819,25
17814,2958,1367,4,8,9,1104,3
17815,2958,1367,8,3,3,432,44
17816,2958,1367,1,7,10,1218,26
17817,2958,1367,10,7,7,910,14
17818,2958,1367,3,11,7,913,27
17819,2958,1367,1,2,1,216,16
17820,2958,1367,11,12,9,1104,8
17821,2959,1367,5,10,10,1250,44
17822,2959,1367,10,8,8,1056,11
17823,2959,1367,2,8,5,648,16
17824,2959,1367,2,5,5,675,1
17825,2959,1367,1,8,6,824,9
17826,2959,1367,3,20,26,3140,9
17827,2959,1367,10,15,12,1455,41
17828,2960,1367,1,10,14,1750,2
17829,2960,1367,1,16,16,1952,11
17830,2960,1367,10,3,2,240,24
17831,2960,1367,5,20,26,3200,34
17832,2960,1367,11,19,28,3401,74
17833,2961,1367,10,18,22,2736,59
17834,2961,1367,2,13,12,1495,58
17835,2961,1367,7,20,27,3320,34
17836,2961,1367,6,15,11,1320,14
17837,2961,1367,10,2,1,216,11
17838,2961,1367,10,5,7,900,36
17839,2961,1367,2,6,8,1032,11
17840,2962,1367,7,7,5,672,6
17841,2962,1367,7,8,11,1416,3
17842,2962,1367,10,2,1,234,11
17843,2962,1367,6,13,8,1040,13
17844,2962,1367,1,5,6,780,13
17845,2962,1367,6,19,19,2337,33
17846,2963,1367,1,15,15,1875,10
17847,2963,1367,1,6,6,726,23
17848,2963,1367,3,7,5,630,33
17849,2963,1367,11,1,1,135,11
17850,2963,1367,2,4,3,456,16
17851,2964,1368,4,8,5,640,23
17852,2964,1368,2,12,15,1896,27
17853,2964,1368,1,16,17,2112,16
17854,2964,1368,1,19,22,2698,25
17855,2964,1368,7,6,6,726,9
17856,2965,1368,10,16,23,2848,17
17857,2965,1368,5,3,2,327,38
17858,2965,1368,1,5,3,405,15
17859,2965,1368,11,12,17,2148,26
17860,2965,1368,6,10,7,880,20
17861,2965,1368,2,10,6,830,7
17862,2965,1368,2,17,21,2567,31
17863,2966,1368,11,12,11,1320,26
17864,2966,1368,7,15,11,1395,66
17865,2966,1368,10,9,13,1584,24
17866,2966,1368,5,10,6,810,69
17867,2966,1368,7,18,26,3186,65
17868,2967,1368,4,6,8,984,43
17869,2967,1368,1,5,7,885,7
17870,2967,1368,1,10,13,1620,12
17871,2967,1368,3,18,25,3042,47
17872,2967,1368,7,12,12,1500,52
17873,2968,1368,1,5,3,475,67
17874,2968,1368,3,8,10,1264,47
17875,2968,1368,7,18,27,3240,71
17876,2968,1368,5,9,7,909,30
17877,2969,1368,1,3,3,396,37
17878,2969,1368,5,2,2,268,36
17879,2969,1368,1,11,14,1760,25
17880,2969,1368,1,13,10,1274,10
17881,2969,1368,2,10,11,1350,50
17882,2969,1368,1,14,14,1708,24
17883,2970,1368,6,5,4,545,11
17884,2970,1368,6,3,3,423,5
17885,2970,1368,3,18,17,2106,15
17886,2970,1368,10,6,6,834,2
17887,2970,1368,10,19,24,2964,9
17888,2970,1368,10,9,9,1152,4
17889,2970,1368,3,11,9,1188,13
17890,2971,1368,2,10,11,1430,1
17891,2971,1368,3,16,15,1904,1
17892,2971,1368,6,3,4,501,21
17893,2971,1368,2,5,6,805,65
17894,2971,1368,3,2,1,164,58
17895,2971,1368,7,4,2,332,55
17896,2971,1368,10,17,12,1462,19
17897,2971,1368,8,5,5,625,66
17898,2972,1368,10,2,2,358,70
17899,2972,1368,5,4,3,464,68
17900,2972,1368,2,20,19,2380,50
17901,2972,1368,6,11,10,1243,10
17902,2972,1368,7,6,5,690,23
17903,2972,1368,11,20,22,2640,8
17904,2972,1368,3,20,15,1800,32
17905,2972,1368,8,6,9,1080,16
17906,2973,1368,2,5,7,840,5
17907,2973,1368,5,14,15,1904,34
17908,2973,1368,10,7,9,1148,27
17909,2973,1368,3,14,20,2408,30
17910,2973,1368,3,12,15,1848,19
17911,2973,1368,6,18,19,2340,15
17912,2973,1368,3,16,21,2592,34
17913,2973,1368,2,19,27,3268,29
17914,2974,1369,10,5,4,580,23
17915,2974,1369,5,4,4,588,24
17916,2974,1369,3,14,12,1470,7
17917,2974,1369,3,18,20,2484,9
17918,2974,1369,11,5,7,850,14
17919,2974,1369,7,15,21,2580,7
17920,2974,1369,1,13,18,2275,17
17921,2974,1369,1,14,10,1232,11
17922,2975,1369,1,13,10,1261,3
17923,2975,1369,7,6,8,996,35
17924,2975,1369,1,1,1,141,20
17925,2975,1369,6,19,19,2299,40
17926,2975,1369,3,9,6,819,42
17927,2975,1369,2,5,4,575,22
17928,2976,1369,2,3,2,348,22
17929,2976,1369,6,9,7,909,3
17930,2976,1369,8,17,13,1666,11
17931,2976,1369,10,9,13,1611,11
17932,2976,1369,7,4,3,448,8
17933,2977,1369,2,2,2,294,25
17934,2977,1369,10,20,29,3560,38
17935,2977,1369,1,2,2,248,5
17936,2977,1369,1,9,12,1512,5
17937,2977,1369,2,10,14,1760,40
17938,2978,1369,1,19,18,2204,10
17939,2978,1369,4,12,9,1164,29
17940,2978,1369,1,1,1,137,31
17941,2978,1369,6,3,2,345,31
17942,2978,1369,3,5,4,545,26
17943,2978,1369,12,4,4,572,3
17944,2978,1369,2,5,4,595,12
17945,2978,1369,1,10,7,880,30
17946,2979,1369,7,3,4,498,14
17947,2979,1369,3,2,2,252,21
17948,2979,1369,2,20,21,2600,2
17949,2979,1369,6,4,3,400,61
17950,2979,1369,10,16,13,1616,5
17951,2980,1370,1,2,2,324,74
17952,2980,1370,2,3,3,372,22
17953,2980,1370,1,20,29,3520,80
17954,2980,1370,9,4,4,560,67
17955,2981,1370,2,13,18,2184,12
17956,2981,1370,2,8,8,1072,52
17957,2981,1370,2,13,17,2093,44
17958,2981,1370,6,10,14,1770,42
17959,2981,1370,2,13,8,1040,54
17960,2982,1370,2,16,15,1904,11
17961,2982,1370,5,3,3,441,31
17962,2982,1370,11,3,4,504,13
17963,2982,1370,10,14,12,1526,23
17964,2982,1370,7,7,5,665,15
17965,2982,1370,2,4,3,364,10
17966,2983,1370,3,10,10,1200,40
17967,2983,1370,3,17,15,1802,74
17968,2983,1370,7,19,12,1558,36
17969,2983,1370,10,16,20,2512,12
17970,2984,1370,2,16,20,2480,39
17971,2984,1370,1,3,3,435,22
17972,2984,1370,7,6,7,948,30
17973,2984,1370,3,2,2,358,28
17974,2984,1370,2,1,1,156,14
17975,2985,1370,3,14,19,2394,3
17976,2985,1370,2,1,1,129,5
17977,2985,1370,3,2,2,248,10
17978,2985,1370,1,14,12,1498,12
17979,2985,1370,11,9,6,756,18
17980,2985,1370,4,11,8,1023,15
17981,2986,1370,11,8,11,1416,34
17982,2986,1370,10,5,5,600,35
17983,2986,1370,6,8,11,1432,43
17984,2986,1370,2,5,5,650,15
17985,2986,1370,3,8,9,1184,4
17986,2986,1370,12,13,19,2301,7
17987,2987,1370,4,2,1,232,27
17988,2987,1370,5,3,2,258,2
17989,2987,1370,3,4,2,320,41
17990,2987,1370,10,12,8,996,60
17991,2987,1370,8,4,3,448,1
17992,2987,1370,6,17,18,2278,65
17993,2987,1370,3,14,18,2184,8
17994,2987,1370,3,8,7,864,72
17995,2988,1370,1,2,2,318,4
17996,2988,1370,1,20,28,3440,17
17997,2988,1370,6,4,5,668,13
17998,2988,1370,5,1,1,153,17
17999,2988,1370,9,9,10,1251,20
18000,2988,1370,1,17,22,2754,8
18001,2988,1370,6,9,9,1170,20
18002,2988,1370,1,14,18,2254,4
18003,2989,1370,10,17,24,2941,20
18004,2989,1370,10,5,6,835,27
18005,2989,1370,5,6,5,618,31
18006,2989,1370,2,15,15,1800,42
18007,2989,1370,6,5,5,695,5
18008,2990,1371,1,3,3,447,28
18009,2990,1371,10,18,20,2448,5
18010,2990,1371,1,20,21,2620,12
18011,2990,1371,10,15,17,2145,13
18012,2990,1371,4,15,18,2235,30
18013,2990,1371,8,16,12,1520,7
18014,2991,1371,8,17,15,1802,16
18015,2991,1371,1,2,2,260,14
18016,2991,1371,1,20,20,2440,14
18017,2991,1371,4,18,19,2304,12
18018,2991,1371,3,17,25,3026,8
18019,2991,1371,3,1,1,135,3
18020,2992,1371,1,17,12,1513,39
18021,2992,1371,6,9,7,954,72
18022,2992,1371,5,3,3,375,27
18023,2992,1371,1,1,1,81,47
18024,2993,1371,6,10,14,1680,70
18025,2993,1371,2,18,17,2106,24
18026,2993,1371,2,13,9,1144,36
18027,2993,1371,10,3,4,522,57
18028,2993,1371,10,10,8,1070,58
18029,2993,1371,2,4,5,716,67
18030,2994,1371,3,19,22,2755,8
18031,2994,1371,11,13,16,2028,23
18032,2994,1371,7,8,10,1296,24
18033,2994,1371,1,14,20,2478,38
18034,2994,1371,1,14,10,1204,17
18035,2994,1371,7,6,6,726,37
18036,2995,1371,7,1,1,88,79
18037,2995,1371,10,19,19,2280,72
18038,2995,1371,6,3,4,510,66
18039,2995,1371,7,8,11,1368,24
18040,2995,1371,2,10,15,1800,47
18041,2995,1371,4,10,9,1090,40
18042,2996,1371,2,3,2,300,10
18043,2996,1371,5,19,19,2318,10
18044,2996,1371,6,8,11,1392,33
18045,2996,1371,1,2,2,270,10
18046,2996,1371,5,18,18,2232,9
18047,2996,1371,1,2,1,170,30
18048,2996,1371,2,20,14,1680,5
18049,2996,1371,1,12,13,1668,2
18050,2997,1371,8,17,13,1666,10
18051,2997,1371,2,7,4,574,12
18052,2997,1371,10,20,20,2420,33
18053,2997,1371,5,12,12,1452,29
18054,2998,1372,2,13,8,1040,35
18055,2998,1372,2,2,1,194,43
18056,2998,1372,3,12,15,1860,40
18057,2998,1372,1,8,11,1424,21
18058,2998,1372,1,19,19,2394,39
18059,2998,1372,8,14,18,2198,8
18060,2998,1372,3,6,4,486,31
18061,2999,1372,6,17,22,2652,14
18062,2999,1372,3,13,11,1404,4
18063,2999,1372,1,6,7,840,31
18064,2999,1372,11,15,14,1740,46
18065,2999,1372,5,3,2,285,35
18066,2999,1372,2,18,21,2574,35
18067,2999,1372,6,1,1,125,10
18068,3000,1372,2,19,12,1558,2
18069,3000,1372,10,6,6,738,26
18070,3000,1372,2,17,19,2346,17
18071,3000,1372,1,15,13,1575,4
18072,3000,1372,11,1,1,102,6
18073,3000,1372,10,1,1,109,15
18074,3001,1372,2,12,16,1932,15
18075,3001,1372,1,9,13,1611,1
18076,3001,1372,8,4,4,532,18
18077,3001,1372,11,15,18,2235,24
18078,3001,1372,6,14,9,1176,40
18079,3001,1372,10,8,7,840,32
18080,3002,1372,4,11,8,979,3
18081,3002,1372,1,3,4,519,37
18082,3002,1372,3,9,11,1332,14
18083,3002,1372,5,7,5,714,22
18084,3002,1372,10,1,1,130,9
18085,3002,1372,2,11,7,913,11
18086,3003,1372,6,17,24,2907,15
18087,3003,1372,5,1,1,118,15
18088,3003,1372,6,2,1,162,13
18089,3003,1372,1,11,7,935,3
18090,3003,1372,10,16,16,1952,20
18091,3003,1372,1,10,12,1490,21
18092,3003,1372,6,20,17,2040,7
18093,3004,1372,10,10,13,1620,36
18094,3004,1372,3,15,21,2580,81
18095,3004,1372,1,14,10,1204,46
18096,3004,1372,4,13,13,1573,17
18097,3004,1372,3,19,28,3420,72
18098,3004,1372,2,3,4,519,13
18099,3004,1372,1,11,14,1705,65
18100,3005,1373,5,1,1,94,14
18101,3005,1373,11,10,13,1670,9
18102,3005,1373,2,3,3,390,20
18103,3005,1373,10,3,2,321,16
18104,3005,1373,1,9,6,747,18
18105,3005,1373,6,20,23,2800,17
18106,3005,1373,2,4,4,480,23
18107,3005,1373,1,5,6,800,15
18108,3006,1373,2,20,28,3420,8
18109,3006,1373,10,4,5,668,48
18110,3006,1373,2,9,9,1080,38
18111,3006,1373,2,18,12,1494,27
18112,3006,1373,1,19,26,3135,21
18113,3006,1373,8,16,21,2528,22
18114,3006,1373,4,13,9,1131,29
18115,3006,1373,1,2,2,312,13
18116,3007,1373,1,14,20,2492,36
18117,3007,1373,1,5,3,405,21
18118,3007,1373,1,17,16,1972,22
18119,3007,1373,8,18,14,1692,14
18120,3007,1373,2,15,18,2175,21
18121,3008,1373,9,8,6,784,49
18122,3008,1373,2,2,1,212,71
18123,3008,1373,1,4,4,588,53
18124,3008,1373,1,11,16,1936,6
18125,3008,1373,6,12,12,1440,9
18126,3009,1373,6,6,7,942,10
18127,3009,1373,1,14,13,1638,21
18128,3009,1373,6,16,10,1312,16
18129,3009,1373,1,10,10,1230,13
18130,3009,1373,1,12,12,1500,11
18131,3009,1373,1,9,7,891,4
18132,3009,1373,3,4,5,616,12
18133,3009,1373,7,12,15,1824,10
18134,3010,1373,2,9,11,1377,7
18135,3010,1373,3,10,14,1720,64
18136,3010,1373,5,5,6,785,19
18137,3010,1373,2,20,24,2880,67
18138,3011,1373,10,4,4,588,57
18139,3011,1373,10,1,1,136,35
18140,3011,1373,6,18,23,2826,2
18141,3011,1373,1,3,3,450,6
18142,3012,1374,2,14,16,1946,15
18143,3012,1374,10,11,9,1133,4
18144,3012,1374,11,14,12,1470,12
18145,3012,1374,6,6,8,960,9
18146,3013,1374,10,1,1,137,28
18147,3013,1374,11,10,11,1380,34
18148,3013,1374,12,17,21,2601,7
18149,3013,1374,8,12,15,1908,16
18150,3013,1374,6,19,22,2641,32
18151,3013,1374,10,4,3,476,9
18152,3014,1374,7,5,4,500,15
18153,3014,1374,1,7,10,1253,61
18154,3014,1374,7,14,9,1134,2
18155,3014,1374,1,11,9,1133,31
18156,3014,1374,1,5,7,885,14
18157,3014,1374,7,5,6,805,5
18158,3014,1374,2,4,4,568,76
18159,3015,1374,4,7,4,567,62
18160,3015,1374,1,17,16,2006,53
18161,3015,1374,3,20,13,1660,32
18162,3015,1374,7,4,5,652,35
18163,3015,1374,6,7,6,749,30
18164,3016,1374,10,2,2,250,45
18165,3016,1374,3,2,2,332,29
18166,3016,1374,1,3,3,378,44
18167,3016,1374,7,14,16,1988,27
18168,3016,1374,6,8,9,1152,28
18169,3017,1374,2,1,1,180,13
18170,3017,1374,7,3,3,432,8
18171,3017,1374,1,7,8,1029,57
18172,3017,1374,8,9,7,900,51
18173,3017,1374,1,10,6,800,46
18174,3017,1374,2,16,16,2000,48
18175,3017,1374,1,13,17,2067,67
18176,3018,1374,9,3,4,507,5
18177,3018,1374,1,1,1,157,5
18178,3018,1374,8,19,14,1710,30
18179,3018,1374,3,1,1,90,34
18180,3018,1374,1,16,18,2224,8
18181,3018,1374,3,11,12,1441,32
18182,3018,1374,5,18,20,2448,26
18183,3018,1374,3,5,3,450,29
18184,3019,1375,2,12,12,1536,24
18185,3019,1375,3,7,8,987,22
18186,3019,1375,12,20,24,2940,12
18187,3019,1375,2,18,13,1602,14
18188,3019,1375,1,18,27,3240,8
18189,3019,1375,4,1,1,180,7
18190,3020,1375,2,9,9,1080,29
18191,3020,1375,10,11,9,1111,25
18192,3020,1375,2,15,11,1395,45
18193,3020,1375,7,10,13,1600,60
18194,3020,1375,5,7,5,651,3
18195,3020,1375,2,12,9,1176,32
18196,3020,1375,2,9,9,1125,28
18197,3020,1375,2,9,8,963,5
18198,3021,1375,2,6,6,804,21
18199,3021,1375,1,19,17,2128,29
18200,3021,1375,1,19,15,1824,26
18201,3021,1375,7,7,7,959,3
18202,3022,1375,1,7,9,1169,3
18203,3022,1375,6,6,4,588,5
18204,3022,1375,3,14,10,1288,12
18205,3022,1375,5,5,5,620,3
18206,3022,1375,1,18,26,3168,16
18207,3022,1375,6,6,5,600,8
18208,3023,1375,1,3,4,507,28
18209,3023,1375,1,16,16,1984,63
18210,3023,1375,1,10,6,830,80
18211,3023,1375,3,4,5,692,69
18212,3023,1375,1,18,19,2286,40
18213,3023,1375,2,13,10,1274,82
18214,3023,1375,8,9,10,1314,14
18215,3023,1375,5,7,5,658,62
18216,3024,1375,6,14,13,1638,21
18217,3024,1375,8,17,15,1904,84
18218,3024,1375,10,13,16,1950,41
18219,3024,1375,1,5,5,655,9
18220,3024,1375,4,12,16,2004,70
18221,3025,1375,3,10,8,1000,7
18222,3025,1375,9,2,1,216,16
18223,3025,1375,3,2,1,194,66
18224,3025,1375,1,4,3,368,63
18225,3025,1375,1,1,1,117,64
18226,3026,1375,2,2,2,254,18
18227,3026,1375,1,15,21,2595,1
18228,3026,1375,1,16,14,1760,73
18229,3026,1375,10,2,2,320,11
18230,3026,1375,3,8,6,760,55
18231,3026,1375,1,11,13,1595,9
18232,3026,1375,10,15,17,2115,15
18233,3027,1375,3,9,6,792,52
18234,3027,1375,2,2,2,262,35
18235,3027,1375,5,18,25,3006,37
18236,3027,1375,8,10,9,1140,18
18237,3027,1375,2,2,1,228,65
18238,3027,1375,4,10,10,1250,29
18239,3027,1375,4,18,26,3150,38
18240,3028,1376,10,16,17,2128,27
18241,3028,1376,10,15,13,1650,7
18242,3028,1376,2,6,6,720,18
18243,3028,1376,1,15,18,2235,14
18244,3028,1376,10,3,2,270,10
18245,3028,1376,2,18,13,1674,36
18246,3029,1376,10,13,11,1391,39
18247,3029,1376,2,17,23,2822,44
18248,3029,1376,3,19,22,2698,63
18249,3029,1376,1,10,10,1270,49
18250,3030,1376,10,8,7,944,23
18251,3030,1376,8,6,5,636,47
18252,3030,1376,6,17,20,2482,82
18253,3030,1376,3,1,1,122,18
18254,3030,1376,2,7,7,910,24
18255,3030,1376,3,6,6,726,69
18256,3030,1376,10,13,10,1235,65
18257,3031,1376,1,18,17,2052,24
18258,3031,1376,4,9,7,891,14
18259,3031,1376,1,10,11,1390,4
18260,3031,1376,8,3,4,534,24
18261,3031,1376,2,5,5,700,12
18262,3031,1376,3,7,6,770,23
18263,3032,1376,1,20,30,3600,8
18264,3032,1376,3,20,20,2480,5
18265,3032,1376,6,16,23,2864,10
18266,3032,1376,11,18,12,1458,6
18267,3032,1376,10,7,6,763,12
18268,3032,1376,1,11,13,1606,9
18269,3032,1376,6,20,22,2700,8
18270,3033,1376,2,2,2,274,37
18271,3033,1376,6,3,3,390,79
18272,3033,1376,5,4,4,480,42
18273,3033,1376,2,4,3,416,78
18274,3033,1376,3,2,2,330,40
18275,3033,1376,3,11,16,1947,15
18276,3033,1376,10,1,1,117,24
18277,3033,1376,2,5,5,605,72
18278,3034,1376,10,19,16,2014,26
18279,3034,1376,2,11,12,1551,12
18280,3034,1376,3,14,17,2100,47
18281,3034,1376,1,9,11,1395,35
18282,3034,1376,1,9,13,1566,58
18283,3034,1376,3,5,5,700,58
18284,3034,1376,1,1,1,159,18
18285,3034,1376,4,15,21,2625,10
18286,3035,1376,8,9,6,774,9
18287,3035,1376,4,18,13,1656,8
18288,3035,1376,2,4,4,580,9
18289,3035,1376,2,11,9,1089,5
18290,3035,1376,10,6,4,564,7
18291,3035,1376,2,6,8,978,1
18292,3036,1377,1,20,20,2420,33
18293,3036,1377,6,11,8,1067,11
18294,3036,1377,7,3,4,489,18
18295,3036,1377,1,12,15,1836,40
18296,3036,1377,8,8,6,832,32
18297,3036,1377,5,16,20,2432,69
18298,3036,1377,2,15,16,1995,76
18299,3036,1377,10,4,4,556,60
18300,3037,1377,6,11,9,1199,59
18301,3037,1377,1,2,2,334,8
18302,3037,1377,6,8,8,1024,15
18303,3037,1377,6,20,24,2920,52
18304,3038,1377,10,9,12,1449,28
18305,3038,1377,3,14,12,1442,49
18306,3038,1377,7,19,13,1653,45
18307,3038,1377,2,11,9,1133,10
18308,3038,1377,6,19,15,1919,51
18309,3038,1377,3,6,6,720,36
18310,3039,1377,8,17,23,2788,16
18311,3039,1377,8,1,1,136,16
18312,3039,1377,2,9,9,1197,4
18313,3039,1377,1,16,20,2464,30
18314,3039,1377,7,2,2,322,31
18315,3039,1377,8,14,17,2044,23
18316,3039,1377,7,9,8,1017,49
18317,3040,1377,11,8,7,888,17
18318,3040,1377,5,17,18,2176,21
18319,3040,1377,2,18,13,1566,1
18320,3040,1377,1,1,1,165,29
18321,3040,1377,3,13,13,1638,13
18322,3040,1377,1,16,22,2640,24
18323,3041,1377,1,16,15,1808,9
18324,3041,1377,9,8,7,944,43
18325,3041,1377,1,5,6,745,45
18326,3041,1377,2,8,10,1288,56
18327,3041,1377,3,8,9,1112,22
18328,3041,1377,1,20,22,2660,33
18329,3041,1377,2,12,10,1308,39
18330,3042,1378,2,18,27,3240,20
18331,3042,1378,2,5,5,705,13
18332,3042,1378,3,3,3,384,7
18333,3042,1378,6,9,11,1323,4
18334,3042,1378,8,15,12,1485,25
18335,3042,1378,8,11,8,1045,6
18336,3042,1378,8,16,15,1904,17
18337,3042,1378,1,12,18,2160,7
18338,3043,1378,6,8,10,1256,33
18339,3043,1378,1,17,11,1360,34
18340,3043,1378,2,9,7,918,3
18341,3043,1378,8,1,1,158,41
18342,3044,1378,1,16,20,2400,37
18343,3044,1378,7,19,28,3382,14
18344,3044,1378,2,1,1,131,7
18345,3044,1378,10,15,12,1545,14
18346,3044,1378,10,5,3,420,30
18347,3044,1378,2,4,3,440,20
18348,3044,1378,5,14,14,1722,29
18349,3045,1378,1,8,6,824,8
18350,3045,1378,1,9,6,720,13
18351,3045,1378,4,6,7,906,11
18352,3045,1378,2,11,16,1947,40
18353,3045,1378,1,3,2,294,34
18354,3045,1378,6,16,14,1792,2
18355,3045,1378,7,20,19,2320,1
18356,3045,1378,11,8,9,1096,13
18357,3046,1378,6,17,19,2363,46
18358,3046,1378,10,8,8,1064,4
18359,3046,1378,10,14,19,2366,15
18360,3046,1378,2,12,9,1080,13
18361,3047,1378,1,19,20,2413,7
18362,3047,1378,1,19,14,1786,17
18363,3047,1378,1,8,6,760,14
18364,3047,1378,4,14,11,1358,20
18365,3047,1378,10,14,20,2436,18
18366,3047,1378,1,15,22,2685,11
18367,3047,1378,2,3,2,348,10
18368,3048,1379,8,5,6,825,7
18369,3048,1379,2,2,1,196,14
18370,3048,1379,6,6,5,708,32
18371,3048,1379,2,13,15,1911,31
18372,3048,1379,11,5,5,715,6
18373,3048,1379,5,12,17,2088,5
18374,3049,1379,7,19,21,2603,59
18375,3049,1379,10,18,25,3114,3
18376,3049,1379,5,17,22,2737,38
18377,3049,1379,1,17,18,2261,61
18378,3049,1379,6,8,10,1264,28
18379,3050,1379,7,20,25,3100,43
18380,3050,1379,2,16,13,1648,2
18381,3050,1379,1,7,7,840,11
18382,3050,1379,1,10,12,1490,7
18383,3050,1379,1,9,9,1197,34
18384,3050,1379,6,8,9,1184,38
18385,3051,1379,1,14,12,1470,44
18386,3051,1379,11,10,12,1530,9
18387,3051,1379,1,11,15,1848,44
18388,3051,1379,6,5,7,875,18
18389,3052,1379,1,9,6,828,30
18390,3052,1379,3,18,18,2196,7
18391,3052,1379,10,8,10,1304,1
18392,3052,1379,10,3,3,396,18
18393,3053,1379,1,20,28,3380,15
18394,3053,1379,7,13,10,1248,4
18395,3053,1379,1,18,12,1476,14
18396,3053,1379,6,9,8,999,17
18397,3053,1379,6,4,3,472,17
18398,3053,1379,1,20,25,3060,4
18399,3054,1379,8,9,8,1044,2
18400,3054,1379,5,1,1,88,11
18401,3054,1379,10,14,20,2422,5
18402,3054,1379,11,3,3,369,14
18403,3054,1379,11,20,26,3160,6
18404,3055,1380,9,3,4,486,15
18405,3055,1380,2,3,3,369,15
18406,3055,1380,9,20,18,2160,54
18407,3055,1380,1,19,17,2071,39
18408,3055,1380,1,17,22,2754,10
18409,3055,1380,8,7,7,882,46
18410,3055,1380,6,13,12,1443,18
18411,3055,1380,10,16,13,1616,50
18412,3056,1380,9,4,5,624,30
18413,3056,1380,6,14,14,1680,22
18414,3056,1380,3,15,21,2625,26
18415,3056,1380,1,16,22,2704,18
18416,3056,1380,6,1,1,109,51
18417,3056,1380,2,2,1,162,22
18418,3057,1380,1,9,13,1575,41
18419,3057,1380,11,13,17,2145,60
18420,3057,1380,3,12,8,1056,32
18421,3057,1380,1,16,22,2720,21
18422,3057,1380,7,6,7,918,8
18423,3057,1380,11,7,9,1127,25
18424,3058,1380,2,9,11,1395,13
18425,3058,1380,1,3,4,522,53
18426,3058,1380,2,1,1,107,36
18427,3058,1380,1,1,1,110,4
18428,3058,1380,6,5,6,830,33
18429,3058,1380,2,10,8,1050,25
18430,3059,1380,3,1,1,155,51
18431,3059,1380,9,2,2,256,28
18432,3059,1380,5,18,12,1548,48
18433,3059,1380,2,20,19,2280,2
18434,3059,1380,10,14,13,1652,20
18435,3059,1380,3,12,8,1056,22
18436,3059,1380,3,16,21,2624,37
18437,3060,1380,11,17,20,2448,13
18438,3060,1380,10,9,11,1377,43
18439,3060,1380,1,18,17,2052,19
18440,3060,1380,2,2,2,280,20
18441,3061,1380,1,18,12,1476,13
18442,3061,1380,7,19,26,3173,18
18443,3061,1380,2,2,1,162,5
18444,3061,1380,1,11,12,1485,34
18445,3061,1380,12,19,22,2679,31
18446,3061,1380,6,8,11,1376,28
18447,3061,1380,9,20,21,2560,20
18448,3061,1380,2,5,3,470,26
18449,3062,1380,6,6,8,1008,65
18450,3062,1380,3,16,20,2464,59
18451,3062,1380,11,19,17,2071,38
18452,3062,1380,4,11,14,1749,56
18453,3062,1380,11,7,7,882,61
18454,3062,1380,1,7,10,1204,11
18455,3062,1380,2,13,9,1092,47
18456,3062,1380,6,15,19,2325,37
18457,3063,1380,2,4,2,332,2
18458,3063,1380,1,12,11,1428,10
18459,3063,1380,3,3,2,306,9
18460,3063,1380,11,16,14,1760,16
18461,3063,1380,6,18,17,2052,17
18462,3063,1380,8,2,1,196,1
18463,3063,1380,8,8,6,808,17
18464,3064,1381,8,13,18,2223,3
18465,3064,1381,3,8,6,792,5
18466,3064,1381,2,2,2,312,4
18467,3064,1381,8,12,13,1644,8
18468,3064,1381,1,5,4,515,8
18469,3064,1381,7,13,9,1092,3
18470,3064,1381,3,12,11,1392,5
18471,3064,1381,3,17,20,2482,7
18472,3065,1381,9,3,2,291,9
18473,3065,1381,1,10,12,1500,7
18474,3065,1381,6,2,2,344,14
18475,3065,1381,1,17,16,1938,11
18476,3065,1381,3,16,13,1568,15
18477,3065,1381,4,16,14,1680,1
18478,3065,1381,1,7,9,1148,19
18479,3065,1381,9,18,17,2106,16
18480,3066,1381,3,8,7,848,7
18481,3066,1381,6,4,3,444,57
18482,3066,1381,1,17,15,1819,21
18483,3066,1381,4,1,1,104,15
18484,3066,1381,3,10,13,1610,62
18485,3066,1381,8,8,7,904,11
18486,3067,1381,10,15,20,2445,55
18487,3067,1381,9,12,9,1080,48
18488,3067,1381,10,5,3,460,66
18489,3067,1381,3,9,9,1107,78
18490,3067,1381,5,3,3,459,39
18491,3067,1381,1,3,3,420,53
18492,3068,1381,1,20,13,1660,36
18493,3068,1381,2,1,1,160,15
18494,3068,1381,10,7,5,686,23
18495,3068,1381,2,11,11,1342,38
18496,3068,1381,6,12,10,1260,39
18497,3068,1381,3,1,1,178,46
18498,3068,1381,7,11,12,1452,2
18499,3069,1381,10,1,1,157,23
18500,3069,1381,10,12,15,1824,63
18501,3069,1381,8,20,22,2660,60
18502,3069,1381,8,15,11,1365,6
18503,3069,1381,2,1,1,92,11
18504,3069,1381,7,1,1,108,18
18505,3070,1381,2,10,9,1080,13
18506,3070,1381,6,9,9,1080,14
18507,3070,1381,8,11,12,1441,3
18508,3070,1381,8,13,15,1820,20
18509,3070,1381,10,6,4,540,26
18510,3071,1381,2,13,11,1339,22
18511,3071,1381,11,8,10,1272,63
18512,3071,1381,1,18,16,2034,28
18513,3071,1381,6,2,2,312,76
18514,3071,1381,2,2,2,276,75
18515,3071,1381,1,3,2,240,45
18516,3072,1381,7,3,4,480,56
18517,3072,1381,1,17,12,1513,27
18518,3072,1381,7,12,10,1260,45
18519,3072,1381,10,19,26,3230,43
18520,3073,1382,6,5,3,435,23
18521,3073,1382,6,18,16,1962,21
18522,3073,1382,2,9,7,891,21
18523,3073,1382,2,20,20,2440,1
18524,3073,1382,7,11,9,1111,23
18525,3074,1382,7,14,13,1582,68
18526,3074,1382,10,4,5,640,41
18527,3074,1382,3,15,19,2325,75
18528,3074,1382,1,6,5,684,52
18529,3075,1382,6,6,7,876,56
18530,3075,1382,1,17,22,2703,53
18531,3075,1382,4,4,3,412,54
18532,3075,1382,2,20,17,2080,7
18533,3075,1382,1,10,11,1370,52
18534,3075,1382,2,6,8,1044,37
18535,3076,1382,7,6,7,894,6
18536,3076,1382,10,7,5,693,22
18537,3076,1382,2,6,6,768,26
18538,3076,1382,8,20,14,1760,31
18539,3076,1382,6,6,6,816,11
18540,3077,1382,2,20,28,3360,3
18541,3077,1382,5,14,9,1148,22
18542,3077,1382,11,19,20,2489,30
18543,3077,1382,1,12,8,1032,15
18544,3078,1382,2,1,1,175,14
18545,3078,1382,2,4,4,564,27
18546,3078,1382,1,20,23,2840,8
18547,3078,1382,1,16,18,2256,31
18548,3079,1382,2,9,10,1251,2
18549,3079,1382,2,5,3,425,35
18550,3079,1382,10,14,15,1834,20
18551,3079,1382,4,17,18,2261,13
18552,3079,1382,2,19,26,3173,18
18553,3079,1382,2,3,2,297,9
18554,3079,1382,2,10,7,950,21
18555,3080,1382,1,16,10,1296,42
18556,3080,1382,11,12,17,2112,3
18557,3080,1382,6,6,4,588,5
18558,3080,1382,7,5,7,860,24
18559,3080,1382,10,8,6,816,56
18560,3081,1382,9,10,13,1610,2
18561,3081,1382,10,16,15,1872,37
18562,3081,1382,1,8,7,904,6
18563,3081,1382,3,8,11,1408,10
18564,3081,1382,2,5,6,725,32
18565,3081,1382,2,1,1,97,37
18566,3081,1382,1,7,6,742,9
18567,3081,1382,1,14,9,1148,14
18568,3082,1382,1,14,14,1694,33
18569,3082,1382,7,13,12,1469,14
18570,3082,1382,10,17,17,2159,22
18571,3082,1382,7,5,6,790,38
18572,3082,1382,4,13,18,2197,16
18573,3082,1382,10,17,23,2839,2
18574,3082,1382,2,8,5,648,29
18575,3082,1382,2,1,1,180,19
18576,3083,1383,3,4,5,600,53
18577,3083,1383,5,20,18,2200,30
18578,3083,1383,3,8,7,856,23
18579,3083,1383,6,9,12,1449,3
18580,3083,1383,5,11,14,1793,42
18581,3083,1383,2,7,5,707,42
18582,3083,1383,2,8,7,840,55
18583,3084,1383,6,17,25,3026,19
18584,3084,1383,10,8,7,856,47
18585,3084,1383,5,1,1,100,21
18586,3084,1383,10,16,23,2800,6
18587,3084,1383,6,6,7,840,35
18588,3084,1383,1,13,13,1664,17
18589,3084,1383,7,18,18,2268,42
18590,3085,1383,4,6,6,780,65
18591,3085,1383,2,11,8,1034,19
18592,3085,1383,3,2,2,348,13
18593,3085,1383,1,7,7,931,8
18594,3085,1383,3,8,11,1376,64
18595,3085,1383,1,11,11,1353,40
18596,3085,1383,2,11,8,1023,43
18597,3086,1383,10,18,19,2394,3
18598,3086,1383,11,11,7,902,20
18599,3086,1383,2,8,10,1288,21
18600,3086,1383,5,5,5,625,25
18601,3086,1383,4,9,12,1539,2
18602,3087,1383,6,12,8,1008,10
18603,3087,1383,7,6,8,990,4
18604,3087,1383,3,11,13,1584,2
18605,3087,1383,6,17,13,1581,2
18606,3088,1383,10,12,9,1104,63
18607,3088,1383,8,13,11,1352,38
18608,3088,1383,7,12,12,1440,54
18609,3088,1383,2,18,15,1800,38
18610,3088,1383,4,18,14,1746,41
18611,3089,1383,6,5,4,495,7
18612,3089,1383,2,4,5,668,11
18613,3089,1383,2,1,1,97,55
18614,3089,1383,5,19,21,2565,61
18615,3089,1383,3,16,18,2160,16
18616,3089,1383,6,2,1,192,75
18617,3090,1383,3,11,11,1364,47
18618,3090,1383,6,15,19,2385,39
18619,3090,1383,7,4,5,668,25
18620,3090,1383,10,13,14,1768,12
18621,3090,1383,1,6,6,750,26
18622,3091,1383,9,18,19,2340,11
18623,3091,1383,10,19,25,3097,6
18624,3091,1383,5,19,16,1995,30
18625,3091,1383,2,8,10,1280,30
18626,3091,1383,6,16,16,2000,7
18627,3091,1383,1,11,13,1606,25
18628,3091,1383,1,1,1,140,5
18629,3091,1383,11,17,21,2601,17
18630,3092,1384,2,2,2,272,34
18631,3092,1384,10,8,10,1264,28
18632,3092,1384,2,4,3,412,28
18633,3092,1384,10,10,11,1320,24
18634,3092,1384,6,18,18,2178,7
18635,3092,1384,2,13,14,1794,20
18636,3092,1384,7,1,1,130,35
18637,3092,1384,3,1,1,171,44
18638,3093,1384,2,4,5,696,14
18639,3093,1384,1,12,14,1704,2
18640,3093,1384,2,16,19,2320,15
18641,3093,1384,6,5,4,545,16
18642,3093,1384,7,6,7,906,16
18643,3093,1384,7,12,14,1704,13
18644,3093,1384,9,17,17,2125,14
18645,3094,1384,2,20,25,3080,4
18646,3094,1384,6,10,11,1400,6
18647,3094,1384,4,15,14,1680,7
18648,3094,1384,3,14,16,1988,19
18649,3094,1384,6,17,21,2584,26
18650,3094,1384,1,11,8,1023,28
18651,3094,1384,1,18,12,1458,17
18652,3095,1384,2,11,15,1892,7
18653,3095,1384,1,14,19,2310,31
18654,3095,1384,1,15,20,2400,28
18655,3095,1384,1,9,13,1593,24
18656,3095,1384,2,2,2,326,30
18657,3095,1384,6,9,6,819,24
18658,3095,1384,1,9,13,1584,10
18659,3095,1384,7,5,6,740,8
18660,3096,1384,11,8,9,1176,4
18661,3096,1384,1,18,13,1566,35
18662,3096,1384,11,12,17,2136,13
18663,3096,1384,3,10,7,930,12
18664,3096,1384,7,1,1,83,11
18665,3096,1384,11,14,18,2240,29
18666,3096,1384,2,17,18,2193,5
18667,3096,1384,9,19,25,3059,17
18668,3097,1384,10,10,12,1480,18
18669,3097,1384,3,5,6,825,1
18670,3097,1384,9,18,14,1764,12
18671,3097,1384,11,14,14,1736,11
18672,3097,1384,1,1,1,120,7
18673,3098,1384,1,1,1,102,46
18674,3098,1384,1,15,22,2685,15
18675,3098,1384,3,3,3,471,44
18676,3098,1384,7,14,16,1932,20
18677,3098,1384,1,1,1,177,37
18678,3098,1384,11,4,4,596,47
18679,3098,1384,6,15,11,1320,10
18680,3098,1384,1,7,9,1141,45
18681,3099,1384,2,15,16,1965,24
18682,3099,1384,5,18,25,3024,47
18683,3099,1384,7,11,10,1298,46
18684,3099,1384,7,14,11,1428,1
18685,3099,1384,3,19,17,2071,46
18686,3100,1384,10,7,8,966,2
18687,3100,1384,10,6,4,558,46
18688,3100,1384,6,13,10,1235,31
18689,3100,1384,9,7,5,679,51
18690,3100,1384,3,3,3,423,11
18691,3100,1384,8,6,6,756,24
18692,3100,1384,1,12,15,1800,33
18693,3101,1385,6,19,12,1539,20
18694,3101,1385,1,4,2,348,6
18695,3101,1385,2,19,26,3173,2
18696,3101,1385,1,4,5,628,19
18697,3101,1385,1,8,10,1216,9
18698,3102,1385,1,7,9,1092,5
18699,3102,1385,3,1,1,137,85
18700,3102,1385,3,3,3,444,60
18701,3102,1385,1,20,23,2840,7
18702,3102,1385,1,11,7,957,48
18703,3102,1385,5,17,24,2958,22
18704,3103,1385,2,13,17,2145,19
18705,3103,1385,2,7,9,1106,16
18706,3103,1385,2,5,5,605,16
18707,3103,1385,4,17,15,1836,1
18708,3103,1385,2,5,3,465,9
18709,3103,1385,2,17,14,1700,7
18710,3104,1385,7,2,1,176,14
18711,3104,1385,5,13,17,2093,33
18712,3104,1385,8,5,5,650,30
18713,3104,1385,11,8,8,984,27
18714,3104,1385,1,20,19,2320,13
18715,3105,1385,8,13,10,1261,19
18716,3105,1385,3,18,14,1782,8
18717,3105,1385,2,7,5,623,18
18718,3105,1385,10,9,8,1053,10
18719,3105,1385,7,13,16,2028,2
18720,3105,1385,2,17,14,1785,11
18721,3105,1385,3,10,11,1420,4
18722,3106,1385,1,16,18,2208,12
18723,3106,1385,1,18,26,3132,56
18724,3106,1385,12,13,13,1638,34
18725,3106,1385,1,12,8,996,7
18726,3106,1385,1,12,13,1572,39
18727,3106,1385,8,10,14,1770,5
18728,3106,1385,3,4,3,448,19
18729,3106,1385,1,1,1,120,40
18730,3107,1385,1,4,4,576,15
18731,3107,1385,7,19,25,3040,32
18732,3107,1385,7,19,15,1881,51
18733,3107,1385,1,4,2,348,46
18734,3108,1385,3,12,16,1980,65
18735,3108,1385,10,11,14,1738,81
18736,3108,1385,6,20,17,2040,66
18737,3108,1385,6,5,3,475,60
18738,3108,1385,3,19,21,2546,8
18739,3108,1385,10,8,9,1184,31
18740,3108,1385,2,17,19,2295,20
18741,3109,1386,1,2,1,176,69
18742,3109,1386,3,11,7,891,31
18743,3109,1386,2,2,2,346,2
18744,3109,1386,11,16,19,2368,52
18745,3109,1386,1,4,5,676,33
18746,3109,1386,1,15,16,2025,58
18747,3109,1386,1,10,13,1640,60
18748,3110,1386,3,7,8,987,10
18749,3110,1386,6,10,10,1280,5
18750,3110,1386,1,12,8,1020,15
18751,3110,1386,2,14,11,1414,3
18752,3110,1386,5,19,27,3306,8
18753,3111,1386,7,11,14,1683,30
18754,3111,1386,1,13,15,1872,33
18755,3111,1386,5,2,2,272,9
18756,3111,1386,6,5,5,630,62
18757,3111,1386,2,4,4,552,10
18758,3112,1386,10,10,8,1020,35
18759,3112,1386,8,11,14,1760,26
18760,3112,1386,3,4,5,692,7
18761,3112,1386,7,4,4,556,25
18762,3113,1386,6,5,5,665,2
18763,3113,1386,2,2,2,318,9
18764,3113,1386,10,12,13,1572,10
18765,3113,1386,10,1,1,109,10
18766,3113,1386,10,10,12,1510,2
18767,3113,1386,1,8,6,832,5
18768,3113,1386,6,7,10,1246,10
18769,3114,1386,2,5,4,490,3
18770,3114,1386,3,19,22,2736,4
18771,3114,1386,1,16,23,2864,25
18772,3114,1386,5,3,2,315,13
18773,3114,1386,9,15,20,2475,17
18774,3114,1386,6,11,10,1221,27
18775,3114,1386,10,15,19,2355,5
18776,3115,1386,6,13,17,2145,18
18777,3115,1386,1,17,12,1513,16
18778,3115,1386,8,6,7,948,16
18779,3115,1386,1,3,2,273,22
18780,3115,1386,2,17,14,1717,11
18781,3116,1386,2,6,4,546,16
18782,3116,1386,11,4,5,672,70
18783,3116,1386,10,6,7,888,68
18784,3116,1386,7,6,7,930,13
18785,3116,1386,2,10,11,1390,6
18786,3117,1386,1,3,2,297,21
18787,3117,1386,6,12,16,1956,52
18788,3117,1386,10,7,5,686,45
18789,3117,1386,2,7,10,1218,40
18790,3117,1386,1,2,2,278,33
18791,3118,1387,9,19,23,2869,9
18792,3118,1387,7,2,2,350,18
18793,3118,1387,6,3,3,393,15
18794,3118,1387,1,7,7,917,8
18795,3119,1387,3,17,17,2159,3
18796,3119,1387,2,7,6,812,21
18797,3119,1387,1,14,16,1974,26
18798,3119,1387,6,3,3,372,10
18799,3120,1387,3,15,14,1725,6
18800,3120,1387,2,7,8,994,9
18801,3120,1387,7,4,4,584,8
18802,3120,1387,11,11,8,1001,4
18803,3120,1387,8,1,1,80,7
18804,3120,1387,1,2,2,310,7
18805,3121,1387,10,6,6,768,26
18806,3121,1387,1,8,11,1416,13
18807,3121,1387,1,4,4,504,15
18808,3121,1387,6,15,16,1980,10
18809,3121,1387,10,7,8,973,17
18810,3121,1387,7,11,7,924,15
18811,3121,1387,10,1,1,162,21
18812,3121,1387,10,15,15,1905,12
18813,3122,1387,9,11,14,1760,2
18814,3122,1387,1,8,6,808,37
18815,3122,1387,1,2,3,360,7
18816,3122,1387,7,6,5,684,40
18817,3122,1387,2,4,5,640,23
18818,3123,1387,1,6,4,540,48
18819,3123,1387,1,2,2,300,70
18820,3123,1387,10,1,1,169,78
18821,3123,1387,5,11,7,946,50
18822,3123,1387,3,12,15,1872,29
18823,3124,1388,10,1,1,150,24
18824,3124,1388,1,12,9,1152,21
18825,3124,1388,10,18,19,2340,1
18826,3124,1388,3,19,15,1881,26
18827,3124,1388,1,10,9,1130,16
18828,3124,1388,7,16,14,1792,20
18829,3125,1388,2,20,18,2260,43
18830,3125,1388,6,18,23,2772,29
18831,3125,1388,3,8,10,1216,8
18832,3125,1388,2,2,2,274,26
18833,3125,1388,5,3,4,504,27
18834,3126,1388,7,3,3,372,17
18835,3126,1388,10,12,8,1032,54
18836,3126,1388,2,11,10,1298,15
18837,3126,1388,6,14,15,1904,68
18838,3127,1388,2,11,11,1419,30
18839,3127,1388,8,12,16,1944,38
18840,3127,1388,4,3,3,453,41
18841,3127,1388,9,8,6,776,41
18842,3128,1388,1,18,24,2934,23
18843,3128,1388,1,4,3,384,30
18844,3128,1388,2,17,23,2771,7
18845,3128,1388,2,14,20,2450,40
18846,3128,1388,5,6,4,498,22
18847,3128,1388,3,14,9,1120,22
18848,3129,1388,7,7,5,686,83
18849,3129,1388,1,15,22,2670,35
18850,3129,1388,3,13,11,1378,81
18851,3129,1388,5,12,13,1584,77
18852,3129,1388,1,17,19,2312,82
18853,3129,1388,3,20,22,2720,53
18854,3129,1388,8,3,2,324,65
18855,3129,1388,5,4,2,328,17
18856,3130,1388,7,2,1,204,18
18857,3130,1388,6,8,8,1064,11
18858,3130,1388,6,1,1,85,8
18859,3130,1388,1,1,1,148,11
18860,3130,1388,3,18,15,1800,11
18861,3130,1388,5,5,4,515,1
18862,3130,1388,4,13,13,1625,5
18863,3131,1388,2,17,18,2193,2
18864,3131,1388,1,14,12,1526,16
18865,3131,1388,9,3,2,273,21
18866,3131,1388,2,19,13,1634,20
18867,3131,1388,3,15,13,1665,6
18868,3131,1388,6,12,12,1524,16
18869,3131,1388,7,19,22,2660,9
18870,3132,1389,5,6,8,1056,12
18871,3132,1389,5,3,3,468,34
18872,3132,1389,1,5,5,660,1
18873,3132,1389,2,16,18,2160,33
18874,3133,1389,5,10,7,930,60
18875,3133,1389,4,13,15,1872,6
18876,3133,1389,2,17,20,2516,63
18877,3133,1389,4,20,16,2000,42
18878,3133,1389,8,17,18,2210,57
18879,3134,1389,1,20,20,2500,19
18880,3134,1389,10,12,14,1680,5
18881,3134,1389,3,6,6,786,25
18882,3134,1389,3,6,7,888,9
18883,3134,1389,2,14,20,2478,23
18884,3134,1389,2,11,8,968,17
18885,3135,1389,4,3,2,342,13
18886,3135,1389,11,20,26,3120,23
18887,3135,1389,2,4,4,596,37
18888,3135,1389,10,8,6,744,56
18889,3135,1389,6,12,16,2004,16
18890,3135,1389,1,17,24,2924,60
18891,3135,1389,2,12,11,1356,35
18892,3135,1389,1,8,11,1320,33
18893,3136,1389,1,4,4,572,10
18894,3136,1389,1,3,3,435,14
18895,3136,1389,6,11,15,1815,14
18896,3136,1389,2,16,12,1472,15
18897,3136,1389,6,5,4,590,2
18898,3136,1389,6,12,14,1752,13
18899,3136,1389,1,8,10,1304,19
18900,3137,1389,6,19,19,2394,3
18901,3137,1389,11,10,9,1190,5
18902,3137,1389,5,12,16,1920,4
18903,3137,1389,1,14,9,1176,13
18904,3137,1389,1,16,23,2864,42
18905,3137,1389,7,17,16,2023,16
18906,3138,1389,5,3,3,363,47
18907,3138,1389,3,18,21,2610,62
18908,3138,1389,3,7,6,819,53
18909,3138,1389,1,9,11,1350,26
18910,3138,1389,6,8,9,1192,46
18911,3138,1389,2,7,8,980,2
18912,3139,1389,2,7,5,602,12
18913,3139,1389,2,4,4,576,20
18914,3139,1389,10,2,2,270,6
18915,3139,1389,8,17,14,1717,11
18916,3140,1389,9,13,15,1859,3
18917,3140,1389,8,11,13,1573,39
18918,3140,1389,10,1,1,124,5
18919,3140,1389,6,18,12,1512,2
18920,3140,1389,11,3,3,441,20
18921,3140,1389,3,1,1,168,52
18922,3141,1389,6,1,1,129,18
18923,3141,1389,5,1,1,175,20
18924,3141,1389,1,2,1,238,6
18925,3141,1389,2,14,20,2436,21
18926,3142,1390,2,2,2,322,41
18927,3142,1390,2,2,2,340,31
18928,3142,1390,6,10,8,980,42
18929,3142,1390,2,20,16,1960,9
18930,3142,1390,1,3,2,327,40
18931,3142,1390,6,11,16,1980,9
18932,3142,1390,1,14,13,1582,44
18933,3143,1390,1,12,13,1596,8
18934,3143,1390,10,17,25,3060,13
18935,3143,1390,6,16,11,1360,8
18936,3143,1390,8,15,17,2115,20
18937,3143,1390,2,14,15,1876,10
18938,3143,1390,1,11,15,1903,37
18939,3143,1390,4,17,23,2873,41
18940,3143,1390,11,9,10,1269,42
18941,3144,1390,6,14,20,2422,13
18942,3144,1390,4,11,11,1408,22
18943,3144,1390,6,13,16,1924,9
18944,3144,1390,10,9,12,1485,15
18945,3144,1390,10,11,15,1804,4
18946,3144,1390,10,10,10,1220,59
18947,3144,1390,1,10,13,1660,3
18948,3144,1390,10,16,13,1664,30
18949,3145,1390,1,6,7,882,41
18950,3145,1390,3,3,2,327,8
18951,3145,1390,7,17,20,2482,14
18952,3145,1390,6,11,12,1507,3
18953,3146,1390,3,20,26,3180,48
18954,3146,1390,9,10,8,1010,45
18955,3146,1390,6,11,16,1936,18
18956,3146,1390,10,8,9,1096,2
18957,3147,1390,9,13,13,1625,40
18958,3147,1390,9,19,19,2299,42
18959,3147,1390,6,9,6,720,36
18960,3147,1390,12,19,24,2926,21
18961,3148,1390,1,4,5,648,22
18962,3148,1390,8,19,28,3382,28
18963,3148,1390,1,1,1,144,16
18964,3148,1390,6,16,18,2256,9
18965,3148,1390,6,11,8,1034,33
18966,3148,1390,2,18,24,2880,22
18967,3148,1390,2,19,14,1710,3
18968,3148,1390,1,13,11,1404,27
18969,3149,1390,2,19,25,3021,83
18970,3149,1390,4,15,15,1845,41
18971,3149,1390,2,7,8,1036,70
18972,3149,1390,10,5,4,550,83
18973,3149,1390,7,1,1,152,16
18974,3149,1390,3,17,23,2856,73
18975,3150,1390,11,5,5,670,64
18976,3150,1390,5,18,15,1800,57
18977,3150,1390,2,17,19,2329,49
18978,3150,1390,5,2,2,278,74
18979,3150,1390,5,3,2,255,46
18980,3151,1391,3,6,7,924,40
18981,3151,1391,1,17,18,2176,44
18982,3151,1391,1,12,14,1728,32
18983,3151,1391,1,13,19,2340,16
18984,3151,1391,6,5,6,735,22
18985,3151,1391,7,17,16,1972,42
18986,3152,1391,1,9,9,1143,63
18987,3152,1391,2,15,13,1620,69
18988,3152,1391,10,18,22,2646,4
18989,3152,1391,2,15,14,1770,41
18990,3153,1391,2,3,3,441,24
18991,3153,1391,3,3,2,246,21
18992,3153,1391,1,7,4,560,29
18993,3153,1391,1,11,15,1804,5
18994,3153,1391,10,16,16,1936,4
18995,3154,1391,2,9,11,1431,20
18996,3154,1391,8,18,21,2574,33
18997,3154,1391,12,8,8,1072,3
18998,3154,1391,7,2,1,196,33
18999,3154,1391,2,12,16,1944,23
19000,3154,1391,7,6,7,864,5
19001,3154,1391,2,13,17,2080,7
19002,3155,1391,1,19,14,1786,14
19003,3155,1391,4,16,23,2864,9
19004,3155,1391,1,5,6,835,35
19005,3155,1391,2,1,1,135,25
19006,3156,1391,8,18,21,2574,75
19007,3156,1391,2,8,6,728,58
19008,3156,1391,1,5,4,480,4
19009,3156,1391,3,6,5,690,71
19010,3156,1391,1,6,6,828,37
19011,3156,1391,1,17,23,2822,47
19012,3157,1392,11,9,12,1521,16
19013,3157,1392,10,10,8,970,4
19014,3157,1392,11,11,7,902,11
19015,3157,1392,2,19,12,1520,23
19016,3157,1392,1,7,9,1190,19
19017,3157,1392,2,7,7,959,15
19018,3157,1392,2,20,17,2040,42
19019,3157,1392,2,19,16,1938,22
19020,3158,1392,3,3,3,378,17
19021,3158,1392,1,18,24,2934,9
19022,3158,1392,10,6,8,1002,33
19023,3158,1392,3,2,1,196,5
19024,3159,1392,1,19,24,2888,11
19025,3159,1392,1,7,9,1085,33
19026,3159,1392,7,9,12,1494,42
19027,3159,1392,2,4,3,400,10
19028,3160,1392,11,15,18,2220,54
19029,3160,1392,3,15,21,2535,52
19030,3160,1392,2,5,7,885,1
19031,3160,1392,10,2,2,286,63
19032,3161,1392,6,20,16,1980,16
19033,3161,1392,10,3,2,306,36
19034,3161,1392,6,17,17,2040,8
19035,3161,1392,1,14,20,2436,44
19036,3161,1392,11,1,1,124,18
19037,3161,1392,1,3,2,276,42
19038,3162,1392,8,9,10,1305,63
19039,3162,1392,6,9,9,1170,26
19040,3162,1392,7,10,10,1290,46
19041,3162,1392,2,1,1,126,29
19042,3162,1392,2,3,3,456,18
19043,3162,1392,2,5,5,615,18
19044,3163,1392,6,18,18,2268,5
19045,3163,1392,1,10,12,1530,17
19046,3163,1392,3,12,17,2100,1
19047,3163,1392,6,14,14,1778,14
19048,3163,1392,2,6,6,738,20
19049,3163,1392,6,5,7,885,33
19050,3164,1392,7,14,9,1120,6
19051,3164,1392,5,10,14,1790,1
19052,3164,1392,8,15,19,2340,14
19053,3164,1392,6,18,20,2466,7
19054,3164,1392,10,12,10,1200,2
19055,3165,1392,3,3,2,270,7
19056,3165,1392,6,20,22,2740,56
19057,3165,1392,11,2,1,200,67
19058,3165,1392,10,14,15,1876,45
19059,3165,1392,2,18,13,1602,71
19060,3165,1392,9,19,23,2850,46
19061,3165,1392,8,15,19,2385,14
19062,3165,1392,6,6,4,540,34
19063,3166,1393,6,18,25,3060,46
19064,3166,1393,2,12,9,1116,4
19065,3166,1393,8,19,17,2109,33
19066,3166,1393,3,15,13,1650,7
19067,3166,1393,4,18,12,1440,34
19068,3167,1393,1,16,23,2848,3
19069,3167,1393,10,9,10,1215,1
19070,3167,1393,1,4,3,364,6
19071,3167,1393,3,14,12,1540,11
19072,3168,1393,2,12,12,1476,15
19073,3168,1393,7,7,9,1099,22
19074,3168,1393,8,8,9,1168,4
19075,3168,1393,10,9,6,738,4
19076,3168,1393,8,16,17,2096,13
19077,3168,1393,6,13,12,1495,18
19078,3168,1393,2,3,3,366,20
19079,3168,1393,1,4,3,472,11
19080,3169,1393,3,7,10,1218,2
19081,3169,1393,2,4,5,712,9
19082,3169,1393,1,15,15,1815,1
19083,3169,1393,10,7,5,623,82
19084,3170,1393,12,8,8,984,45
19085,3170,1393,6,20,26,3160,63
19086,3170,1393,1,16,18,2256,57
19087,3170,1393,1,4,4,536,49
19088,3171,1393,11,11,13,1672,11
19089,3171,1393,1,9,9,1134,9
19090,3171,1393,3,16,12,1552,18
19091,3171,1393,10,1,1,144,20
19092,3171,1393,7,7,8,1001,5
19093,3171,1393,2,12,13,1608,4
19094,3171,1393,3,18,23,2808,18
19095,3172,1393,1,10,12,1500,16
19096,3172,1393,7,2,1,202,64
19097,3172,1393,1,8,8,1040,36
19098,3172,1393,7,12,16,2028,61
19099,3172,1393,3,2,2,252,18
19100,3172,1393,8,6,5,624,64
19101,3173,1393,10,10,11,1400,31
19102,3173,1393,5,2,1,190,21
19103,3173,1393,1,1,1,142,19
19104,3173,1393,5,19,27,3249,40
19105,3173,1393,1,17,20,2482,13
19106,3174,1393,7,15,19,2340,15
19107,3174,1393,12,13,14,1703,42
19108,3174,1393,5,3,2,348,39
19109,3174,1393,2,1,1,180,29
19110,3174,1393,1,7,5,665,20
19111,3174,1393,2,17,22,2754,73
19112,3174,1393,11,9,7,900,63
19113,3174,1393,2,11,13,1584,73
19114,3175,1393,2,11,15,1826,35
19115,3175,1393,1,16,14,1712,30
19116,3175,1393,7,1,1,113,8
19117,3175,1393,3,19,16,1995,39
19118,3175,1393,6,6,5,684,8
19119,3175,1393,5,11,7,902,19
19120,3175,1393,5,2,1,162,25
19121,3176,1394,7,13,10,1248,35
19122,3176,1394,1,5,6,755,28
19123,3176,1394,10,7,9,1120,7
19124,3176,1394,1,19,16,1957,61
19125,3176,1394,1,17,17,2057,20
19126,3176,1394,5,20,17,2040,41
19127,3176,1394,4,5,7,855,52
19128,3176,1394,6,6,4,528,70
19129,3177,1394,8,15,17,2130,15
19130,3177,1394,7,16,16,1952,16
19131,3177,1394,8,8,10,1256,29
19132,3177,1394,5,13,17,2119,39
19133,3178,1394,8,17,16,1955,16
19134,3178,1394,6,14,17,2072,11
19135,3178,1394,1,19,22,2755,42
19136,3178,1394,1,7,7,924,38
19137,3179,1394,1,18,15,1908,2
19138,3179,1394,1,7,4,581,81
19139,3179,1394,2,10,9,1120,11
19140,3179,1394,2,20,21,2620,71
19141,3179,1394,6,16,15,1904,67
19142,3179,1394,1,18,20,2484,41
19143,3179,1394,10,18,26,3132,27
19144,3180,1394,10,8,11,1320,2
19145,3180,1394,7,5,3,455,21
19146,3180,1394,7,8,10,1288,10
19147,3180,1394,10,1,1,148,14
19148,3180,1394,7,4,5,688,25
19149,3180,1394,7,5,6,720,31
19150,3180,1394,6,16,14,1744,6
19151,3180,1394,11,1,1,155,33
19152,3181,1394,5,4,4,528,4
19153,3181,1394,1,8,8,1072,6
19154,3181,1394,5,12,14,1692,26
19155,3181,1394,6,4,4,508,18
19156,3181,1394,7,20,29,3540,14
19157,3181,1394,3,19,21,2527,12
19158,3182,1395,10,1,1,101,53
19159,3182,1395,10,14,18,2212,68
19160,3182,1395,1,7,5,679,57
19161,3182,1395,7,7,8,1064,53
19162,3182,1395,3,6,7,918,3
19163,3183,1395,10,3,2,300,18
19164,3183,1395,8,19,26,3173,3
19165,3183,1395,6,12,16,1980,13
19166,3183,1395,4,11,7,935,22
19167,3183,1395,5,5,7,840,1
19168,3183,1395,9,9,10,1287,22
19169,3183,1395,6,8,5,656,4
19170,3184,1395,6,15,14,1725,31
19171,3184,1395,4,17,14,1734,9
19172,3184,1395,1,18,16,1926,21
19173,3184,1395,9,12,13,1596,15
19174,3184,1395,1,16,22,2656,28
19175,3184,1395,6,19,12,1558,4
19176,3184,1395,2,16,14,1728,24
19177,3184,1395,2,5,5,695,6
19178,3185,1395,5,12,14,1776,1
19179,3185,1395,6,4,4,504,5
19180,3185,1395,3,10,13,1640,35
19181,3185,1395,11,19,22,2736,27
19182,3185,1395,1,1,1,132,35
19183,3185,1395,10,16,14,1776,27
19184,3185,1395,12,8,10,1280,35
19185,3185,1395,6,3,4,534,24
19186,3186,1395,5,6,8,972,4
19187,3186,1395,10,19,25,3059,3
19188,3186,1395,1,13,18,2223,26
19189,3186,1395,2,4,4,504,5
19190,3186,1395,3,16,18,2176,11
19191,3186,1395,2,10,8,1060,44
19192,3186,1395,3,14,13,1624,29
19193,3186,1395,6,10,13,1600,28
19194,3187,1395,1,12,8,984,18
19195,3187,1395,2,2,2,338,54
19196,3187,1395,1,5,5,685,51
19197,3187,1395,11,12,8,1008,40
19198,3188,1395,1,12,16,2016,65
19199,3188,1395,2,20,27,3300,26
19200,3188,1395,9,20,27,3240,54
19201,3188,1395,10,5,4,510,16
19202,3188,1395,6,11,15,1848,63
19203,3189,1396,6,16,11,1408,12
19204,3189,1396,2,8,5,672,28
19205,3189,1396,1,8,9,1088,46
19206,3189,1396,10,15,20,2430,4
19207,3189,1396,3,20,24,2880,31
19208,3190,1396,10,3,3,450,60
19209,3190,1396,8,3,3,396,50
19210,3190,1396,6,19,16,1995,35
19211,3190,1396,6,2,2,244,44
19212,3191,1396,2,15,14,1725,17
19213,3191,1396,1,15,22,2640,66
19214,3191,1396,10,6,8,966,60
19215,3191,1396,1,15,20,2475,9
19216,3191,1396,1,11,12,1441,40
19217,3192,1396,2,8,8,1056,36
19218,3192,1396,10,19,17,2071,49
19219,3192,1396,1,15,15,1800,2
19220,3192,1396,10,17,22,2720,62
19221,3193,1396,2,17,21,2567,6
19222,3193,1396,5,13,9,1105,6
19223,3193,1396,7,8,7,880,9
19224,3193,1396,2,4,2,320,6
19225,3193,1396,1,3,2,324,5
19226,3194,1396,10,5,6,735,25
19227,3194,1396,3,20,28,3460,63
19228,3194,1396,10,14,12,1554,31
19229,3194,1396,1,7,6,756,7
19230,3194,1396,10,1,1,99,27
19231,3194,1396,1,11,9,1100,16
19232,3194,1396,1,1,1,85,50
19233,3194,1396,9,5,4,570,13
19234,3195,1396,3,1,1,131,18
19235,3195,1396,8,19,26,3173,33
19236,3195,1396,4,6,5,672,30
19237,3195,1396,6,20,13,1660,41
19238,3195,1396,10,6,7,930,1
19239,3195,1396,10,6,6,834,26
19240,3195,1396,6,20,25,3080,2
19241,3195,1396,9,9,9,1080,3
19242,3196,1396,9,6,8,1074,56
19243,3196,1396,7,20,16,1920,59
19244,3196,1396,5,20,23,2840,21
19245,3196,1396,10,11,9,1177,74
19246,3197,1396,2,8,9,1088,18
19247,3197,1396,1,6,6,774,35
19248,3197,1396,2,20,14,1680,35
19249,3197,1396,2,10,8,1050,10
19250,3197,1396,6,14,14,1708,15
19251,3197,1396,1,9,10,1314,16
19252,3197,1396,7,18,15,1836,29
19253,3198,1397,11,10,10,1230,58
19254,3198,1397,2,18,26,3132,43
19255,3198,1397,2,7,5,679,30
19256,3198,1397,3,3,3,399,24
19257,3198,1397,9,6,5,648,5
19258,3198,1397,10,18,13,1584,60
19259,3199,1397,6,11,8,1078,1
19260,3199,1397,2,5,4,575,10
19261,3199,1397,6,2,2,250,11
19262,3199,1397,3,16,14,1680,34
19263,3199,1397,6,17,22,2686,1
19264,3199,1397,6,13,18,2236,8
19265,3200,1397,7,13,11,1417,22
19266,3200,1397,8,20,20,2460,10
19267,3200,1397,7,1,1,101,27
19268,3200,1397,1,6,8,1020,28
19269,3200,1397,3,15,18,2265,18
19270,3200,1397,8,19,19,2394,4
19271,3200,1397,1,1,1,120,16
19272,3200,1397,1,6,7,846,7
19273,3201,1397,5,6,4,522,2
19274,3201,1397,1,2,1,214,1
19275,3201,1397,9,4,2,348,2
19276,3201,1397,1,6,7,906,6
19277,3201,1397,1,1,1,105,17
19278,3202,1397,1,10,7,930,60
19279,3202,1397,4,6,6,804,47
19280,3202,1397,2,2,1,180,51
19281,3202,1397,1,10,8,970,77
19282,3202,1397,2,12,12,1524,29
19283,3202,1397,4,2,2,306,62
19284,3203,1397,1,6,8,1020,24
19285,3203,1397,10,12,15,1800,22
19286,3203,1397,1,5,7,850,17
19287,3203,1397,2,3,4,507,12
19288,3203,1397,10,16,16,1952,10
19289,3203,1397,2,20,21,2620,7
19290,3204,1397,10,13,14,1703,4
19291,3204,1397,2,6,7,936,17
19292,3204,1397,4,5,4,515,2
19293,3204,1397,9,1,1,81,7
19294,3204,1397,7,8,12,1440,7
19295,3204,1397,11,3,3,405,42
19296,3205,1397,7,15,20,2445,6
19297,3205,1397,2,8,5,648,21
19298,3205,1397,2,20,17,2140,45
19299,3205,1397,1,1,1,127,35
19300,3206,1397,8,16,15,1856,5
19301,3206,1397,2,18,26,3186,8
19302,3206,1397,7,9,7,918,35
19303,3206,1397,6,4,4,504,6
19304,3206,1397,6,15,21,2595,16
19305,3207,1397,2,19,25,3097,82
19306,3207,1397,6,4,5,684,45
19307,3207,1397,6,11,13,1573,20
19308,3207,1397,5,16,17,2064,71
19309,3207,1397,2,4,4,584,14
19310,3207,1397,3,18,15,1854,50
19311,3208,1398,2,10,13,1640,8
19312,3208,1398,6,15,20,2475,13
19313,3208,1398,7,19,19,2280,37
19314,3208,1398,2,19,19,2394,20
19315,3208,1398,2,1,1,122,21
19316,3209,1398,1,6,6,816,3
19317,3209,1398,1,13,19,2327,18
19318,3209,1398,3,14,10,1288,6
19319,3209,1398,5,10,9,1180,61
19320,3209,1398,3,2,2,322,63
19321,3210,1398,5,6,7,876,53
19322,3210,1398,4,10,8,1070,30
19323,3210,1398,1,20,27,3240,71
19324,3210,1398,7,17,17,2091,20
19325,3210,1398,2,18,21,2610,8
19326,3210,1398,2,13,18,2184,21
19327,3210,1398,2,12,17,2064,42
19328,3210,1398,10,1,1,111,15
19329,3211,1398,7,7,5,616,47
19330,3211,1398,1,7,7,875,55
19331,3211,1398,1,10,14,1720,33
19332,3211,1398,2,16,16,1968,5
19333,3211,1398,3,8,11,1424,52
19334,3211,1398,10,20,17,2060,41
19335,3211,1398,3,3,3,465,29
19336,3211,1398,8,8,6,744,20
19337,3212,1398,6,10,8,1030,42
19338,3212,1398,10,14,20,2436,51
19339,3212,1398,1,4,5,608,34
19340,3212,1398,11,4,3,380,55
19341,3212,1398,1,4,2,328,63
19342,3212,1398,2,11,9,1100,46
19343,3212,1398,2,18,19,2358,16
19344,3213,1398,2,4,3,364,4
19345,3213,1398,10,18,12,1476,56
19346,3213,1398,9,1,1,131,44
19347,3213,1398,1,10,11,1410,6
19348,3213,1398,1,11,12,1529,35
19349,3213,1398,3,2,1,222,41
19350,3213,1398,3,7,10,1232,8
19351,3213,1398,1,19,18,2261,41
19352,3214,1399,1,14,15,1806,56
19353,3214,1399,10,1,1,135,27
19354,3214,1399,1,16,21,2544,68
19355,3214,1399,5,12,15,1848,35
19356,3215,1399,3,11,11,1331,42
19357,3215,1399,12,19,24,2888,52
19358,3215,1399,1,6,8,1056,57
19359,3215,1399,2,16,22,2688,21
19360,3216,1399,1,4,4,492,7
19361,3216,1399,10,13,12,1456,9
19362,3216,1399,8,3,3,384,6
19363,3216,1399,2,1,1,111,1
19364,3217,1399,8,6,4,510,34
19365,3217,1399,7,7,7,840,1
19366,3217,1399,10,20,21,2560,33
19367,3217,1399,5,17,23,2839,36
19368,3217,1399,7,8,5,704,6
19369,3217,1399,2,13,11,1365,45
19370,3218,1399,5,9,8,1035,9
19371,3218,1399,6,5,3,470,9
19372,3218,1399,3,2,2,256,19
19373,3218,1399,10,4,4,572,40
19374,3218,1399,1,14,20,2422,1
19375,3218,1399,1,1,1,80,28
19376,3218,1399,6,1,1,100,15
19377,3219,1399,6,5,6,720,16
19378,3219,1399,8,18,13,1674,8
19379,3219,1399,1,2,2,244,38
19380,3219,1399,4,1,1,90,12
19381,3219,1399,6,9,7,891,45
19382,3219,1399,10,13,8,1040,45
19383,3220,1399,2,6,8,1014,11
19384,3220,1399,6,15,11,1395,11
19385,3220,1399,2,6,4,516,39
19386,3220,1399,12,11,11,1342,20
19387,3220,1399,1,7,6,805,15
19388,3220,1399,10,17,22,2737,50
19389,3220,1399,5,14,17,2142,7
19390,3221,1400,3,14,14,1778,13
19391,3221,1400,6,7,4,574,1
19392,3221,1400,7,20,14,1680,8
19393,3221,1400,4,16,16,1920,21
19394,3222,1400,10,8,7,912,24
19395,3222,1400,5,8,6,832,36
19396,3222,1400,10,9,8,990,3
19397,3222,1400,6,16,12,1456,40
19398,3222,1400,1,5,7,865,2
19399,3222,1400,2,7,9,1099,46
19400,3222,1400,2,4,3,468,15
19401,3223,1400,1,17,15,1904,19
19402,3223,1400,2,14,18,2268,12
19403,3223,1400,11,13,11,1326,31
19404,3223,1400,7,13,18,2275,69
19405,3224,1400,9,15,17,2115,10
19406,3224,1400,3,20,13,1600,23
19407,3224,1400,2,20,13,1620,33
19408,3224,1400,2,17,15,1802,7
19409,3225,1400,3,9,8,963,4
19410,3225,1400,10,10,13,1560,33
19411,3225,1400,9,6,4,516,39
19412,3225,1400,10,16,23,2864,42
19413,3225,1400,3,3,2,294,30
19414,3225,1400,4,17,24,2890,40
19415,3226,1400,1,20,25,3040,6
19416,3226,1400,1,20,14,1720,14
19417,3226,1400,9,6,7,942,13
19418,3226,1400,2,5,3,415,6
19419,3226,1400,1,1,1,105,1
19420,3227,1400,8,18,21,2574,23
19421,3227,1400,7,7,9,1155,57
19422,3227,1400,2,1,1,163,50
19423,3227,1400,5,1,1,89,13
19424,3228,1400,2,9,12,1539,5
19425,3228,1400,1,6,6,738,9
19426,3228,1400,7,18,15,1854,15
19427,3228,1400,1,19,23,2869,1
19428,3228,1400,2,15,22,2700,13
19429,3228,1400,6,6,7,912,14
19430,3228,1400,1,18,25,3042,10
19431,3228,1400,7,1,1,141,22
19432,3229,1401,10,19,26,3192,47
19433,3229,1401,6,12,10,1296,6
19434,3229,1401,2,8,11,1424,12
19435,3229,1401,6,20,23,2780,39
19436,3229,1401,10,13,12,1443,47
19437,3229,1401,6,2,2,282,1
19438,3229,1401,10,20,22,2720,37
19439,3229,1401,1,8,7,880,73
19440,3230,1401,8,19,12,1520,38
19441,3230,1401,1,7,5,637,34
19442,3230,1401,3,17,15,1870,38
19443,3230,1401,5,11,14,1683,5
19444,3231,1401,6,13,13,1664,47
19445,3231,1401,7,8,10,1232,5
19446,3231,1401,6,19,13,1634,3
19447,3231,1401,6,17,23,2873,1
19448,3231,1401,10,8,10,1280,11
19449,3231,1401,7,17,21,2635,41
19450,3231,1401,2,9,12,1458,5
19451,3232,1401,2,17,18,2210,5
19452,3232,1401,3,3,3,414,63
19453,3232,1401,2,12,17,2148,3
19454,3232,1401,3,12,17,2040,51
19455,3232,1401,4,14,17,2100,4
19456,3233,1401,1,2,1,182,25
19457,3233,1401,5,18,18,2268,74
19458,3233,1401,3,18,20,2484,10
19459,3233,1401,6,3,2,333,24
19460,3233,1401,1,16,11,1392,42
19461,3233,1401,6,10,10,1290,49
19462,3233,1401,6,4,3,452,61
19463,3233,1401,6,15,20,2475,73
19464,3234,1401,3,9,11,1323,12
19465,3234,1401,2,8,11,1384,48
19466,3234,1401,11,19,26,3135,46
19467,3234,1401,7,9,12,1440,8
19468,3234,1401,6,1,1,124,38
19469,3235,1401,1,4,3,464,16
19470,3235,1401,9,14,20,2450,27
19471,3235,1401,2,18,23,2790,38
19472,3235,1401,8,20,18,2240,2
19473,3235,1401,1,9,6,765,9
19474,3235,1401,6,3,3,405,33
19475,3236,1402,1,13,10,1300,16
19476,3236,1402,1,8,11,1320,70
19477,3236,1402,2,20,19,2280,61
19478,3236,1402,1,4,4,488,48
19479,3236,1402,1,6,4,558,76
19480,3237,1402,1,1,1,148,6
19481,3237,1402,7,15,12,1470,26
19482,3237,1402,1,16,18,2160,6
19483,3237,1402,1,5,3,430,20
19484,3237,1402,2,11,11,1430,35
19485,3238,1402,8,5,5,705,19
19486,3238,1402,6,20,19,2300,4
19487,3238,1402,8,4,5,684,12
19488,3238,1402,2,6,8,1068,15
19489,3239,1402,1,14,14,1778,27
19490,3239,1402,12,2,1,166,51
19491,3239,1402,1,6,7,924,22
19492,3239,1402,7,16,11,1328,15
19493,3239,1402,2,7,7,868,48
19494,3239,1402,2,9,7,855,31
19495,3240,1402,10,17,20,2414,13
19496,3240,1402,3,20,18,2220,14
19497,3240,1402,7,20,15,1900,20
19498,3240,1402,2,2,2,310,17
19499,3240,1402,2,8,7,928,16
19500,3240,1402,3,9,6,837,12
19501,3240,1402,10,14,12,1470,21
19502,3240,1402,8,10,13,1670,10
19503,3241,1402,1,18,12,1494,6
19504,3241,1402,6,10,8,1050,27
19505,3241,1402,6,5,7,890,2
19506,3241,1402,10,9,10,1296,2
19507,3242,1402,3,2,2,248,25
19508,3242,1402,2,6,6,828,57
19509,3242,1402,1,5,7,875,27
19510,3242,1402,6,1,1,139,24
19511,3242,1402,11,2,2,306,25
19512,3242,1402,3,17,15,1870,14
19513,3242,1402,10,17,24,2890,34
19514,3242,1402,1,19,21,2622,16
19515,3243,1402,12,16,19,2320,40
19516,3243,1402,6,20,27,3320,6
19517,3243,1402,6,15,12,1485,13
19518,3243,1402,10,11,9,1133,36
19519,3243,1402,7,4,4,500,7
19520,3244,1402,1,16,12,1472,4
19521,3244,1402,1,7,10,1260,61
19522,3244,1402,10,1,1,114,29
19523,3244,1402,1,10,10,1250,48
19524,3244,1402,1,7,8,1029,66
19525,3244,1402,11,17,24,2992,32
19526,3244,1402,1,20,26,3160,57
19527,3244,1402,6,4,2,340,48
19528,3245,1403,5,3,2,282,5
19529,3245,1403,7,1,1,158,36
19530,3245,1403,1,14,19,2338,1
19531,3245,1403,7,18,22,2736,36
19532,3245,1403,11,20,15,1860,46
19533,3245,1403,1,17,13,1598,20
19534,3245,1403,11,4,3,456,16
19535,3245,1403,5,10,7,840,7
19536,3246,1403,1,7,6,735,11
19537,3246,1403,6,14,17,2156,2
19538,3246,1403,1,15,10,1275,11
19539,3246,1403,2,1,1,159,14
19540,3246,1403,10,16,18,2192,3
19541,3246,1403,5,19,23,2774,14
19542,3247,1403,3,14,11,1428,26
19543,3247,1403,1,9,12,1557,40
19544,3247,1403,1,16,22,2656,20
19545,3247,1403,2,16,20,2496,24
19546,3248,1403,5,13,18,2184,8
19547,3248,1403,7,20,16,1960,3
19548,3248,1403,2,15,19,2370,48
19549,3248,1403,5,7,4,595,31
19550,3248,1403,2,2,1,166,28
19551,3248,1403,3,13,9,1105,5
19552,3248,1403,1,17,17,2040,42
19553,3249,1403,6,3,2,240,27
19554,3249,1403,4,20,23,2860,13
19555,3249,1403,8,15,13,1665,28
19556,3249,1403,3,5,4,555,6
19557,3249,1403,1,4,5,684,2
19558,3249,1403,6,12,15,1836,30
19559,3250,1403,1,1,1,143,8
19560,3250,1403,1,18,13,1602,13
19561,3250,1403,1,10,12,1440,4
19562,3250,1403,1,11,7,902,5
19563,3251,1403,6,15,22,2685,23
19564,3251,1403,3,20,20,2400,69
19565,3251,1403,7,8,8,1032,15
19566,3251,1403,7,16,13,1664,45
19567,3251,1403,5,18,24,2952,19
19568,3251,1403,2,10,12,1470,20
19569,3252,1403,2,13,10,1313,28
19570,3252,1403,2,8,10,1224,11
19571,3252,1403,3,4,6,720,32
19572,3252,1403,12,11,7,880,19
19573,3252,1403,2,11,11,1320,23
19574,3252,1403,2,13,15,1885,58
19575,3252,1403,10,2,2,294,69
19576,3252,1403,1,7,7,868,62
19577,3253,1403,9,20,25,3000,10
19578,3253,1403,1,12,11,1428,6
19579,3253,1403,2,6,7,894,12
19580,3253,1403,6,6,6,816,6
19581,3253,1403,3,10,9,1090,8
19582,3253,1403,6,20,20,2440,4
19583,3253,1403,1,14,17,2044,17
19584,3253,1403,1,3,3,402,3
19585,3254,1404,1,4,5,704,5
19586,3254,1404,2,10,15,1800,16
19587,3254,1404,7,8,9,1176,15
19588,3254,1404,8,17,16,1972,17
19589,3255,1404,5,17,11,1377,9
19590,3255,1404,1,2,2,304,7
19591,3255,1404,1,15,21,2550,43
19592,3255,1404,5,3,2,321,31
19593,3255,1404,7,6,4,558,20
19594,3255,1404,8,11,16,1936,31
19595,3255,1404,1,20,21,2540,9
19596,3256,1404,3,1,1,123,20
19597,3256,1404,5,19,15,1900,13
19598,3256,1404,1,1,1,166,10
19599,3256,1404,9,16,23,2800,22
19600,3256,1404,3,4,5,676,27
19601,3256,1404,2,9,7,945,10
19602,3257,1404,2,14,16,2016,7
19603,3257,1404,9,10,13,1660,50
19604,3257,1404,10,12,13,1656,52
19605,3257,1404,2,9,12,1521,45
19606,3258,1404,2,17,22,2669,30
19607,3258,1404,1,11,11,1386,1
19608,3258,1404,2,12,9,1176,18
19609,3258,1404,1,1,1,146,32
19610,3258,1404,6,3,3,363,20
19611,3258,1404,1,20,25,3040,11
19612,3259,1404,3,20,22,2740,11
19613,3259,1404,2,10,12,1500,15
19614,3259,1404,2,12,17,2052,39
19615,3259,1404,6,15,12,1545,28
19616,3259,1404,1,17,24,2975,24
19617,3259,1404,8,11,15,1804,1
19618,3259,1404,1,8,11,1336,2
19619,3260,1404,10,15,22,2685,69
19620,3260,1404,10,18,19,2340,49
19621,3260,1404,1,17,13,1649,66
19622,3260,1404,2,1,1,114,6
19623,3260,1404,3,2,2,304,40
19624,3260,1404,12,8,7,928,15
19625,3260,1404,1,5,4,545,3
19626,3260,1404,1,7,5,602,15
19627,3261,1405,2,18,22,2700,27
19628,3261,1405,4,19,20,2508,28
19629,3261,1405,3,13,15,1833,13
19630,3261,1405,11,9,13,1566,8
19631,3261,1405,10,8,10,1224,6
19632,3262,1405,1,7,9,1183,26
19633,3262,1405,1,11,12,1463,4
19634,3262,1405,2,8,8,1056,20
19635,3262,1405,7,9,8,1008,25
19636,3262,1405,7,9,8,1062,9
19637,3262,1405,6,3,2,243,27
19638,3262,1405,3,20,26,3160,3
19639,3262,1405,11,7,9,1127,3
19640,3263,1405,10,4,5,640,36
19641,3263,1405,3,2,1,224,2
19642,3263,1405,6,10,9,1150,28
19643,3263,1405,2,13,11,1417,35
19644,3264,1405,1,10,7,840,9
19645,3264,1405,11,9,13,1566,81
19646,3264,1405,6,16,20,2448,6
19647,3264,1405,7,11,14,1771,64
19648,3264,1405,11,8,8,968,65
19649,3265,1405,3,4,4,580,39
19650,3265,1405,7,15,15,1875,3
19651,3265,1405,7,14,19,2296,44
19652,3265,1405,5,6,4,558,22
19653,3266,1405,11,1,1,170,14
19654,3266,1405,11,16,22,2736,10
19655,3266,1405,7,4,5,716,15
19656,3266,1405,6,18,25,3060,2
19657,3267,1406,10,8,9,1128,23
19658,3267,1406,8,17,13,1581,14
19659,3267,1406,7,4,3,388,6
19660,3267,1406,3,20,25,3080,19
19661,3267,1406,2,11,12,1529,5
19662,3268,1406,1,6,7,936,1
19663,3268,1406,3,13,16,1976,4
19664,3268,1406,9,18,26,3186,11
19665,3268,1406,1,3,2,261,14
19666,3268,1406,4,15,16,1950,19
19667,3268,1406,2,1,1,103,11
19668,3269,1406,10,16,12,1488,61
19669,3269,1406,3,6,6,780,69
19670,3269,1406,6,16,19,2368,10
19671,3269,1406,1,12,17,2088,17
19672,3270,1406,3,18,20,2412,30
19673,3270,1406,1,17,17,2125,48
19674,3270,1406,1,11,12,1463,59
19675,3270,1406,2,16,19,2384,57
19676,3271,1406,10,4,3,360,7
19677,3271,1406,6,13,16,2028,15
19678,3271,1406,1,12,10,1272,5
19679,3271,1406,1,11,8,1078,13
19680,3271,1406,2,14,18,2198,13
19681,3271,1406,6,19,28,3420,7
19682,3272,1406,3,19,12,1539,7
19683,3272,1406,11,18,15,1836,65
19684,3272,1406,8,4,4,524,2
19685,3272,1406,2,8,9,1144,55
19686,3272,1406,2,2,1,234,62
19687,3272,1406,1,18,16,1980,40
19688,3272,1406,1,8,5,704,13
19689,3272,1406,1,12,14,1704,62
19690,3273,1406,1,16,19,2304,10
19691,3273,1406,6,1,1,144,6
19692,3273,1406,7,12,12,1536,1
19693,3273,1406,6,20,19,2340,8
19694,3273,1406,10,1,1,95,7
19695,3274,1407,7,8,10,1304,12
19696,3274,1407,2,8,8,1016,15
19697,3274,1407,1,7,10,1239,18
19698,3274,1407,2,9,10,1278,6
19699,3274,1407,6,18,13,1602,5
19700,3274,1407,8,20,21,2580,30
19701,3274,1407,6,11,14,1771,27
19702,3274,1407,8,16,14,1744,27
19703,3275,1407,11,13,9,1118,22
19704,3275,1407,2,2,2,274,23
19705,3275,1407,12,14,13,1596,16
19706,3275,1407,1,9,7,954,10
19707,3275,1407,7,13,17,2106,18
19708,3275,1407,1,17,17,2057,10
19709,3276,1407,6,16,20,2496,67
19710,3276,1407,9,1,1,120,66
19711,3276,1407,2,14,18,2268,61
19712,3276,1407,6,13,9,1118,56
19713,3277,1407,1,20,24,2920,41
19714,3277,1407,1,3,4,525,3
19715,3277,1407,6,20,17,2040,32
19716,3277,1407,5,8,11,1368,15
19717,3278,1407,7,13,16,1963,30
19718,3278,1407,10,11,8,1034,10
19719,3278,1407,3,3,4,507,8
19720,3278,1407,11,13,13,1612,12
19721,3278,1407,2,4,3,428,66
19722,3278,1407,1,6,5,606,54
19723,3278,1407,1,7,7,896,44
19724,3278,1407,4,8,7,920,79
19725,3279,1407,1,2,2,344,39
19726,3279,1407,5,5,5,600,19
19727,3279,1407,2,15,20,2505,10
19728,3279,1407,7,17,20,2448,48
19729,3279,1407,1,17,18,2227,37
19730,3279,1407,10,20,19,2360,60
19731,3280,1408,6,15,18,2220,1
19732,3280,1408,10,16,17,2080,54
19733,3280,1408,1,12,11,1344,46
19734,3280,1408,7,1,1,164,81
19735,3280,1408,3,17,19,2312,7
19736,3280,1408,1,3,2,321,53
19737,3280,1408,2,5,4,515,2
19738,3280,1408,1,7,7,882,58
19739,3281,1408,2,15,12,1545,28
19740,3281,1408,6,11,14,1705,18
19741,3281,1408,9,13,16,1937,9
19742,3281,1408,1,4,5,684,6
19743,3281,1408,1,20,24,2940,11
19744,3281,1408,1,11,10,1232,27
19745,3281,1408,1,8,5,672,4
19746,3282,1408,3,15,13,1635,52
19747,3282,1408,1,5,5,605,14
19748,3282,1408,2,3,2,255,34
19749,3282,1408,6,1,1,149,4
19750,3282,1408,2,8,6,728,5
19751,3283,1408,6,10,11,1370,12
19752,3283,1408,2,16,18,2160,3
19753,3283,1408,3,8,8,992,19
19754,3283,1408,2,17,16,1955,14
19755,3283,1408,9,4,4,560,5
19756,3283,1408,4,16,12,1440,5
19757,3284,1408,1,6,9,1080,10
19758,3284,1408,1,18,25,3060,16
19759,3284,1408,5,7,6,770,8
19760,3284,1408,1,14,14,1764,12
19761,3284,1408,11,20,22,2740,25
19762,3284,1408,3,8,8,1000,11
19763,3284,1408,1,5,3,400,23
19764,3284,1408,10,5,5,680,20
19765,3285,1408,3,1,1,84,3
19766,3285,1408,8,18,12,1530,18
19767,3285,1408,2,11,15,1848,3
19768,3285,1408,3,19,18,2166,18
19769,3285,1408,5,20,25,3000,8
19770,3285,1408,2,4,3,364,19
19771,3285,1408,4,14,17,2100,8
19772,3286,1409,6,13,19,2340,9
19773,3286,1409,1,13,8,1079,11
19774,3286,1409,3,7,5,679,1
19775,3286,1409,1,18,23,2844,11
19776,3286,1409,10,19,13,1672,11
19777,3287,1409,1,14,19,2366,16
19778,3287,1409,10,14,11,1414,10
19779,3287,1409,6,6,8,1068,11
19780,3287,1409,2,12,11,1332,33
19781,3287,1409,3,7,5,637,9
19782,3287,1409,1,18,17,2052,34
19783,3288,1409,6,3,3,441,18
19784,3288,1409,2,14,19,2394,11
19785,3288,1409,11,2,1,228,12
19786,3288,1409,2,16,21,2576,38
19787,3289,1409,7,8,11,1320,11
19788,3289,1409,9,3,2,279,33
19789,3289,1409,1,6,8,990,38
19790,3289,1409,2,18,12,1512,30
19791,3289,1409,2,17,17,2091,30
19792,3290,1409,2,5,3,450,28
19793,3290,1409,2,4,4,480,24
19794,3290,1409,3,15,13,1650,13
19795,3290,1409,3,3,2,258,30
19796,3291,1409,10,16,23,2768,54
19797,3291,1409,6,20,23,2840,31
19798,3291,1409,1,14,9,1162,48
19799,3291,1409,6,2,2,248,3
19800,3291,1409,10,3,2,276,18
19801,3291,1409,2,12,14,1740,28
19802,3291,1409,3,17,14,1717,43
19803,3291,1409,7,15,22,2670,7
19804,3292,1409,6,12,16,1956,10
19805,3292,1409,2,15,14,1680,28
19806,3292,1409,5,8,7,928,20
19807,3292,1409,1,5,4,500,13
19808,3292,1409,3,6,4,534,13
19809,3292,1409,1,16,14,1696,12
19810,3293,1409,5,1,1,162,1
19811,3293,1409,1,12,10,1284,10
19812,3293,1409,2,13,11,1339,6
19813,3293,1409,4,20,16,1940,17
19814,3293,1409,1,5,5,705,6
19815,3293,1409,2,8,7,840,9
19816,3294,1410,2,18,25,3060,17
19817,3294,1410,2,16,17,2064,10
19818,3294,1410,6,5,5,615,24
19819,3294,1410,5,10,12,1510,19
19820,3295,1410,2,13,13,1638,24
19821,3295,1410,6,16,18,2160,17
19822,3295,1410,11,8,5,664,1
19823,3295,1410,4,15,11,1365,4
19824,3295,1410,3,8,8,976,8
19825,3295,1410,3,7,10,1239,7
19826,3295,1410,4,9,13,1575,18
19827,3296,1410,6,13,18,2197,50
19828,3296,1410,6,11,12,1441,54
19829,3296,1410,1,1,1,143,55
19830,3296,1410,6,9,12,1557,41
19831,3296,1410,1,8,11,1384,8
19832,3296,1410,6,4,5,704,19
19833,3297,1410,9,16,20,2496,43
19834,3297,1410,2,20,19,2360,5
19835,3297,1410,7,10,14,1680,20
19836,3297,1410,1,11,15,1826,18
19837,3297,1410,6,11,9,1188,29
19838,3297,1410,10,12,14,1680,23
19839,3297,1410,2,10,7,900,22
19840,3297,1410,4,10,9,1140,39
19841,3298,1410,1,6,8,1038,39
19842,3298,1410,2,18,26,3132,24
19843,3298,1410,6,18,23,2808,29
19844,3298,1410,10,17,12,1530,5
19845,3299,1410,9,17,22,2669,8
19846,3299,1410,2,2,2,294,29
19847,3299,1410,3,19,15,1805,52
19848,3299,1410,2,9,11,1350,49
19849,3300,1410,7,14,20,2492,2
19850,3300,1410,5,1,1,171,5
19851,3300,1410,2,16,23,2768,17
19852,3300,1410,1,9,11,1377,1
19853,3300,1410,7,20,29,3580,8
19854,3300,1410,2,16,15,1824,15
19855,3301,1410,1,17,12,1496,24
19856,3301,1410,2,11,12,1441,12
19857,3301,1410,9,10,13,1580,40
19858,3301,1410,2,16,12,1552,38
19859,3301,1410,6,5,3,420,18
19860,3301,1410,1,4,4,524,4
19861,3302,1410,7,16,16,2032,31
19862,3302,1410,6,6,7,918,20
19863,3302,1410,2,17,17,2142,22
19864,3302,1410,3,1,1,127,2
19865,3302,1410,6,11,12,1540,24
19866,3303,1411,7,20,16,2000,73
19867,3303,1411,6,3,3,444,68
19868,3303,1411,7,4,5,636,33
19869,3303,1411,1,9,10,1296,33
19870,3303,1411,3,12,10,1224,75
19871,3303,1411,10,18,23,2772,25
19872,3304,1411,5,7,5,602,57
19873,3304,1411,2,18,14,1746,1
19874,3304,1411,10,9,7,873,52
19875,3304,1411,1,9,8,1035,17
19876,3304,1411,7,3,3,423,30
19877,3304,1411,7,17,16,1972,79
19878,3305,1411,2,14,17,2114,20
19879,3305,1411,5,2,2,272,2
19880,3305,1411,1,10,8,970,12
19881,3305,1411,2,11,16,1925,2
19882,3305,1411,2,1,1,127,32
19883,3305,1411,7,4,2,344,28
19884,3305,1411,1,17,22,2754,3
19885,3306,1411,10,9,6,819,3
19886,3306,1411,11,17,20,2448,15
19887,3306,1411,3,2,1,234,10
19888,3306,1411,6,1,1,97,11
19889,3307,1411,1,1,1,95,7
19890,3307,1411,6,17,17,2057,22
19891,3307,1411,1,3,3,426,9
19892,3307,1411,4,5,5,710,3
19893,3307,1411,1,13,10,1235,9
19894,3307,1411,2,5,7,890,29
19895,3307,1411,6,13,8,1040,17
19896,3307,1411,1,15,11,1410,35
19897,3308,1411,1,17,23,2805,18
19898,3308,1411,11,12,9,1176,22
19899,3308,1411,10,2,1,162,14
19900,3308,1411,2,4,5,712,36
19901,3309,1411,4,10,12,1520,20
19902,3309,1411,3,19,21,2622,40
19903,3309,1411,1,19,25,3040,5
19904,3309,1411,1,3,3,396,17
19905,3309,1411,2,13,17,2145,41
19906,3309,1411,1,14,15,1890,15
19907,3310,1411,1,15,18,2160,21
19908,3310,1411,10,15,16,1920,18
19909,3310,1411,7,5,4,585,12
19910,3310,1411,5,10,12,1440,11
19911,3310,1411,1,14,12,1442,14
19912,3310,1411,2,15,22,2700,11
19913,3310,1411,2,17,25,3009,10
19914,3310,1411,2,10,6,830,12
19915,3311,1411,1,7,5,665,29
19916,3311,1411,2,4,5,660,23
19917,3311,1411,7,15,12,1530,21
19918,3311,1411,2,17,11,1428,28
19919,3311,1411,1,15,10,1290,11
19920,3311,1411,2,9,6,729,6
19921,3311,1411,3,10,7,910,29
19922,3311,1411,10,6,5,672,8
19923,3312,1411,5,6,4,498,12
19924,3312,1411,7,20,13,1620,11
19925,3312,1411,2,5,5,645,15
19926,3312,1411,9,14,10,1288,11
19927,3312,1411,7,13,17,2119,8
19928,3312,1411,3,7,6,833,11
19929,3313,1412,6,5,6,785,11
19930,3313,1412,10,1,1,106,23
19931,3313,1412,6,5,3,415,4
19932,3313,1412,2,6,8,1050,16
19933,3313,1412,7,13,15,1885,11
19934,3313,1412,2,19,20,2489,11
19935,3314,1412,3,16,22,2752,2
19936,3314,1412,1,17,13,1598,4
19937,3314,1412,2,19,16,2033,2
19938,3314,1412,8,2,2,256,20
19939,3315,1412,6,1,1,101,24
19940,3315,1412,1,19,16,1957,26
19941,3315,1412,10,20,14,1740,26
19942,3315,1412,3,7,6,805,1
19943,3315,1412,1,15,17,2070,22
19944,3315,1412,1,1,1,96,4
19945,3315,1412,8,19,23,2831,30
19946,3316,1412,6,1,1,145,35
19947,3316,1412,1,5,6,795,12
19948,3316,1412,2,7,10,1260,76
19949,3316,1412,8,9,6,819,88
19950,3317,1412,1,9,7,918,20
19951,3317,1412,1,3,3,417,12
19952,3317,1412,3,3,2,312,14
19953,3317,1412,11,4,3,376,12
19954,3317,1412,6,13,17,2106,20
19955,3317,1412,8,12,11,1416,29
19956,3317,1412,6,3,4,522,30
19957,3318,1412,5,11,13,1573,51
19958,3318,1412,2,4,5,700,56
19959,3318,1412,1,8,6,752,55
19960,3318,1412,2,6,8,1014,27
19961,3318,1412,3,19,16,2033,7
19962,3318,1412,7,12,17,2052,60
19963,3318,1412,11,9,6,828,17
19964,3318,1412,6,18,20,2412,3
19965,3319,1412,10,1,1,122,17
19966,3319,1412,1,8,6,720,31
19967,3319,1412,6,5,5,715,30
19968,3319,1412,10,6,4,552,41
19969,3319,1412,10,15,20,2475,33
19970,3319,1412,5,16,22,2752,10
19971,3319,1412,5,15,18,2175,10
19972,3320,1412,1,7,5,630,22
19973,3320,1412,10,12,11,1392,30
19974,3320,1412,3,6,6,720,30
19975,3320,1412,6,16,12,1504,27
19976,3321,1412,1,5,3,445,22
19977,3321,1412,2,12,10,1236,10
19978,3321,1412,1,19,25,3040,15
19979,3321,1412,10,11,14,1716,6
19980,3321,1412,11,12,16,2028,6
19981,3321,1412,5,11,7,935,42
19982,3322,1412,1,4,2,344,72
19983,3322,1412,6,18,25,3024,65
19984,3322,1412,3,17,22,2652,72
19985,3322,1412,2,2,1,172,29
19986,3322,1412,5,20,15,1840,13
19987,3323,1413,1,13,8,1079,7
19988,3323,1413,2,9,11,1368,13
19989,3323,1413,10,6,6,786,19
19990,3323,1413,9,15,12,1440,17
19991,3323,1413,1,16,20,2512,8
19992,3323,1413,6,10,11,1340,13
19993,3323,1413,6,19,14,1786,2
19994,3324,1413,7,15,19,2310,41
19995,3324,1413,7,17,12,1479,18
19996,3324,1413,2,13,8,1040,1
19997,3324,1413,4,19,14,1710,39
19998,3324,1413,10,19,15,1919,14
19999,3324,1413,2,6,4,522,12
20000,3324,1413,4,7,9,1155,4
20001,3324,1413,8,19,27,3344,37
20002,3325,1413,2,2,1,186,39
20003,3325,1413,10,9,8,972,1
20004,3325,1413,1,3,4,480,55
20005,3325,1413,4,12,9,1116,18
20006,3325,1413,6,2,2,280,41
20007,3325,1413,2,11,9,1155,46
20008,3326,1413,7,14,14,1778,43
20009,3326,1413,1,16,16,1984,24
20010,3326,1413,5,20,15,1840,9
20011,3326,1413,6,6,6,774,51
20012,3326,1413,9,6,5,714,37
20013,3327,1413,10,13,10,1222,33
20014,3327,1413,6,13,13,1573,42
20015,3327,1413,8,11,10,1232,47
20016,3327,1413,3,8,10,1272,36
20017,3327,1413,10,8,10,1304,1
20018,3327,1413,1,14,11,1330,12
20019,3328,1413,2,17,12,1530,5
20020,3328,1413,9,1,1,137,8
20021,3328,1413,3,19,15,1824,14
20022,3328,1413,1,4,4,568,8
20023,3328,1413,1,13,15,1807,21
20024,3329,1413,8,2,2,244,12
20025,3329,1413,3,2,1,186,9
20026,3329,1413,2,1,1,98,15
20027,3329,1413,9,13,14,1781,19
20028,3329,1413,1,17,13,1632,9
20029,3329,1413,7,9,6,729,9
20030,3330,1414,2,1,1,85,78
20031,3330,1414,2,3,2,252,66
20032,3330,1414,8,10,8,960,77
20033,3330,1414,3,14,16,1960,51
20034,3330,1414,2,14,12,1554,30
20035,3331,1414,1,14,12,1442,6
20036,3331,1414,10,15,14,1725,6
20037,3331,1414,10,10,6,810,22
20038,3331,1414,2,14,19,2310,9
20039,3331,1414,7,15,17,2085,10
20040,3332,1414,6,14,18,2170,8
20041,3332,1414,10,9,11,1377,14
20042,3332,1414,1,10,10,1300,9
20043,3332,1414,5,17,14,1751,2
20044,3333,1414,11,16,16,1968,61
20045,3333,1414,1,13,12,1495,69
20046,3333,1414,6,15,11,1350,41
20047,3333,1414,1,2,1,208,63
20048,3333,1414,3,4,4,568,36
20049,3334,1414,3,8,6,744,19
20050,3334,1414,1,18,15,1854,59
20051,3334,1414,1,19,21,2527,59
20052,3334,1414,2,10,13,1650,64
20053,3334,1414,2,7,9,1134,14
20054,3334,1414,3,18,17,2106,11
20055,3334,1414,11,14,19,2282,33
20056,3335,1414,1,20,15,1860,22
20057,3335,1414,3,12,11,1380,7
20058,3335,1414,2,20,22,2680,8
20059,3335,1414,6,5,6,755,12
20060,3335,1414,2,5,7,845,36
20061,3335,1414,1,20,22,2720,34
20062,3335,1414,4,5,4,495,16
20063,3336,1414,7,5,3,475,15
20064,3336,1414,10,5,7,850,36
20065,3336,1414,3,18,21,2574,45
20066,3336,1414,6,16,14,1712,11
20067,3336,1414,2,18,24,2898,38
20068,3336,1414,11,2,2,316,37
20069,3337,1415,5,20,24,2880,39
20070,3337,1415,2,9,8,990,10
20071,3337,1415,7,2,2,356,7
20072,3337,1415,6,1,1,159,19
20073,3337,1415,2,15,17,2070,38
20074,3337,1415,1,4,4,568,5
20075,3338,1415,2,11,7,946,24
20076,3338,1415,2,13,10,1248,16
20077,3338,1415,3,1,1,136,27
20078,3338,1415,5,14,12,1526,29
20079,3338,1415,2,1,1,128,33
20080,3338,1415,9,11,13,1672,28
20081,3338,1415,2,12,9,1164,5
20082,3338,1415,2,16,13,1568,19
20083,3339,1415,2,9,10,1206,19
20084,3339,1415,1,17,21,2584,38
20085,3339,1415,3,20,17,2140,1
20086,3339,1415,7,1,1,80,18
20087,3339,1415,3,14,10,1218,47
20088,3339,1415,10,12,16,2004,11
20089,3339,1415,1,14,20,2436,7
20090,3340,1415,1,1,1,122,11
20091,3340,1415,1,9,12,1530,2
20092,3340,1415,11,19,13,1672,6
20093,3340,1415,7,15,21,2610,1
20094,3340,1415,3,19,17,2071,21
20095,3340,1415,2,17,22,2669,7
20096,3340,1415,7,1,1,100,6
20097,3341,1415,10,3,3,360,11
20098,3341,1415,8,4,4,524,16
20099,3341,1415,10,17,15,1819,8
20100,3341,1415,6,19,21,2622,1
20101,3342,1415,1,14,12,1540,12
20102,3342,1415,3,2,1,214,26
20103,3342,1415,1,19,17,2052,10
20104,3342,1415,4,16,16,1968,9
20105,3342,1415,2,14,17,2086,31
20106,3342,1415,2,6,6,786,18
20107,3342,1415,2,20,27,3320,32
20108,3342,1415,10,19,22,2698,47
20109,3343,1415,1,15,11,1365,8
20110,3343,1415,3,9,12,1539,22
20111,3343,1415,5,6,8,1050,25
20112,3343,1415,1,10,14,1680,19
20113,3343,1415,6,11,14,1738,3
20114,3343,1415,2,7,8,973,24
20115,3344,1416,6,4,5,708,3
20116,3344,1416,7,4,2,324,3
20117,3344,1416,1,20,28,3460,18
20118,3344,1416,10,6,6,768,19
20119,3344,1416,6,12,15,1908,10
20120,3344,1416,3,7,8,1001,7
20121,3344,1416,6,13,18,2184,13
20122,3344,1416,3,19,20,2413,22
20123,3345,1416,1,16,22,2736,1
20124,3345,1416,1,9,10,1287,29
20125,3345,1416,7,6,8,1056,43
20126,3345,1416,9,20,23,2860,6
20127,3345,1416,4,4,3,468,73
20128,3345,1416,6,16,17,2128,64
20129,3345,1416,2,2,1,198,69
20130,3345,1416,3,9,12,1557,13
20131,3346,1416,7,19,23,2774,12
20132,3346,1416,1,9,10,1260,18
20133,3346,1416,5,11,11,1386,13
20134,3346,1416,6,4,3,412,18
20135,3346,1416,6,6,8,1062,10
20136,3347,1416,8,15,21,2595,17
20137,3347,1416,3,10,7,840,49
20138,3347,1416,2,2,2,296,68
20139,3347,1416,3,9,8,1053,74
20140,3347,1416,1,14,19,2310,3
20141,3347,1416,3,7,4,574,20
20142,3347,1416,3,12,16,1944,69
20143,3347,1416,4,9,7,936,19
20144,3348,1416,1,2,2,358,9
20145,3348,1416,6,13,13,1599,14
20146,3348,1416,7,16,16,1968,9
20147,3348,1416,8,12,11,1356,6
20148,3349,1416,1,19,17,2128,13
20149,3349,1416,8,15,12,1455,38
20150,3349,1416,6,19,26,3192,15
20151,3349,1416,1,4,4,488,9
20152,3349,1416,6,19,19,2394,37
20153,3349,1416,10,3,4,525,29
20154,3349,1416,6,17,20,2499,23
20155,3350,1416,5,5,5,675,18
20156,3350,1416,6,1,1,166,38
20157,3350,1416,2,6,6,762,20
20158,3350,1416,3,10,11,1340,14
20159,3351,1416,2,10,6,800,19
20160,3351,1416,6,9,7,936,2
20161,3351,1416,4,10,9,1110,14
20162,3351,1416,10,14,19,2380,10
20163,3351,1416,4,2,2,244,10
20164,3351,1416,6,4,5,616,19
20165,3352,1417,3,12,14,1692,4
20166,3352,1417,3,8,5,656,33
20167,3352,1417,1,5,6,820,42
20168,3352,1417,4,17,17,2040,11
20169,3353,1417,2,1,1,133,22
20170,3353,1417,1,12,17,2040,5
20171,3353,1417,4,15,11,1425,8
20172,3353,1417,5,5,4,490,5
20173,3353,1417,10,4,4,544,10
20174,3353,1417,2,3,2,318,9
20175,3354,1417,1,4,5,624,43
20176,3354,1417,6,10,6,800,67
20177,3354,1417,6,16,14,1792,80
20178,3354,1417,2,7,6,742,33
20179,3355,1417,3,15,13,1575,51
20180,3355,1417,6,4,3,464,8
20181,3355,1417,10,6,6,774,45
20182,3355,1417,3,6,8,1050,1
20183,3355,1417,6,17,16,1972,51
20184,3355,1417,1,18,13,1566,20
20185,3356,1417,5,18,26,3186,38
20186,3356,1417,1,16,12,1536,14
20187,3356,1417,1,7,9,1120,9
20188,3356,1417,5,11,8,990,62
20189,3356,1417,2,8,5,672,80
20190,3357,1417,2,13,19,2340,69
20191,3357,1417,1,5,3,430,36
20192,3357,1417,10,5,7,885,18
20193,3357,1417,2,14,18,2170,72
20194,3358,1417,10,9,12,1521,42
20195,3358,1417,7,12,16,1968,41
20196,3358,1417,3,18,24,2916,28
20197,3358,1417,10,3,2,357,27
20198,3359,1417,7,3,2,276,47
20199,3359,1417,1,14,17,2156,44
20200,3359,1417,2,20,16,1940,11
20201,3359,1417,5,4,5,664,18
20202,3359,1417,11,13,12,1456,67
20203,3359,1417,11,18,12,1548,58
20204,3360,1417,1,2,2,278,64
20205,3360,1417,2,19,23,2869,31
20206,3360,1417,6,6,5,618,68
20207,3360,1417,1,1,1,97,16
20208,3360,1417,10,12,9,1188,26
20209,3360,1417,2,17,16,2023,16
20210,3360,1417,3,4,5,608,31
20211,3360,1417,1,6,6,732,58
20212,3361,1418,4,2,2,262,40
20213,3361,1418,1,15,21,2535,64
20214,3361,1418,2,1,1,107,51
20215,3361,1418,1,16,12,1504,38
20216,3362,1418,9,15,18,2205,34
20217,3362,1418,8,12,14,1680,53
20218,3362,1418,6,14,19,2324,28
20219,3362,1418,1,10,7,950,27
20220,3363,1418,10,20,26,3140,26
20221,3363,1418,1,6,8,1038,8
20222,3363,1418,6,16,23,2864,22
20223,3363,1418,5,2,1,172,12
20224,3363,1418,1,14,15,1904,4
20225,3363,1418,2,13,17,2132,13
20226,3363,1418,1,18,25,3042,11
20227,3363,1418,3,17,23,2805,2
20228,3364,1418,6,20,26,3120,16
20229,3364,1418,8,9,11,1332,22
20230,3364,1418,1,2,1,230,12
20231,3364,1418,1,12,14,1716,7
20232,3364,1418,1,14,18,2254,13
20233,3364,1418,1,12,13,1596,5
20234,3364,1418,6,19,21,2584,5
20235,3364,1418,1,7,8,987,1
20236,3365,1418,1,18,21,2628,9
20237,3365,1418,11,18,16,1926,3
20238,3365,1418,11,14,9,1120,10
20239,3365,1418,6,2,2,318,4
20240,3365,1418,1,1,1,143,15
20241,3365,1418,1,13,18,2262,5
20242,3366,1418,2,10,10,1250,15
20243,3366,1418,8,5,7,840,9
20244,3366,1418,9,10,12,1490,24
20245,3366,1418,8,17,12,1479,9
20246,3366,1418,7,15,16,1965,24
20247,3366,1418,4,7,9,1099,31
20248,3366,1418,1,4,5,708,2
20249,3367,1419,1,6,7,894,42
20250,3367,1419,6,3,3,444,48
20251,3367,1419,6,8,10,1248,36
20252,3367,1419,2,9,9,1116,22
20253,3367,1419,1,17,24,2958,47
20254,3367,1419,1,10,11,1320,16
20255,3368,1419,2,15,21,2610,19
20256,3368,1419,7,9,7,927,6
20257,3368,1419,10,8,12,1440,9
20258,3368,1419,1,5,4,595,6
20259,3368,1419,3,6,7,870,20
20260,3368,1419,7,20,29,3500,7
20261,3369,1419,2,11,15,1881,18
20262,3369,1419,2,14,9,1120,15
20263,3369,1419,2,13,10,1235,40
20264,3369,1419,4,19,27,3287,40
20265,3369,1419,2,9,6,792,31
20266,3369,1419,10,13,17,2132,41
20267,3369,1419,7,11,12,1529,1
20268,3369,1419,3,20,18,2260,38
20269,3370,1419,1,12,14,1740,25
20270,3370,1419,2,16,11,1328,12
20271,3370,1419,1,19,27,3249,34
20272,3370,1419,3,19,13,1672,10
20273,3371,1419,1,16,14,1712,18
20274,3371,1419,1,16,20,2512,63
20275,3371,1419,1,1,1,180,21
20276,3371,1419,6,16,11,1424,46
20277,3371,1419,1,7,5,686,56
20278,3371,1419,6,3,3,447,63
20279,3371,1419,10,7,10,1260,54
20280,3372,1419,3,10,8,1000,7
20281,3372,1419,5,13,9,1118,5
20282,3372,1419,1,20,15,1880,20
20283,3372,1419,6,3,3,393,37
20284,3372,1419,12,15,19,2385,53
20285,3373,1419,2,20,18,2200,17
20286,3373,1419,1,3,3,411,81
20287,3373,1419,2,18,25,3060,39
20288,3373,1419,6,16,22,2752,34
20289,3373,1419,1,5,3,405,27
20290,3374,1419,11,17,24,2975,34
20291,3374,1419,1,13,9,1170,31
20292,3374,1419,2,8,9,1160,16
20293,3374,1419,7,14,18,2226,19
20294,3374,1419,4,17,15,1802,19
20295,3374,1419,2,20,24,2940,23
20296,3375,1419,2,8,11,1384,28
20297,3375,1419,2,12,12,1440,26
20298,3375,1419,1,11,14,1705,49
20299,3375,1419,1,7,8,1022,38
20300,3375,1419,7,11,8,1023,27
20301,3376,1419,7,1,1,133,70
20302,3376,1419,11,8,6,744,81
20303,3376,1419,1,5,6,735,44
20304,3376,1419,1,9,6,810,25
20305,3376,1419,10,20,14,1680,64
20306,3377,1420,2,11,9,1100,47
20307,3377,1420,8,18,25,3114,50
20308,3377,1420,1,16,11,1344,2
20309,3377,1420,4,17,12,1496,25
20310,3378,1420,10,4,3,376,8
20311,3378,1420,8,6,8,972,30
20312,3378,1420,6,10,7,870,24
20313,3378,1420,6,17,13,1649,32
20314,3378,1420,2,12,15,1884,34
20315,3378,1420,2,20,25,3000,35
20316,3378,1420,7,19,16,1938,4
20317,3378,1420,5,17,14,1751,18
20318,3379,1420,10,4,4,540,51
20319,3379,1420,2,2,2,282,47
20320,3379,1420,9,7,7,868,39
20321,3379,1420,7,18,18,2178,30
20322,3380,1420,10,6,8,1032,23
20323,3380,1420,9,16,17,2128,42
20324,3380,1420,6,17,16,2023,34
20325,3380,1420,1,18,14,1764,44
20326,3380,1420,2,3,2,261,45
20327,3381,1420,1,2,1,182,24
20328,3381,1420,6,14,12,1512,8
20329,3381,1420,6,17,24,2958,2
20330,3381,1420,6,16,16,1984,23
20331,3381,1420,6,13,17,2106,9
20332,3381,1420,2,7,9,1148,6
20333,3381,1420,1,19,16,1995,7
20334,3382,1420,10,5,6,750,78
20335,3382,1420,2,2,1,238,74
20336,3382,1420,7,18,22,2682,7
20337,3382,1420,3,10,9,1140,5
20338,3382,1420,3,7,8,973,18
20339,3383,1421,7,4,5,696,24
20340,3383,1421,6,18,15,1800,12
20341,3383,1421,2,14,12,1554,34
20342,3383,1421,1,13,16,2028,29
20343,3383,1421,1,20,26,3140,6
20344,3383,1421,3,11,11,1397,19
20345,3383,1421,8,8,7,856,3
20346,3384,1421,1,8,5,664,2
20347,3384,1421,1,11,13,1650,21
20348,3384,1421,6,20,29,3480,4
20349,3384,1421,1,9,8,1008,26
20350,3385,1421,2,9,6,792,22
20351,3385,1421,7,4,3,416,24
20352,3385,1421,10,13,13,1664,13
20353,3385,1421,5,15,13,1560,53
20354,3385,1421,4,11,12,1485,21
20355,3386,1421,1,3,4,540,23
20356,3386,1421,11,10,13,1620,1
20357,3386,1421,2,2,1,178,19
20358,3386,1421,3,10,13,1670,15
20359,3386,1421,6,16,16,2000,4
20360,3386,1421,1,18,24,2988,59
20361,3386,1421,1,18,13,1584,57
20362,3386,1421,2,10,13,1580,46
20363,3387,1421,3,15,20,2475,30
20364,3387,1421,5,7,5,707,5
20365,3387,1421,6,17,24,2975,25
20366,3387,1421,3,7,6,742,29
20367,3387,1421,1,11,12,1485,34
20368,3387,1421,1,6,4,516,4
20369,3388,1421,8,12,15,1896,5
20370,3388,1421,2,16,22,2656,35
20371,3388,1421,7,5,5,680,15
20372,3388,1421,1,11,7,946,12
20373,3388,1421,1,6,4,552,32
20374,3388,1421,1,20,26,3120,34
20375,3388,1421,10,17,13,1632,15
20376,3389,1422,4,7,6,819,17
20377,3389,1422,7,5,6,795,4
20378,3389,1422,10,4,3,408,10
20379,3389,1422,11,8,5,664,11
20380,3389,1422,8,7,9,1155,1
20381,3390,1422,2,5,4,580,14
20382,3390,1422,5,9,8,1026,15
20383,3390,1422,2,2,2,246,2
20384,3390,1422,1,15,14,1740,11
20385,3390,1422,5,15,10,1305,6
20386,3391,1422,1,15,21,2610,12
20387,3391,1422,10,5,6,765,42
20388,3391,1422,10,10,13,1580,15
20389,3391,1422,1,19,26,3211,37
20390,3392,1422,9,5,3,455,23
20391,3392,1422,1,6,7,876,12
20392,3392,1422,8,7,6,777,10
20393,3392,1422,8,3,3,432,27
20394,3392,1422,7,13,10,1313,26
20395,3393,1422,1,17,12,1445,30
20396,3393,1422,5,5,6,815,6
20397,3393,1422,10,8,10,1304,51
20398,3393,1422,8,10,11,1420,41
20399,3393,1422,9,10,7,860,12
20400,3393,1422,9,6,7,852,17
20401,3393,1422,10,7,4,567,44
20402,3394,1422,4,6,7,948,12
20403,3394,1422,10,8,8,1024,21
20404,3394,1422,2,12,17,2064,15
20405,3394,1422,6,8,9,1104,2
20406,3394,1422,10,18,25,3078,18
20407,3395,1422,6,14,9,1120,27
20408,3395,1422,1,13,19,2327,4
20409,3395,1422,3,12,15,1836,4
20410,3395,1422,8,15,20,2415,2
20411,3395,1422,1,4,4,552,43
20412,3396,1422,2,11,8,1067,14
20413,3396,1422,3,6,4,576,74
20414,3396,1422,3,5,4,500,14
20415,3396,1422,8,19,23,2793,54
20416,3397,1422,1,8,7,920,6
20417,3397,1422,5,6,7,936,7
20418,3397,1422,7,13,19,2301,35
20419,3397,1422,11,2,2,256,12
20420,3398,1423,10,17,13,1564,34
20421,3398,1423,2,15,18,2205,25
20422,3398,1423,4,16,18,2224,5
20423,3398,1423,1,19,13,1615,38
20424,3399,1423,1,15,20,2400,26
20425,3399,1423,12,12,14,1692,14
20426,3399,1423,1,20,21,2540,28
20427,3399,1423,10,5,6,750,21
20428,3399,1423,5,3,3,393,40
20429,3400,1423,8,20,15,1820,2
20430,3400,1423,10,8,8,1072,28
20431,3400,1423,3,11,13,1628,3
20432,3400,1423,6,6,7,846,15
20433,3400,1423,1,15,19,2340,40
20434,3401,1423,8,7,5,623,45
20435,3401,1423,10,20,28,3440,25
20436,3401,1423,3,16,15,1856,67
20437,3401,1423,2,13,15,1898,44
20438,3401,1423,5,16,22,2704,30
20439,3401,1423,6,12,14,1680,38
20440,3401,1423,10,8,7,864,69
20441,3401,1423,8,5,4,520,33
20442,3402,1423,6,19,25,3002,22
20443,3402,1423,10,4,3,360,19
20444,3402,1423,7,17,24,2907,14
20445,3402,1423,1,4,3,368,28
20446,3402,1423,10,16,16,2016,20
20447,3403,1423,3,6,4,504,25
20448,3403,1423,4,15,20,2460,11
20449,3403,1423,1,10,8,990,33
20450,3403,1423,7,17,14,1734,26
20451,3403,1423,11,19,25,3078,24
20452,3403,1423,6,19,12,1558,4
20453,3403,1423,1,1,1,108,34
20454,3403,1423,10,4,3,408,7
20455,3404,1423,6,10,10,1310,27
20456,3404,1423,1,6,7,918,58
20457,3404,1423,2,19,24,2926,44
20458,3404,1423,6,5,5,710,40
20459,3404,1423,1,7,6,763,78
20460,3404,1423,1,3,2,327,20
20461,3405,1423,3,18,16,2034,3
20462,3405,1423,11,11,8,1001,21
20463,3405,1423,2,19,17,2052,24
20464,3405,1423,1,8,5,640,15
20465,3406,1424,7,3,2,312,50
20466,3406,1424,1,2,1,212,51
20467,3406,1424,10,5,4,505,35
20468,3406,1424,6,11,15,1859,7
20469,3406,1424,5,6,5,702,15
20470,3407,1424,1,19,18,2204,45
20471,3407,1424,5,14,19,2366,43
20472,3407,1424,2,12,12,1512,27
20473,3407,1424,6,1,1,107,58
20474,3407,1424,1,12,11,1380,21
20475,3407,1424,2,11,12,1551,20
20476,3408,1424,3,14,13,1638,41
20477,3408,1424,2,16,14,1696,13
20478,3408,1424,1,19,25,3002,39
20479,3408,1424,11,2,1,230,16
20480,3408,1424,1,14,11,1330,51
20481,3408,1424,1,4,6,720,30
20482,3408,1424,7,9,13,1593,14
20483,3408,1424,3,14,20,2478,23
20484,3409,1424,1,15,12,1440,33
20485,3409,1424,12,15,14,1785,76
20486,3409,1424,1,15,18,2250,21
20487,3409,1424,3,20,24,2980,13
20488,3409,1424,10,4,5,656,54
20489,3410,1424,2,8,9,1112,21
20490,3410,1424,6,15,17,2100,32
20491,3410,1424,4,10,8,960,24
20492,3410,1424,1,18,13,1638,28
20493,3410,1424,2,17,21,2533,31
20494,3410,1424,5,3,2,264,26
20495,3410,1424,10,16,15,1808,32
20496,3411,1424,10,13,10,1274,60
20497,3411,1424,6,2,2,270,49
20498,3411,1424,10,20,26,3120,48
20499,3411,1424,2,11,16,1980,37
20500,3411,1424,1,5,6,750,20
20501,3412,1424,3,8,8,1056,53
20502,3412,1424,8,18,24,2988,2
20503,3412,1424,1,20,19,2380,53
20504,3412,1424,1,10,10,1260,41
20505,3412,1424,2,3,2,282,63
20506,3412,1424,7,11,16,1969,48
20507,3413,1424,1,12,13,1632,2
20508,3413,1424,6,12,16,1932,27
20509,3413,1424,2,5,7,850,39
20510,3413,1424,2,13,14,1768,12
20511,3413,1424,1,1,1,144,21
20512,3413,1424,2,10,9,1080,27
20513,3413,1424,8,10,9,1150,38
20514,3413,1424,2,10,14,1770,31
20515,3414,1424,4,16,23,2800,14
20516,3414,1424,5,7,8,1015,9
20517,3414,1424,9,4,4,536,16
20518,3414,1424,1,12,13,1632,13
20519,3414,1424,7,5,6,755,10
20520,3414,1424,5,13,19,2288,8
20521,3414,1424,7,11,15,1903,3
20522,3414,1424,8,17,18,2261,5
20523,3415,1424,8,18,22,2700,7
20524,3415,1424,6,7,9,1190,56
20525,3415,1424,8,13,14,1729,14
20526,3415,1424,3,6,4,522,4
20527,3415,1424,1,4,5,636,31
20528,3415,1424,6,6,4,516,3
20529,3415,1424,11,9,9,1080,5
20530,3416,1425,10,10,6,800,4
20531,3416,1425,6,8,9,1112,17
20532,3416,1425,10,10,11,1380,21
20533,3416,1425,2,10,9,1080,7
20534,3416,1425,2,19,21,2527,3
20535,3416,1425,2,18,13,1566,19
20536,3417,1425,3,19,24,2983,12
20537,3417,1425,6,10,10,1300,13
20538,3417,1425,6,11,11,1353,22
20539,3417,1425,2,6,4,588,26
20540,3418,1425,8,20,23,2780,1
20541,3418,1425,11,3,3,459,1
20542,3418,1425,4,9,10,1242,77
20543,3418,1425,7,10,12,1540,83
20544,3418,1425,1,3,3,381,67
20545,3418,1425,2,17,20,2448,17
20546,3418,1425,10,17,23,2873,9
20547,3419,1425,7,6,6,834,11
20548,3419,1425,2,17,13,1615,5
20549,3419,1425,2,14,16,2030,37
20550,3419,1425,2,13,13,1612,29
20551,3420,1425,5,3,3,366,12
20552,3420,1425,1,15,14,1695,21
20553,3420,1425,1,13,14,1716,16
20554,3420,1425,3,20,14,1700,6
20555,3420,1425,1,7,9,1190,13
20556,3421,1425,5,2,2,300,30
20557,3421,1425,1,19,18,2261,32
20558,3421,1425,1,2,2,246,9
20559,3421,1425,6,16,18,2224,23
20560,3421,1425,6,18,19,2322,15
20561,3421,1425,9,5,5,715,30
20562,3421,1425,7,19,25,3059,17
20563,3422,1426,6,20,27,3280,23
20564,3422,1426,8,18,26,3150,28
20565,3422,1426,2,1,1,163,9
20566,3422,1426,2,14,17,2058,20
20567,3422,1426,5,16,10,1312,10
20568,3422,1426,1,17,17,2159,8
20569,3423,1426,2,13,12,1456,23
20570,3423,1426,6,4,5,632,56
20571,3423,1426,2,10,10,1300,11
20572,3423,1426,7,18,20,2466,41
20573,3423,1426,6,17,18,2210,4
20574,3424,1426,12,3,2,303,37
20575,3424,1426,1,16,22,2736,75
20576,3424,1426,10,13,16,1950,18
20577,3424,1426,6,9,10,1305,31
20578,3424,1426,3,11,8,1001,51
20579,3425,1426,10,10,7,850,28
20580,3425,1426,10,11,8,990,45
20581,3425,1426,3,2,1,160,61
20582,3425,1426,2,12,9,1152,36
20583,3426,1426,1,3,2,270,20
20584,3426,1426,2,13,12,1547,21
20585,3426,1426,2,10,14,1700,39
20586,3426,1426,7,11,12,1452,38
20587,3426,1426,12,9,6,729,7
20588,3426,1426,2,11,14,1716,36
20589,3426,1426,11,9,9,1197,34
20590,3426,1426,10,10,12,1460,1
20591,3427,1426,10,5,4,495,70
20592,3427,1426,10,10,12,1450,62
20593,3427,1426,2,7,5,686,29
20594,3427,1426,3,6,8,978,65
20595,3427,1426,6,11,14,1716,43
20596,3427,1426,6,3,2,276,36
20597,3428,1426,7,9,13,1584,2
20598,3428,1426,1,1,1,129,16
20599,3428,1426,6,15,21,2535,4
20600,3428,1426,6,3,2,297,2
20601,3428,1426,9,4,2,352,4
20602,3428,1426,10,5,6,730,6
20603,3428,1426,10,2,2,348,12
20604,3428,1426,2,13,12,1495,4
20605,3429,1427,6,8,10,1232,84
20606,3429,1427,8,15,10,1215,79
20607,3429,1427,3,2,1,236,79
20608,3429,1427,1,4,2,324,43
20609,3430,1427,1,19,24,2926,16
20610,3430,1427,6,6,6,756,9
20611,3430,1427,3,2,2,272,18
20612,3430,1427,5,12,15,1908,19
20613,3430,1427,8,10,9,1140,15
20614,3431,1427,7,4,3,384,2
20615,3431,1427,5,14,18,2240,51
20616,3431,1427,2,11,7,880,38
20617,3431,1427,5,16,11,1344,7
20618,3431,1427,6,7,4,560,24
20619,3432,1427,1,7,6,805,34
20620,3432,1427,1,4,3,436,50
20621,3432,1427,8,5,7,860,40
20622,3432,1427,9,7,7,938,4
20623,3432,1427,1,6,7,840,83
20624,3432,1427,10,6,6,828,1
20625,3432,1427,6,4,4,568,55
20626,3433,1427,1,13,11,1430,21
20627,3433,1427,7,18,22,2682,30
20628,3433,1427,6,12,12,1476,11
20629,3433,1427,6,4,2,336,4
20630,3433,1427,8,5,6,780,5
20631,3433,1427,3,14,16,1974,3
20632,3434,1427,5,18,14,1728,23
20633,3434,1427,1,7,9,1162,19
20634,3434,1427,1,2,1,180,31
20635,3434,1427,1,15,16,1965,19
20636,3434,1427,1,8,10,1304,36
20637,3435,1427,1,5,5,660,6
20638,3435,1427,10,9,8,1017,13
20639,3435,1427,2,15,14,1785,54
20640,3435,1427,5,12,13,1596,33
20641,3435,1427,4,19,21,2565,60
20642,3435,1427,4,16,14,1728,62
20643,3435,1427,11,16,11,1360,29
20644,3436,1427,11,20,26,3140,38
20645,3436,1427,4,17,21,2584,28
20646,3436,1427,5,14,11,1344,4
20647,3436,1427,2,11,7,913,25
20648,3436,1427,3,17,13,1632,15
20649,3437,1427,12,6,5,624,7
20650,3437,1427,6,20,26,3140,14
20651,3437,1427,1,16,22,2720,16
20652,3437,1427,8,1,1,97,16
20653,3437,1427,2,18,26,3204,6
20654,3438,1427,8,3,4,498,38
20655,3438,1427,10,19,25,3002,7
20656,3438,1427,1,2,2,270,23
20657,3438,1427,7,7,6,735,23
20658,3439,1428,7,13,16,1937,20
20659,3439,1428,6,16,12,1488,48
20660,3439,1428,6,15,11,1395,20
20661,3439,1428,10,8,10,1312,43
20662,3439,1428,11,20,21,2540,6
20663,3439,1428,6,14,10,1316,42
20664,3439,1428,10,6,5,684,50
20665,3440,1428,2,15,12,1470,41
20666,3440,1428,1,3,2,324,15
20667,3440,1428,10,7,7,896,7
20668,3440,1428,2,7,6,819,42
20669,3440,1428,2,10,12,1480,48
20670,3440,1428,10,16,11,1424,42
20671,3440,1428,11,11,9,1144,38
20672,3440,1428,2,16,14,1728,45
20673,3441,1428,10,3,3,384,1
20674,3441,1428,2,13,10,1313,38
20675,3441,1428,1,16,11,1344,39
20676,3441,1428,2,2,1,178,18
20677,3441,1428,1,11,11,1386,11
20678,3441,1428,3,12,11,1356,4
20679,3442,1428,1,8,8,1056,16
20680,3442,1428,1,9,11,1404,15
20681,3442,1428,10,9,12,1521,56
20682,3442,1428,2,3,3,381,38
20683,3443,1428,6,10,12,1550,17
20684,3443,1428,2,9,9,1188,11
20685,3443,1428,12,4,4,564,10
20686,3443,1428,1,16,12,1504,36
20687,3443,1428,8,16,12,1488,11
20688,3443,1428,5,13,11,1430,2
20689,3443,1428,3,2,2,264,56
20690,3443,1428,6,7,5,644,24
20691,3444,1428,8,15,14,1680,14
20692,3444,1428,6,17,15,1870,11
20693,3444,1428,1,13,9,1170,5
20694,3444,1428,7,7,6,812,27
20695,3444,1428,10,4,2,356,19
20696,3444,1428,1,7,6,742,20
20697,3444,1428,7,2,2,308,2
20698,3444,1428,11,12,14,1752,21
20699,3445,1429,1,9,9,1161,29
20700,3445,1429,2,17,12,1530,71
20701,3445,1429,3,19,19,2375,41
20702,3445,1429,6,14,10,1274,56
20703,3446,1429,6,9,12,1557,73
20704,3446,1429,1,18,22,2700,77
20705,3446,1429,6,5,3,440,22
20706,3446,1429,9,7,10,1225,81
20707,3446,1429,1,6,8,1002,59
20708,3446,1429,1,14,12,1470,84
20709,3446,1429,12,11,12,1452,61
20710,3446,1429,6,13,16,2015,50
20711,3447,1429,6,11,13,1650,10
20712,3447,1429,1,11,7,880,42
20713,3447,1429,2,14,14,1694,25
20714,3447,1429,3,4,5,676,27
20715,3448,1429,10,20,25,3000,33
20716,3448,1429,7,12,14,1788,20
20717,3448,1429,6,3,3,393,23
20718,3448,1429,5,10,12,1550,5
20719,3448,1429,10,10,7,940,25
20720,3448,1429,5,13,8,1066,23
20721,3448,1429,1,15,13,1620,18
20722,3448,1429,6,17,25,3043,22
20723,3449,1429,1,20,16,1960,17
20724,3449,1429,2,19,27,3306,4
20725,3449,1429,1,3,3,360,17
20726,3449,1429,1,3,3,453,20
20727,3449,1429,1,6,5,636,1
20728,3449,1429,3,17,19,2363,19
20729,3449,1429,10,12,10,1248,18
20730,3449,1429,8,1,1,95,4
20731,3450,1429,5,2,1,196,48
20732,3450,1429,10,7,9,1183,48
20733,3450,1429,6,6,7,894,8
20734,3450,1429,2,13,14,1716,57
20735,3450,1429,2,10,13,1570,32
20736,3450,1429,1,4,4,512,40
20737,3451,1429,3,6,7,858,84
20738,3451,1429,10,3,4,507,66
20739,3451,1429,6,6,5,648,78
20740,3451,1429,8,17,23,2839,43
20741,3451,1429,4,19,22,2755,7
20742,3451,1429,12,14,15,1848,46
20743,3451,1429,2,9,10,1314,72
20744,3451,1429,12,8,5,672,32
20745,3452,1430,1,9,6,774,85
20746,3452,1430,1,20,21,2540,28
20747,3452,1430,2,14,16,1960,26
20748,3452,1430,4,20,17,2060,53
20749,3452,1430,4,16,17,2064,10
20750,3452,1430,12,5,7,890,66
20751,3452,1430,11,18,17,2052,35
20752,3453,1430,2,8,8,1064,2
20753,3453,1430,10,18,20,2430,39
20754,3453,1430,1,18,21,2610,32
20755,3453,1430,3,16,19,2368,32
20756,3453,1430,1,12,15,1860,18
20757,3453,1430,8,10,11,1320,53
20758,3454,1430,6,8,8,992,31
20759,3454,1430,2,14,11,1386,4
20760,3454,1430,11,14,14,1722,10
20761,3454,1430,4,11,15,1881,39
20762,3454,1430,6,11,11,1375,10
20763,3454,1430,5,17,12,1445,49
20764,3454,1430,1,3,3,429,46
20765,3454,1430,3,13,14,1690,28
20766,3455,1430,2,7,4,574,57
20767,3455,1430,10,12,15,1836,18
20768,3455,1430,2,15,19,2385,59
20769,3455,1430,3,13,13,1664,72
20770,3456,1430,3,4,3,440,15
20771,3456,1430,1,14,20,2464,11
20772,3456,1430,11,5,5,605,11
20773,3456,1430,5,16,21,2544,19
20774,3456,1430,1,12,9,1152,8
20775,3457,1430,1,20,14,1740,13
20776,3457,1430,2,14,18,2226,15
20777,3457,1430,3,19,18,2204,9
20778,3457,1430,9,15,14,1740,20
20779,3458,1430,1,18,26,3186,6
20780,3458,1430,3,8,8,1024,19
20781,3458,1430,7,6,4,558,20
20782,3458,1430,7,14,20,2408,16
20783,3459,1430,5,13,16,1989,36
20784,3459,1430,3,8,10,1200,8
20785,3459,1430,1,7,9,1085,18
20786,3459,1430,10,18,13,1674,61
20787,3460,1431,3,17,19,2295,58
20788,3460,1431,10,1,1,161,13
20789,3460,1431,1,1,1,119,23
20790,3460,1431,1,19,21,2584,52
20791,3460,1431,6,20,15,1860,59
20792,3461,1431,1,3,2,333,62
20793,3461,1431,10,2,1,186,65
20794,3461,1431,6,4,3,368,3
20795,3461,1431,7,7,7,868,45
20796,3461,1431,10,16,19,2320,33
20797,3461,1431,2,4,3,392,57
20798,3461,1431,7,3,2,240,48
20799,3462,1431,7,7,6,833,40
20800,3462,1431,6,15,20,2490,30
20801,3462,1431,5,20,29,3480,18
20802,3462,1431,1,13,15,1820,38
20803,3462,1431,3,17,11,1394,33
20804,3462,1431,3,10,11,1390,27
20805,3462,1431,1,19,24,2907,26
20806,3462,1431,3,8,7,840,20
20807,3463,1431,4,4,4,568,16
20808,3463,1431,1,6,4,522,7
20809,3463,1431,4,14,13,1582,4
20810,3463,1431,10,18,23,2844,22
20811,3463,1431,2,9,10,1260,3
20812,3463,1431,3,19,16,1995,17
20813,3463,1431,5,17,15,1904,18
20814,3464,1431,5,9,9,1161,77
20815,3464,1431,5,3,4,480,53
20816,3464,1431,5,12,8,1056,29
20817,3464,1431,1,16,21,2576,61
20818,3464,1431,1,11,8,1056,69
20819,3465,1431,2,7,7,917,41
20820,3465,1431,1,5,6,775,54
20821,3465,1431,11,11,15,1848,8
20822,3465,1431,6,7,9,1099,58
20823,3466,1431,6,18,18,2214,45
20824,3466,1431,5,3,2,312,49
20825,3466,1431,1,20,24,2920,6
20826,3466,1431,7,20,15,1840,51
20827,3467,1431,3,9,11,1323,48
20828,3467,1431,1,8,5,688,55
20829,3467,1431,7,14,16,1960,56
20830,3467,1431,2,13,15,1846,8
20831,3467,1431,1,19,23,2793,36
20832,3467,1431,6,7,9,1190,39
20833,3467,1431,6,19,22,2717,40
20834,3467,1431,2,18,21,2538,33
20835,3468,1431,1,16,12,1536,40
20836,3468,1431,6,7,7,945,60
20837,3468,1431,10,5,4,525,47
20838,3468,1431,8,14,12,1540,60
20839,3468,1431,1,17,23,2839,73
20840,3468,1431,10,15,13,1560,26
20841,3469,1431,11,7,9,1127,43
20842,3469,1431,1,11,8,1078,19
20843,3469,1431,4,19,20,2413,54
20844,3469,1431,2,7,4,595,48
20845,3469,1431,11,15,17,2055,50
20846,3469,1431,1,4,4,580,30
20847,3469,1431,1,7,6,819,21
20848,3470,1432,2,19,26,3230,61
20849,3470,1432,2,7,7,882,30
20850,3470,1432,1,5,4,520,34
20851,3470,1432,3,20,16,2020,73
20852,3470,1432,4,17,15,1836,57
20853,3470,1432,8,3,2,288,36
20854,3470,1432,11,4,2,348,12
20855,3470,1432,1,8,9,1160,31
20856,3471,1432,1,19,21,2603,39
20857,3471,1432,3,9,8,1008,22
20858,3471,1432,1,14,19,2310,39
20859,3471,1432,3,13,18,2171,12
20860,3472,1432,1,16,18,2160,26
20861,3472,1432,1,17,21,2533,48
20862,3472,1432,2,8,5,672,53
20863,3472,1432,11,14,16,1974,7
20864,3472,1432,1,7,9,1176,32
20865,3472,1432,5,18,22,2736,17
20866,3472,1432,10,8,7,840,36
20867,3472,1432,1,14,20,2450,46
20868,3473,1432,6,18,14,1782,29
20869,3473,1432,2,20,21,2520,17
20870,3473,1432,5,4,4,532,26
20871,3473,1432,1,19,23,2774,31
20872,3473,1432,9,4,2,332,33
20873,3473,1432,7,6,8,1038,40
20874,3474,1432,6,10,13,1630,45
20875,3474,1432,6,19,18,2166,61
20876,3474,1432,1,11,15,1881,45
20877,3474,1432,2,5,7,845,44
20878,3474,1432,1,17,24,2907,65
20879,3475,1432,1,3,2,294,43
20880,3475,1432,2,5,4,535,33
20881,3475,1432,1,1,1,180,43
20882,3475,1432,8,9,11,1431,55
20883,3475,1432,7,20,24,2960,30
20884,3475,1432,2,8,7,840,7
20885,3475,1432,6,5,6,825,22
20886,3475,1432,12,14,20,2506,45
20887,3476,1432,2,9,10,1296,10
20888,3476,1432,2,11,14,1683,15
20889,3476,1432,2,12,14,1680,1
20890,3476,1432,1,15,12,1515,8
20891,3476,1432,4,12,10,1284,13
20892,3476,1432,6,17,24,2907,12
20893,3476,1432,3,11,15,1848,13
20894,3477,1432,1,20,16,1940,35
20895,3477,1432,3,1,1,94,36
20896,3477,1432,10,3,2,246,6
20897,3477,1432,6,19,13,1577,4
20898,3477,1432,1,3,2,249,29
20899,3477,1432,5,8,8,1024,26
20900,3478,1432,2,1,1,156,13
20901,3478,1432,6,6,8,1038,9
20902,3478,1432,8,4,3,408,12
20903,3478,1432,2,18,18,2232,6
20904,3479,1433,10,3,4,540,7
20905,3479,1433,2,5,6,750,8
20906,3479,1433,2,17,13,1649,18
20907,3479,1433,7,11,15,1826,16
20908,3479,1433,5,14,16,1974,13
20909,3479,1433,7,2,1,200,8
20910,3479,1433,9,12,15,1836,17
20911,3479,1433,10,13,8,1040,2
20912,3480,1433,6,17,14,1785,6
20913,3480,1433,11,10,15,1800,2
20914,3480,1433,6,2,2,276,7
20915,3480,1433,2,7,10,1218,4
20916,3480,1433,2,2,2,344,2
20917,3480,1433,6,14,14,1680,1
20918,3481,1433,10,2,2,262,23
20919,3481,1433,10,4,4,496,9
20920,3481,1433,3,2,1,184,10
20921,3481,1433,7,9,6,720,8
20922,3481,1433,1,20,29,3560,28
20923,3481,1433,6,15,16,1995,18
20924,3481,1433,1,20,28,3420,21
20925,3481,1433,2,16,17,2112,32
20926,3482,1433,9,15,18,2235,20
20927,3482,1433,1,8,11,1336,18
20928,3482,1433,2,17,25,3043,4
20929,3482,1433,10,13,9,1196,88
20930,3482,1433,1,5,5,705,1
20931,3483,1433,10,4,3,392,49
20932,3483,1433,7,4,3,388,14
20933,3483,1433,9,20,16,1980,33
20934,3483,1433,9,3,2,339,45
20935,3483,1433,9,2,1,198,11
20936,3483,1433,7,20,24,2900,13
20937,3483,1433,7,11,16,1925,33
20938,3484,1433,7,4,5,652,9
20939,3484,1433,9,1,1,115,16
20940,3484,1433,5,6,8,1026,34
20941,3484,1433,11,17,15,1870,16
20942,3484,1433,9,3,2,270,23
20943,3484,1433,5,6,7,840,48
20944,3485,1433,1,12,15,1824,12
20945,3485,1433,1,10,11,1330,15
20946,3485,1433,7,7,5,707,6
20947,3485,1433,1,20,29,3540,17
20948,3485,1433,3,3,2,267,32
20949,3485,1433,10,8,10,1216,25
20950,3486,1434,6,4,5,672,23
20951,3486,1434,6,15,20,2400,14
20952,3486,1434,1,16,19,2304,12
20953,3486,1434,2,15,11,1410,6
20954,3486,1434,1,2,1,178,14
20955,3486,1434,4,10,9,1080,2
20956,3486,1434,1,4,5,704,5
20957,3486,1434,11,14,15,1834,8
20958,3487,1434,6,17,22,2703,37
20959,3487,1434,4,5,6,730,49
20960,3487,1434,2,14,13,1596,16
20961,3487,1434,1,14,12,1554,4
20962,3487,1434,2,14,16,2016,29
20963,3488,1434,2,3,3,423,31
20964,3488,1434,4,8,9,1080,19
20965,3488,1434,7,8,7,848,21
20966,3488,1434,7,9,9,1170,36
20967,3488,1434,1,11,14,1793,22
20968,3489,1434,6,2,2,256,25
20969,3489,1434,4,13,13,1664,49
20970,3489,1434,1,13,17,2119,36
20971,3489,1434,7,1,1,141,24
20972,3489,1434,2,14,12,1484,35
20973,3489,1434,3,6,5,648,13
20974,3489,1434,5,9,6,801,50
20975,3490,1434,12,19,19,2356,18
20976,3490,1434,9,9,11,1413,12
20977,3490,1434,3,14,10,1204,7
20978,3490,1434,2,6,5,624,18
20979,3491,1434,2,18,13,1638,31
20980,3491,1434,6,13,11,1352,10
20981,3491,1434,6,12,9,1128,18
20982,3491,1434,6,15,14,1785,30
20983,3491,1434,10,5,4,530,30
20984,3491,1434,2,13,17,2158,7
20985,3492,1434,2,13,10,1248,10
20986,3492,1434,7,3,3,402,16
20987,3492,1434,2,15,14,1725,17
20988,3492,1434,8,20,20,2500,18
20989,3492,1434,2,13,9,1105,9
20990,3493,1435,10,3,2,279,18
20991,3493,1435,9,10,12,1460,29
20992,3493,1435,2,14,10,1302,28
20993,3493,1435,5,19,24,2926,14
20994,3493,1435,2,9,6,738,14
20995,3494,1435,5,10,11,1400,19
20996,3494,1435,8,5,6,815,5
20997,3494,1435,1,16,19,2368,7
20998,3494,1435,8,19,25,3021,3
20999,3494,1435,3,19,16,1938,6
21000,3494,1435,7,7,10,1211,19
21001,3494,1435,5,2,2,350,17
21002,3494,1435,2,12,10,1296,6
21003,3495,1435,3,12,12,1524,7
21004,3495,1435,10,7,8,973,12
21005,3495,1435,10,3,4,537,77
21006,3495,1435,2,10,14,1680,61
21007,3495,1435,3,11,15,1870,76
21008,3495,1435,1,7,6,798,77
21009,3495,1435,6,12,13,1632,33
21010,3496,1435,1,12,15,1824,36
21011,3496,1435,2,12,12,1488,17
21012,3496,1435,2,14,11,1358,14
21013,3496,1435,1,3,3,414,37
21014,3497,1435,1,17,22,2754,25
21015,3497,1435,2,12,17,2064,31
21016,3497,1435,1,3,3,429,1
21017,3497,1435,10,20,23,2800,50
21018,3498,1435,9,5,6,765,33
21019,3498,1435,2,11,15,1837,37
21020,3498,1435,3,16,13,1632,56
21021,3498,1435,1,5,4,570,40
21022,3499,1435,1,15,15,1890,32
21023,3499,1435,1,2,2,302,40
21024,3499,1435,3,5,6,810,27
21025,3499,1435,10,10,9,1150,25
21026,3499,1435,2,12,9,1092,30
21027,3499,1435,7,16,12,1552,16
21028,3500,1435,12,5,4,525,10
21029,3500,1435,2,11,13,1650,17
21030,3500,1435,3,7,8,987,27
21031,3500,1435,7,5,6,735,31
21032,3500,1435,2,5,6,805,21
21033,3501,1435,10,12,15,1824,41
21034,3501,1435,1,18,13,1584,23
21035,3501,1435,12,17,11,1360,33
21036,3501,1435,7,19,26,3173,44
21037,3501,1435,8,19,18,2185,32
21038,3501,1435,3,13,17,2080,11
21039,3501,1435,3,18,20,2502,9
21040,3502,1435,1,19,15,1862,24
21041,3502,1435,1,14,17,2142,30
21042,3502,1435,2,12,16,1980,82
21043,3502,1435,8,7,7,917,11
21044,3502,1435,2,6,6,780,77
21045,3502,1435,7,12,10,1284,61
21046,3502,1435,10,17,21,2533,20
21047,3503,1436,6,4,3,404,6
21048,3503,1436,6,10,11,1380,1
21049,3503,1436,2,18,23,2826,20
21050,3503,1436,7,3,3,465,26
21051,3503,1436,1,10,13,1580,20
21052,3503,1436,10,6,7,900,25
21053,3504,1436,3,10,13,1590,34
21054,3504,1436,2,17,18,2210,62
21055,3504,1436,1,19,15,1824,13
21056,3504,1436,1,4,5,612,51
21057,3505,1436,7,1,1,87,10
21058,3505,1436,1,20,17,2060,60
21059,3505,1436,1,5,4,485,80
21060,3505,1436,11,19,28,3420,39
21061,3505,1436,2,16,16,1984,3
21062,3506,1436,3,3,4,510,9
21063,3506,1436,10,5,4,560,32
21064,3506,1436,1,3,2,267,26
21065,3506,1436,4,20,26,3200,49
21066,3506,1436,6,10,10,1230,3
21067,3506,1436,3,14,10,1260,20
21068,3507,1436,8,13,18,2249,19
21069,3507,1436,2,7,9,1113,3
21070,3507,1436,1,20,25,3020,25
21071,3507,1436,6,20,28,3360,29
21072,3507,1436,12,7,9,1176,21
21073,3507,1436,6,15,21,2595,7
21074,3507,1436,5,5,5,690,7
21075,3508,1436,1,2,2,342,35
21076,3508,1436,7,1,1,113,59
21077,3508,1436,2,9,7,873,34
21078,3508,1436,1,8,9,1088,31
21079,3508,1436,6,1,1,142,16
21080,3508,1436,10,7,7,931,41
21081,3509,1436,11,4,4,588,27
21082,3509,1436,2,12,11,1356,78
21083,3509,1436,11,19,26,3230,34
21084,3509,1436,2,4,2,320,61
21085,3510,1436,6,11,8,1045,4
21086,3510,1436,3,11,15,1870,17
21087,3510,1436,6,12,13,1656,1
21088,3510,1436,1,18,23,2826,12
21089,3510,1436,6,19,15,1862,8
21090,3510,1436,2,13,10,1248,11
21091,3511,1437,1,9,7,918,72
21092,3511,1437,1,4,5,648,6
21093,3511,1437,12,17,16,1972,55
21094,3511,1437,10,15,15,1860,74
21095,3511,1437,10,14,14,1680,73
21096,3511,1437,6,17,22,2720,81
21097,3511,1437,8,15,20,2415,66
21098,3511,1437,5,17,17,2040,72
21099,3512,1437,5,19,20,2470,25
21100,3512,1437,3,5,5,680,8
21101,3512,1437,4,11,7,913,6
21102,3512,1437,2,8,8,992,4
21103,3513,1437,6,14,12,1484,8
21104,3513,1437,6,6,8,972,6
21105,3513,1437,6,3,2,267,13
21106,3513,1437,1,7,8,1036,1
21107,3513,1437,7,4,3,364,2
21108,3513,1437,7,7,10,1204,13
21109,3513,1437,2,7,4,588,13
21110,3514,1437,6,16,16,1968,7
21111,3514,1437,5,9,12,1530,52
21112,3514,1437,1,17,25,3026,41
21113,3514,1437,9,10,13,1580,2
21114,3514,1437,1,13,14,1716,16
21115,3514,1437,11,5,4,480,24
21116,3515,1437,7,5,4,495,7
21117,3515,1437,10,16,20,2464,21
21118,3515,1437,6,12,8,1044,12
21119,3515,1437,8,19,19,2375,6
21120,3516,1437,6,19,23,2850,25
21121,3516,1437,11,20,27,3260,20
21122,3516,1437,1,1,1,126,33
21123,3516,1437,2,19,15,1919,32
21124,3516,1437,3,12,17,2148,8
21125,3516,1437,2,19,26,3135,16
21126,3517,1437,12,19,22,2660,22
21127,3517,1437,5,3,4,513,39
21128,3517,1437,1,6,8,990,20
21129,3517,1437,3,17,11,1428,70
21130,3517,1437,1,13,18,2275,32
21131,3518,1437,10,14,15,1876,41
21132,3518,1437,10,11,10,1276,3
21133,3518,1437,8,16,20,2480,8
21134,3518,1437,2,15,10,1245,22
21135,3519,1437,9,15,20,2445,22
21136,3519,1437,1,8,8,960,14
21137,3519,1437,10,6,8,960,11
21138,3519,1437,3,7,6,721,24
21139,3519,1437,1,13,15,1911,10
21140,3520,1437,2,2,2,356,7
21141,3520,1437,1,6,4,480,24
21142,3520,1437,4,7,8,973,7
21143,3520,1437,10,19,18,2185,3
21144,3520,1437,1,2,2,284,8
21145,3520,1437,1,16,19,2288,8
21146,3521,1438,2,13,9,1105,17
21147,3521,1438,1,18,14,1746,4
21148,3521,1438,6,20,16,2020,15
21149,3521,1438,1,13,13,1625,22
21150,3521,1438,9,11,16,1980,12
21151,3521,1438,1,8,10,1288,6
21152,3521,1438,4,16,14,1760,7
21153,3522,1438,5,1,1,150,10
21154,3522,1438,10,11,16,1936,3
21155,3522,1438,6,3,2,270,13
21156,3522,1438,1,17,24,2958,17
21157,3522,1438,2,5,7,890,4
21158,3523,1438,7,1,1,98,29
21159,3523,1438,9,3,3,435,45
21160,3523,1438,1,11,9,1122,20
21161,3523,1438,2,12,10,1272,7
21162,3523,1438,4,6,6,804,36
21163,3523,1438,1,3,3,372,42
21164,3524,1438,11,3,3,462,9
21165,3524,1438,10,3,2,309,17
21166,3524,1438,4,10,9,1190,8
21167,3524,1438,3,12,11,1392,20
21168,3524,1438,10,7,9,1085,25
21169,3524,1438,1,19,13,1577,32
21170,3524,1438,7,7,5,616,21
21171,3525,1438,6,7,9,1169,42
21172,3525,1438,6,16,22,2752,9
21173,3525,1438,3,20,21,2540,7
21174,3525,1438,12,19,25,3116,8
21175,3525,1438,10,6,4,486,22
21176,3525,1438,5,7,10,1239,32
21177,3525,1438,2,17,17,2142,33
21178,3525,1438,1,17,14,1734,41
21179,3526,1438,1,7,9,1148,25
21180,3526,1438,3,7,8,1064,1
21181,3526,1438,9,4,3,472,60
21182,3526,1438,1,1,1,151,6
21183,3526,1438,6,5,5,630,59
21184,3526,1438,2,18,15,1818,16
21185,3527,1438,7,8,7,856,33
21186,3527,1438,12,2,2,266,25
21187,3527,1438,2,12,13,1584,48
21188,3527,1438,3,11,16,1925,54
21189,3527,1438,2,7,6,819,13
21190,3527,1438,2,12,13,1572,22
21191,3527,1438,1,14,16,1974,6
21192,3528,1438,7,11,12,1551,18
21193,3528,1438,1,9,11,1377,40
21194,3528,1438,1,3,2,264,3
21195,3528,1438,6,7,8,987,37
21196,3528,1438,1,15,19,2295,44
21197,3528,1438,10,18,12,1512,17
21198,3529,1438,3,7,8,1050,47
21199,3529,1438,10,10,13,1650,67
21200,3529,1438,5,1,1,95,18
21201,3529,1438,2,8,10,1264,5
21202,3529,1438,2,7,6,721,15
21203,3529,1438,10,20,21,2580,26
21204,3530,1438,1,5,4,580,45
21205,3530,1438,7,3,3,423,11
21206,3530,1438,6,10,12,1520,36
21207,3530,1438,11,11,8,1056,65
21208,3530,1438,10,3,3,366,30
21209,3530,1438,10,17,22,2652,53
21210,3531,1439,5,6,6,816,11
21211,3531,1439,1,19,26,3192,11
21212,3531,1439,9,16,16,2000,14
21213,3531,1439,3,10,14,1710,10
21214,3531,1439,6,13,11,1378,6
21215,3532,1439,2,10,10,1300,29
21216,3532,1439,3,4,4,572,15
21217,3532,1439,7,5,5,650,24
21218,3532,1439,3,3,2,351,6
21219,3533,1439,7,16,18,2208,60
21220,3533,1439,4,5,5,640,41
21221,3533,1439,6,20,24,2920,40
21222,3533,1439,2,6,4,504,9
21223,3533,1439,3,4,5,664,15
21224,3533,1439,1,9,7,927,32
21225,3534,1439,2,15,12,1470,49
21226,3534,1439,1,8,11,1376,39
21227,3534,1439,3,7,10,1260,16
21228,3534,1439,3,20,13,1600,24
21229,3534,1439,2,16,14,1776,81
21230,3534,1439,6,14,12,1512,56
21231,3534,1439,6,14,18,2198,16
21232,3534,1439,7,18,20,2466,5
21233,3535,1439,2,18,25,3078,17
21234,3535,1439,2,5,3,455,20
21235,3535,1439,3,10,6,800,5
21236,3535,1439,4,5,4,555,3
21237,3535,1439,3,9,8,999,1
21238,3535,1439,1,19,13,1653,3
21239,3536,1439,11,6,4,570,21
21240,3536,1439,1,2,1,206,11
21241,3536,1439,10,18,13,1584,6
21242,3536,1439,6,1,1,119,10
21243,3537,1440,2,11,14,1749,32
21244,3537,1440,6,13,13,1599,34
21245,3537,1440,10,11,16,1969,22
21246,3537,1440,8,17,23,2839,2
21247,3537,1440,5,11,14,1694,44
21248,3537,1440,2,9,10,1314,56
21249,3537,1440,2,18,21,2538,9
21250,3537,1440,4,6,7,930,43
21251,3538,1440,10,4,2,344,19
21252,3538,1440,4,11,9,1122,16
21253,3538,1440,3,20,29,3480,18
21254,3538,1440,7,18,12,1458,6
21255,3539,1440,1,3,4,522,34
21256,3539,1440,10,5,4,570,14
21257,3539,1440,10,1,1,113,33
21258,3539,1440,1,10,12,1490,23
21259,3539,1440,2,13,15,1885,13
21260,3539,1440,1,12,15,1860,11
21261,3540,1440,2,16,12,1536,21
21262,3540,1440,8,15,17,2040,13
21263,3540,1440,1,8,10,1200,24
21264,3540,1440,2,13,9,1144,43
21265,3540,1440,6,2,2,298,4
21266,3540,1440,2,10,8,1000,22
21267,3540,1440,5,20,23,2800,29
21268,3541,1440,6,16,17,2128,10
21269,3541,1440,1,16,19,2304,11
21270,3541,1440,10,17,22,2669,53
21271,3541,1440,1,5,4,590,21
21272,3541,1440,10,12,10,1308,46
21273,3541,1440,9,15,12,1515,18
21274,3542,1440,6,20,26,3120,27
21275,3542,1440,6,20,20,2480,10
21276,3542,1440,5,16,11,1344,31
21277,3542,1440,7,15,11,1320,34
21278,3543,1440,2,6,4,588,15
21279,3543,1440,6,7,7,882,13
21280,3543,1440,1,11,11,1375,19
21281,3543,1440,1,11,10,1309,7
21282,3543,1440,2,14,16,1946,2
21283,3543,1440,6,16,14,1744,17
21284,3543,1440,6,19,14,1748,22
21285,3543,1440,1,5,6,725,3
21286,3544,1440,8,3,2,327,17
21287,3544,1440,6,2,2,252,5
21288,3544,1440,1,7,7,861,16
21289,3544,1440,1,9,8,999,10
21290,3544,1440,2,9,12,1530,1
21291,3544,1440,1,3,3,411,15
21292,3544,1440,1,15,14,1740,10
21293,3544,1440,3,5,5,700,14
21294,3545,1440,1,16,13,1648,11
21295,3545,1440,5,15,15,1815,8
21296,3545,1440,6,18,25,3042,46
21297,3545,1440,7,17,25,3009,29
21298,3545,1440,1,9,11,1323,21
21299,3545,1440,6,20,17,2100,34
21300,3545,1440,5,18,21,2538,10
21301,3545,1440,10,13,10,1209,39
21302,3546,1441,7,17,19,2329,64
21303,3546,1441,10,9,13,1620,16
21304,3546,1441,1,10,14,1750,64
21305,3546,1441,3,19,21,2584,84
21306,3547,1441,3,20,15,1820,52
21307,3547,1441,7,16,12,1440,1
21308,3547,1441,1,15,16,2025,83
21309,3547,1441,2,1,1,155,7
21310,3547,1441,1,12,14,1704,29
21311,3547,1441,7,10,10,1250,19
21312,3547,1441,1,3,3,465,13
21313,3547,1441,1,7,10,1211,63
21314,3548,1441,10,13,13,1664,41
21315,3548,1441,10,10,8,980,8
21316,3548,1441,10,18,19,2358,49
21317,3548,1441,3,10,10,1240,8
21318,3548,1441,3,16,14,1680,15
21319,3548,1441,11,3,2,357,35
21320,3548,1441,7,6,4,534,4
21321,3549,1441,11,3,3,390,8
21322,3549,1441,2,10,8,1060,7
21323,3549,1441,7,20,18,2160,6
21324,3549,1441,1,11,13,1595,13
21325,3550,1441,5,18,22,2718,38
21326,3550,1441,6,17,24,2941,6
21327,3550,1441,6,11,16,1969,9
21328,3550,1441,8,9,9,1179,12
21329,3550,1441,6,15,10,1275,12
21330,3550,1441,1,16,24,2880,29
21331,3550,1441,1,11,9,1155,35
21332,3551,1441,9,19,22,2717,29
21333,3551,1441,6,1,1,156,39
21334,3551,1441,10,5,3,405,36
21335,3551,1441,6,19,19,2394,33
21336,3551,1441,8,6,8,960,24
21337,3551,1441,1,10,13,1590,7
21338,3551,1441,2,12,15,1836,11
21339,3552,1441,3,11,13,1639,7
21340,3552,1441,1,19,19,2280,9
21341,3552,1441,2,14,10,1302,16
21342,3552,1441,4,15,15,1800,16
21343,3552,1441,2,9,9,1125,6
21344,3552,1441,1,12,11,1332,25
21345,3553,1441,6,7,6,728,8
21346,3553,1441,1,12,17,2124,39
21347,3553,1441,10,19,26,3192,10
21348,3553,1441,7,2,2,356,41
21349,3553,1441,10,16,11,1392,34
21350,3553,1441,8,20,21,2520,54
21351,3553,1441,6,1,1,135,16
21352,3554,1441,6,10,14,1750,3
21353,3554,1441,6,9,9,1134,23
21354,3554,1441,2,18,15,1872,2
21355,3554,1441,7,18,20,2430,2
21356,3555,1442,5,5,3,440,62
21357,3555,1442,12,9,6,783,32
21358,3555,1442,2,16,14,1776,45
21359,3555,1442,10,2,1,234,37
21360,3555,1442,10,15,18,2250,58
21361,3556,1442,1,4,4,524,1
21362,3556,1442,7,7,5,609,12
21363,3556,1442,2,8,8,1032,25
21364,3556,1442,8,5,6,830,19
21365,3556,1442,1,7,10,1218,34
21366,3557,1442,11,3,2,279,32
21367,3557,1442,2,20,21,2520,15
21368,3557,1442,5,15,16,1965,30
21369,3557,1442,5,20,22,2740,41
21370,3557,1442,3,10,8,1060,15
21371,3557,1442,1,6,6,720,18
21372,3557,1442,4,12,12,1536,2
21373,3558,1442,6,16,17,2080,6
21374,3558,1442,1,4,3,476,3
21375,3558,1442,6,4,5,692,2
21376,3558,1442,8,5,5,600,1
21377,3558,1442,4,18,27,3240,11
21378,3558,1442,1,7,9,1197,8
21379,3558,1442,2,6,8,1068,1
21380,3559,1442,9,18,27,3240,17
21381,3559,1442,10,17,13,1581,33
21382,3559,1442,3,13,19,2327,63
21383,3559,1442,2,3,2,354,73
21384,3559,1442,5,18,19,2340,40
21385,3560,1442,6,17,23,2839,83
21386,3560,1442,3,7,8,1008,9
21387,3560,1442,10,19,18,2166,49
21388,3560,1442,2,16,17,2128,5
21389,3560,1442,6,5,4,570,76
21390,3560,1442,1,5,4,595,53
21391,3560,1442,5,1,1,100,47
21392,3560,1442,6,13,19,2314,69
21393,3561,1442,10,3,3,426,35
21394,3561,1442,5,2,2,310,6
21395,3561,1442,1,8,5,664,24
21396,3561,1442,10,16,22,2688,66
21397,3561,1442,10,7,5,700,8
21398,3561,1442,8,15,21,2550,12
21399,3562,1442,6,2,1,208,12
21400,3562,1442,1,14,20,2492,11
21401,3562,1442,6,5,3,475,36
21402,3562,1442,10,11,9,1111,45
21403,3562,1442,1,17,16,2006,29
21404,3562,1442,7,14,12,1456,24
21405,3562,1442,10,5,4,505,10
21406,3563,1442,11,2,2,272,11
21407,3563,1442,3,18,12,1458,9
21408,3563,1442,3,19,25,3078,19
21409,3563,1442,2,6,8,1074,13
21410,3563,1442,2,18,21,2628,15
21411,3563,1442,5,2,2,254,8
21412,3564,1443,3,2,1,188,54
21413,3564,1443,4,13,18,2184,14
21414,3564,1443,5,9,10,1251,49
21415,3564,1443,9,5,4,505,12
21416,3564,1443,2,15,20,2490,11
21417,3564,1443,1,19,19,2375,17
21418,3564,1443,3,13,13,1612,25
21419,3565,1443,10,8,10,1272,11
21420,3565,1443,10,9,10,1260,11
21421,3565,1443,2,14,17,2044,5
21422,3565,1443,10,9,7,900,15
21423,3565,1443,6,16,12,1520,18
21424,3565,1443,7,11,8,979,14
21425,3565,1443,5,15,17,2130,2
21426,3566,1443,5,12,13,1620,10
21427,3566,1443,10,17,23,2856,2
21428,3566,1443,2,13,14,1768,14
21429,3566,1443,1,12,13,1596,10
21430,3566,1443,10,11,13,1628,16
21431,3566,1443,1,6,5,600,23
21432,3567,1443,3,4,5,660,34
21433,3567,1443,1,15,22,2670,16
21434,3567,1443,1,8,5,688,40
21435,3567,1443,9,2,2,346,12
21436,3567,1443,1,13,15,1885,5
21437,3567,1443,5,14,18,2198,8
21438,3567,1443,1,17,22,2703,44
21439,3567,1443,3,4,5,660,16
21440,3568,1443,5,16,22,2688,20
21441,3568,1443,2,2,2,352,5
21442,3568,1443,8,10,9,1100,20
21443,3568,1443,2,11,7,924,35
21444,3568,1443,6,4,3,444,69
21445,3568,1443,1,18,13,1602,72
21446,3568,1443,1,16,20,2448,60
21447,3568,1443,6,5,4,575,9
21448,3569,1443,10,14,14,1680,33
21449,3569,1443,5,11,8,1034,7
21450,3569,1443,1,5,3,440,15
21451,3569,1443,8,7,6,798,6
21452,3569,1443,3,3,2,339,23
21453,3570,1443,10,11,13,1672,25
21454,3570,1443,10,9,10,1305,61
21455,3570,1443,2,8,8,968,44
21456,3570,1443,10,16,19,2384,58
21457,3570,1443,6,19,24,2926,56
21458,3571,1444,3,10,8,1020,37
21459,3571,1444,11,9,12,1440,10
21460,3571,1444,10,9,8,1071,6
21461,3571,1444,10,15,15,1860,14
21462,3571,1444,10,20,28,3380,28
21463,3571,1444,10,15,15,1890,15
21464,3571,1444,3,5,3,475,1
21465,3572,1444,5,3,2,261,57
21466,3572,1444,8,19,13,1653,20
21467,3572,1444,2,12,13,1584,62
21468,3572,1444,10,1,1,169,61
21469,3572,1444,10,16,11,1344,24
21470,3572,1444,8,9,10,1269,34
21471,3573,1444,10,9,13,1566,36
21472,3573,1444,6,5,4,530,52
21473,3573,1444,2,15,22,2655,39
21474,3573,1444,5,4,4,592,18
21475,3574,1444,1,15,10,1305,55
21476,3574,1444,4,18,15,1890,50
21477,3574,1444,3,14,9,1148,51
21478,3574,1444,6,17,24,2958,59
21479,3574,1444,6,5,7,895,67
21480,3574,1444,2,2,2,296,22
21481,3575,1444,8,2,1,164,23
21482,3575,1444,2,3,3,384,42
21483,3575,1444,3,1,1,114,4
21484,3575,1444,2,19,15,1862,11
21485,3575,1444,10,9,6,774,43
21486,3575,1444,8,14,15,1890,27
21487,3575,1444,1,13,12,1456,3
21488,3575,1444,11,9,9,1161,11
21489,3576,1444,3,17,11,1377,1
21490,3576,1444,1,4,3,416,61
21491,3576,1444,2,15,18,2160,7
21492,3576,1444,3,13,14,1768,57
21493,3576,1444,6,18,16,1980,15
21494,3576,1444,1,3,2,294,76
21495,3576,1444,4,12,12,1464,20
21496,3577,1444,6,7,9,1085,65
21497,3577,1444,8,14,11,1330,15
21498,3577,1444,11,19,19,2375,42
21499,3577,1444,2,10,7,870,42
21500,3577,1444,2,3,3,393,24
21501,3577,1444,2,12,17,2040,8
21502,3577,1444,8,17,12,1513,64
21503,3577,1444,9,17,18,2227,63
21504,3578,1445,11,15,22,2670,15
21505,3578,1445,3,12,9,1116,5
21506,3578,1445,1,7,7,875,14
21507,3578,1445,2,8,10,1264,21
21508,3578,1445,1,17,12,1479,4
21509,3578,1445,1,19,21,2565,13
21510,3578,1445,1,2,2,358,3
21511,3578,1445,6,13,12,1443,13
21512,3579,1445,8,12,15,1908,8
21513,3579,1445,11,7,7,840,2
21514,3579,1445,1,7,8,1022,2
21515,3579,1445,1,4,5,672,20
21516,3579,1445,2,16,14,1680,1
21517,3579,1445,1,6,5,708,22
21518,3579,1445,2,4,5,604,20
21519,3580,1445,1,6,5,702,30
21520,3580,1445,1,11,15,1859,8
21521,3580,1445,2,11,14,1771,11
21522,3580,1445,11,12,11,1392,36
21523,3580,1445,7,12,15,1896,34
21524,3580,1445,3,3,2,273,40
21525,3580,1445,11,14,18,2254,39
21526,3580,1445,8,1,1,96,8
21527,3581,1445,3,3,4,483,14
21528,3581,1445,11,18,16,1962,73
21529,3581,1445,2,20,23,2860,42
21530,3581,1445,1,16,22,2656,13
21531,3581,1445,1,1,1,115,21
21532,3581,1445,2,17,14,1734,64
21533,3581,1445,2,4,5,632,68
21534,3581,1445,1,10,9,1180,30
21535,3582,1445,6,2,2,310,5
21536,3582,1445,3,20,26,3120,11
21537,3582,1445,10,8,10,1256,7
21538,3582,1445,2,1,1,162,36
21539,3583,1445,1,9,10,1251,13
21540,3583,1445,4,1,1,86,20
21541,3583,1445,1,10,10,1280,3
21542,3583,1445,10,3,3,360,18
21543,3583,1445,6,7,4,588,17
21544,3584,1445,3,3,4,522,38
21545,3584,1445,2,5,6,810,26
21546,3584,1445,7,5,3,465,2
21547,3584,1445,1,14,10,1246,50
21548,3584,1445,10,9,8,972,66
21549,3584,1445,2,4,5,648,17
21550,3585,1445,1,16,21,2560,27
21551,3585,1445,11,9,9,1089,37
21552,3585,1445,2,6,6,810,14
21553,3585,1445,10,7,7,854,9
21554,3585,1445,7,6,6,828,30
21555,3585,1445,2,17,11,1428,32
21556,3585,1445,3,14,20,2492,3
21557,3586,1445,10,12,17,2040,81
21558,3586,1445,6,11,10,1254,37
21559,3586,1445,6,3,3,411,56
21560,3586,1445,2,10,14,1760,76
21561,3586,1445,2,16,14,1760,71
21562,3586,1445,2,18,21,2520,54
21563,3587,1446,6,18,14,1764,16
21564,3587,1446,10,14,18,2184,2
21565,3587,1446,10,15,20,2445,4
21566,3587,1446,11,3,4,525,20
21567,3587,1446,3,17,17,2108,17
21568,3587,1446,10,5,3,400,17
21569,3588,1446,2,1,1,177,5
21570,3588,1446,5,17,23,2839,21
21571,3588,1446,1,17,17,2142,16
21572,3588,1446,5,2,2,344,3
21573,3588,1446,2,17,11,1377,9
21574,3588,1446,2,7,10,1232,20
21575,3588,1446,8,18,22,2700,3
21576,3589,1446,3,11,7,880,39
21577,3589,1446,2,9,12,1440,27
21578,3589,1446,7,16,19,2288,24
21579,3589,1446,10,15,20,2460,66
21580,3589,1446,1,6,7,894,21
21581,3589,1446,7,8,10,1216,69
21582,3589,1446,1,20,29,3540,69
21583,3589,1446,12,17,25,3009,74
21584,3590,1446,2,13,17,2067,14
21585,3590,1446,1,11,8,979,3
21586,3590,1446,7,18,25,3078,14
21587,3590,1446,4,10,13,1560,33
21588,3590,1446,3,2,2,254,20
21589,3590,1446,1,3,3,441,33
21590,3590,1446,3,17,22,2686,4
21591,3591,1446,4,17,21,2533,17
21592,3591,1446,2,19,20,2413,42
21593,3591,1446,7,1,1,174,49
21594,3591,1446,11,4,4,592,6
21595,3592,1446,2,2,2,356,22
21596,3592,1446,3,12,9,1188,68
21597,3592,1446,10,19,13,1596,42
21598,3592,1446,11,15,13,1620,1
21599,3592,1446,7,15,21,2625,57
21600,3593,1447,7,4,3,444,2
21601,3593,1447,2,11,10,1254,4
21602,3593,1447,1,7,5,644,14
21603,3593,1447,10,20,21,2580,5
21604,3593,1447,1,7,8,1071,6
21605,3593,1447,1,4,4,524,12
21606,3593,1447,1,5,6,800,9
21607,3593,1447,1,20,19,2300,6
21608,3594,1447,11,14,13,1638,22
21609,3594,1447,1,18,17,2142,24
21610,3594,1447,1,10,11,1370,17
21611,3594,1447,1,15,13,1575,22
21612,3594,1447,10,4,4,592,12
21613,3594,1447,10,12,10,1272,16
21614,3595,1447,11,12,9,1140,11
21615,3595,1447,1,11,10,1254,29
21616,3595,1447,5,20,23,2840,3
21617,3595,1447,5,10,14,1790,25
21618,3596,1447,1,13,10,1209,18
21619,3596,1447,1,13,17,2158,41
21620,3596,1447,2,3,2,249,35
21621,3596,1447,1,6,8,966,5
21622,3596,1447,1,11,7,891,34
21623,3596,1447,11,10,13,1670,42
21624,3596,1447,10,14,18,2268,6
21625,3596,1447,6,10,7,900,27
21626,3597,1447,3,17,16,1938,6
21627,3597,1447,2,15,14,1740,31
21628,3597,1447,2,12,15,1812,59
21629,3597,1447,3,11,13,1573,25
21630,3597,1447,3,3,3,387,52
21631,3597,1447,8,8,7,944,57
21632,3598,1447,5,15,13,1650,13
21633,3598,1447,1,3,3,459,29
21634,3598,1447,10,15,15,1905,16
21635,3598,1447,1,10,10,1210,13
21636,3598,1447,3,2,2,286,18
21637,3598,1447,10,16,12,1472,14
21638,3598,1447,1,7,8,1078,27
21639,3599,1447,5,5,6,735,11
21640,3599,1447,10,15,20,2415,15
21641,3599,1447,1,12,8,1020,17
21642,3599,1447,3,15,21,2580,4
21643,3600,1447,2,4,3,452,16
21644,3600,1447,4,11,7,913,13
21645,3600,1447,6,4,5,668,43
21646,3600,1447,6,20,18,2220,10
21647,3600,1447,10,12,14,1692,10
21648,3600,1447,6,15,15,1800,12
21649,3600,1447,3,9,10,1233,69
21650,3601,1447,7,7,9,1106,60
21651,3601,1447,7,13,10,1300,11
21652,3601,1447,7,1,1,145,73
21653,3601,1447,9,16,15,1808,71
21654,3601,1447,11,12,17,2088,40
21655,3601,1447,10,6,4,510,65
21656,3602,1448,2,19,26,3211,84
21657,3602,1448,7,11,8,1023,78
21658,3602,1448,1,16,18,2176,16
21659,3602,1448,4,16,14,1744,1
21660,3603,1448,1,6,5,648,40
21661,3603,1448,6,9,6,819,23
21662,3603,1448,1,10,13,1650,3
21663,3603,1448,1,9,11,1413,43
21664,3603,1448,6,4,3,424,41
21665,3603,1448,7,9,6,801,9
21666,3603,1448,2,9,7,855,34
21667,3604,1448,10,13,12,1482,36
21668,3604,1448,3,16,14,1680,57
21669,3604,1448,6,18,27,3240,25
21670,3604,1448,2,15,19,2295,14
21671,3604,1448,10,12,17,2148,45
21672,3604,1448,12,12,9,1176,44
21673,3604,1448,3,10,13,1670,29
21674,3604,1448,1,9,13,1593,25
21675,3605,1448,2,15,17,2070,9
21676,3605,1448,2,15,22,2655,69
21677,3605,1448,6,6,7,912,30
21678,3605,1448,1,1,1,148,72
21679,3605,1448,8,20,17,2040,3
21680,3605,1448,6,7,8,1008,22
21681,3605,1448,6,7,7,889,41
21682,3606,1448,4,18,21,2628,32
21683,3606,1448,1,5,4,485,5
21684,3606,1448,1,9,8,1008,27
21685,3606,1448,10,10,7,930,28
21686,3606,1448,8,13,13,1664,40
21687,3606,1448,6,9,9,1107,37
21688,3607,1448,3,3,2,321,75
21689,3607,1448,6,4,5,672,38
21690,3607,1448,6,9,12,1521,17
21691,3607,1448,1,17,21,2618,61
21692,3608,1448,3,5,6,775,28
21693,3608,1448,1,15,11,1425,16
21694,3608,1448,6,2,2,300,13
21695,3608,1448,10,19,15,1824,5
21696,3608,1448,3,5,7,850,9
21697,3608,1448,7,9,6,801,25
21698,3609,1448,11,14,17,2100,2
21699,3609,1448,2,3,2,243,49
21700,3609,1448,1,15,20,2505,43
21701,3609,1448,3,14,18,2184,19
21702,3609,1448,1,18,16,1944,32
21703,3610,1449,11,16,19,2288,47
21704,3610,1449,8,15,19,2295,35
21705,3610,1449,5,19,12,1558,51
21706,3610,1449,1,17,16,2006,46
21707,3610,1449,6,17,16,1955,36
21708,3610,1449,2,12,16,2016,39
21709,3610,1449,2,18,13,1674,14
21710,3611,1449,1,19,19,2394,9
21711,3611,1449,1,6,7,924,19
21712,3611,1449,1,5,5,610,7
21713,3611,1449,3,10,9,1150,8
21714,3612,1449,2,11,13,1584,76
21715,3612,1449,2,6,6,822,62
21716,3612,1449,4,8,11,1416,38
21717,3612,1449,1,10,14,1690,53
21718,3613,1449,10,8,9,1160,12
21719,3613,1449,7,6,5,654,11
21720,3613,1449,3,18,12,1512,36
21721,3613,1449,2,7,9,1176,6
21722,3613,1449,2,16,12,1472,53
21723,3613,1449,3,14,16,1932,19
21724,3614,1449,10,11,12,1452,49
21725,3614,1449,1,9,8,1026,49
21726,3614,1449,6,18,23,2772,48
21727,3614,1449,8,2,1,172,33
21728,3615,1449,10,14,11,1358,47
21729,3615,1449,3,20,23,2840,53
21730,3615,1449,1,13,17,2106,72
21731,3615,1449,1,13,16,1963,72
21732,3615,1449,8,19,15,1862,70
21733,3615,1449,1,17,19,2329,14
21734,3615,1449,4,13,17,2132,70
21735,3616,1450,9,11,13,1595,18
21736,3616,1450,2,1,1,100,6
21737,3616,1450,10,8,7,920,16
21738,3616,1450,10,9,12,1476,4
21739,3616,1450,7,8,8,1040,8
21740,3616,1450,1,16,18,2176,14
21741,3616,1450,1,13,8,1040,4
21742,3617,1450,8,18,17,2070,16
21743,3617,1450,8,15,10,1230,69
21744,3617,1450,3,3,2,339,47
21745,3617,1450,1,14,14,1764,72
21746,3617,1450,10,10,10,1300,73
21747,3617,1450,2,16,16,1952,48
21748,3618,1450,3,9,12,1521,5
21749,3618,1450,2,12,13,1656,1
21750,3618,1450,8,20,26,3180,5
21751,3618,1450,6,15,19,2355,36
21752,3618,1450,7,12,16,1932,5
21753,3618,1450,3,7,8,1022,36
21754,3618,1450,7,17,23,2856,2
21755,3619,1450,2,7,9,1162,19
21756,3619,1450,2,9,12,1539,11
21757,3619,1450,2,6,4,546,16
21758,3619,1450,9,17,16,1921,3
21759,3619,1450,2,13,14,1716,4
21760,3619,1450,7,16,16,2016,19
21761,3619,1450,3,7,5,630,7
21762,3619,1450,3,9,7,945,19
21763,3620,1450,11,20,23,2860,49
21764,3620,1450,2,7,9,1099,30
21765,3620,1450,1,5,5,680,48
21766,3620,1450,8,10,14,1720,19
21767,3620,1450,1,9,9,1098,37
21768,3621,1450,11,19,27,3306,52
21769,3621,1450,6,12,9,1176,6
21770,3621,1450,5,6,4,504,58
21771,3621,1450,2,19,18,2166,18
21772,3621,1450,10,15,10,1245,2
21773,3621,1450,6,4,4,596,68
21774,3621,1450,10,9,10,1251,45
21775,3622,1450,1,1,1,147,14
21776,3622,1450,9,14,12,1540,51
21777,3622,1450,1,1,1,153,53
21778,3622,1450,1,18,20,2412,71
21779,3622,1450,6,14,10,1204,33
21780,3623,1451,9,15,10,1305,56
21781,3623,1451,1,18,19,2286,13
21782,3623,1451,2,17,22,2720,54
21783,3623,1451,1,10,8,1070,82
21784,3623,1451,3,17,12,1547,85
21785,3623,1451,8,17,13,1564,38
21786,3624,1451,1,13,19,2288,11
21787,3624,1451,1,12,13,1644,12
21788,3624,1451,6,14,18,2184,2
21789,3624,1451,3,6,5,630,9
21790,3624,1451,2,17,23,2839,2
21791,3624,1451,6,9,11,1323,16
21792,3624,1451,1,1,1,120,15
21793,3624,1451,11,15,19,2370,17
21794,3625,1451,7,19,17,2147,26
21795,3625,1451,1,7,5,616,24
21796,3625,1451,1,18,24,2916,12
21797,3625,1451,2,17,12,1462,42
21798,3625,1451,10,19,23,2850,9
21799,3625,1451,2,14,20,2450,56
21800,3626,1451,3,6,8,1044,57
21801,3626,1451,6,13,19,2340,52
21802,3626,1451,8,9,6,801,1
21803,3626,1451,9,2,1,178,18
21804,3626,1451,4,9,8,1026,80
21805,3626,1451,10,2,2,328,63
21806,3626,1451,6,3,2,246,66
21807,3627,1451,6,1,1,123,27
21808,3627,1451,4,20,25,3060,69
21809,3627,1451,2,3,3,474,51
21810,3627,1451,12,5,6,745,38
21811,3627,1451,2,10,7,870,49
21812,3627,1451,2,20,23,2840,60
21813,3627,1451,3,20,23,2800,76
21814,3627,1451,10,19,13,1653,28
21815,3628,1451,2,4,5,616,21
21816,3628,1451,10,1,1,81,7
21817,3628,1451,7,19,27,3287,25
21818,3628,1451,6,7,9,1162,23
21819,3628,1451,2,19,22,2736,37
21820,3628,1451,1,2,2,312,36
21821,3628,1451,10,20,18,2220,28
21822,3628,1451,7,19,19,2299,21
21823,3629,1451,1,9,7,945,29
21824,3629,1451,10,15,11,1335,21
21825,3629,1451,11,15,21,2520,35
21826,3629,1451,6,8,9,1144,3
21827,3629,1451,1,17,19,2397,9
21828,3629,1451,10,5,7,875,8
21829,3629,1451,3,17,14,1717,39
21830,3630,1451,8,9,8,1071,36
21831,3630,1451,10,20,19,2380,30
21832,3630,1451,11,20,27,3280,16
21833,3630,1451,10,11,15,1914,31
21834,3631,1452,8,1,1,159,5
21835,3631,1452,2,5,7,895,21
21836,3631,1452,1,2,1,218,19
21837,3631,1452,7,2,2,304,18
21838,3631,1452,5,1,1,99,11
21839,3631,1452,6,12,9,1176,8
21840,3632,1452,10,4,3,392,34
21841,3632,1452,2,16,18,2256,70
21842,3632,1452,4,6,6,810,66
21843,3632,1452,2,11,11,1386,2
21844,3632,1452,10,5,6,730,36
21845,3632,1452,2,1,1,118,38
21846,3632,1452,2,10,8,990,36
21847,3633,1452,1,8,10,1264,19
21848,3633,1452,5,12,11,1332,47
21849,3633,1452,2,18,19,2286,19
21850,3633,1452,11,16,19,2368,12
21851,3633,1452,9,14,18,2254,11
21852,3634,1452,5,7,8,1036,81
21853,3634,1452,6,11,9,1133,12
21854,3634,1452,2,12,13,1656,87
21855,3634,1452,7,11,12,1551,51
21856,3634,1452,4,1,1,102,37
21857,3634,1452,2,3,2,279,37
21858,3635,1452,7,9,11,1323,33
21859,3635,1452,1,8,9,1128,11
21860,3635,1452,11,4,4,568,36
21861,3635,1452,5,15,18,2265,20
21862,3635,1452,2,12,17,2064,4
21863,3635,1452,2,18,26,3132,9
21864,3636,1452,12,16,14,1792,43
21865,3636,1452,8,19,22,2755,49
21866,3636,1452,3,12,12,1464,37
21867,3636,1452,1,18,16,1980,22
21868,3637,1452,10,1,1,168,69
21869,3637,1452,1,6,7,858,47
21870,3637,1452,6,5,5,635,65
21871,3637,1452,5,19,18,2261,23
21872,3637,1452,2,13,11,1339,30
21873,3638,1453,6,6,4,558,8
21874,3638,1453,5,4,3,372,13
21875,3638,1453,3,15,14,1695,22
21876,3638,1453,9,16,18,2160,28
21877,3639,1453,1,9,13,1611,20
21878,3639,1453,1,18,23,2844,15
21879,3639,1453,12,9,12,1503,29
21880,3639,1453,2,9,7,954,30
21881,3639,1453,2,5,6,810,32
21882,3640,1453,6,1,1,156,19
21883,3640,1453,1,11,8,1012,47
21884,3640,1453,5,11,15,1903,83
21885,3640,1453,10,5,4,535,7
21886,3640,1453,2,4,5,676,33
21887,3640,1453,1,13,16,1989,56
21888,3640,1453,1,4,2,336,75
21889,3641,1453,2,3,2,303,33
21890,3641,1453,6,12,12,1548,69
21891,3641,1453,5,3,3,468,9
21892,3641,1453,1,5,6,770,10
21893,3641,1453,6,9,7,882,55
21894,3641,1453,6,4,2,356,12
21895,3641,1453,3,5,4,530,33
21896,3642,1453,2,1,1,152,4
21897,3642,1453,1,4,4,572,14
21898,3642,1453,5,16,12,1456,68
21899,3642,1453,1,14,12,1484,10
21900,3643,1453,1,19,13,1615,15
21901,3643,1453,7,17,23,2822,32
21902,3643,1453,8,4,4,564,6
21903,3643,1453,4,13,9,1092,25
21904,3643,1453,10,16,12,1504,18
21905,3643,1453,5,20,28,3440,34
21906,3643,1453,1,8,6,824,3
21907,3643,1453,7,1,1,169,31
21908,3644,1453,10,17,14,1785,5
21909,3644,1453,10,1,1,135,10
21910,3644,1453,10,6,7,870,33
21911,3644,1453,6,4,4,528,38
21912,3644,1453,2,9,11,1377,25
21913,3644,1453,2,14,14,1708,2
21914,3645,1453,1,4,3,376,71
21915,3645,1453,3,20,14,1740,75
21916,3645,1453,6,13,13,1677,50
21917,3645,1453,3,2,2,302,47
21918,3645,1453,3,5,4,560,42
21919,3645,1453,11,11,9,1155,67
21920,3645,1453,10,3,4,501,7
21921,3645,1453,6,9,7,891,73
21922,3646,1453,5,4,3,444,57
21923,3646,1453,3,20,23,2840,52
21924,3646,1453,1,11,10,1232,52
21925,3646,1453,2,3,2,348,15
21926,3646,1453,1,5,4,520,50
21927,3646,1453,11,10,10,1240,39
21928,3647,1454,7,13,17,2145,28
21929,3647,1454,1,4,4,528,31
21930,3647,1454,5,12,12,1464,29
21931,3647,1454,9,1,1,122,33
21932,3647,1454,3,20,15,1880,29
21933,3647,1454,2,20,13,1620,10
21934,3648,1454,10,5,3,460,36
21935,3648,1454,11,12,16,1956,5
21936,3648,1454,3,11,14,1716,55
21937,3648,1454,2,18,22,2646,63
21938,3649,1454,10,20,24,2940,17
21939,3649,1454,11,6,5,624,29
21940,3649,1454,2,19,21,2565,24
21941,3649,1454,1,19,20,2413,17
21942,3649,1454,2,2,2,244,28
21943,3649,1454,6,11,11,1375,17
21944,3649,1454,1,15,19,2310,21
21945,3649,1454,6,5,4,515,12
21946,3650,1454,1,2,2,308,8
21947,3650,1454,12,12,14,1788,45
21948,3650,1454,4,19,13,1653,50
21949,3650,1454,1,19,14,1748,48
21950,3650,1454,1,4,5,688,50
21951,3650,1454,1,2,2,312,30
21952,3651,1454,6,6,6,720,36
21953,3651,1454,2,2,2,342,19
21954,3651,1454,1,19,16,1995,16
21955,3651,1454,10,7,5,714,25
21956,3651,1454,1,1,1,145,12
21957,3652,1454,5,12,13,1572,43
21958,3652,1454,3,12,11,1404,68
21959,3652,1454,3,5,3,435,17
21960,3652,1454,6,13,11,1391,49
21961,3652,1454,7,11,13,1606,6
21962,3653,1454,5,20,15,1820,14
21963,3653,1454,5,12,15,1800,10
21964,3653,1454,1,14,14,1736,4
21965,3653,1454,1,7,9,1113,7
21966,3653,1454,1,15,13,1665,8
21967,3653,1454,1,17,18,2227,8
21968,3654,1454,6,10,8,1030,45
21969,3654,1454,7,4,5,608,76
21970,3654,1454,2,19,13,1634,31
21971,3654,1454,1,20,21,2520,54
21972,3654,1454,6,12,15,1872,64
21973,3654,1454,2,4,3,476,42
21974,3654,1454,11,17,20,2414,28
21975,3655,1454,10,17,17,2108,52
21976,3655,1454,2,8,7,936,22
21977,3655,1454,6,1,1,99,58
21978,3655,1454,7,4,3,444,19
21979,3655,1454,10,5,3,435,12
21980,3655,1454,2,7,6,735,33
21981,3656,1454,1,18,24,2880,30
21982,3656,1454,6,11,9,1199,42
21983,3656,1454,6,4,3,372,29
21984,3656,1454,2,15,11,1335,30
21985,3656,1454,5,12,14,1752,32
21986,3656,1454,10,18,19,2322,42
21987,3656,1454,1,18,18,2178,31
21988,3656,1454,11,7,6,742,7
21989,3657,1455,6,3,2,261,22
21990,3657,1455,1,14,9,1148,48
21991,3657,1455,4,7,6,770,37
21992,3657,1455,5,19,23,2812,48
21993,3657,1455,1,1,1,139,23
21994,3657,1455,1,8,11,1384,15
21995,3657,1455,1,19,24,2907,40
21996,3657,1455,5,17,25,3060,31
21997,3658,1455,10,3,3,366,39
21998,3658,1455,2,7,10,1246,25
21999,3658,1455,4,8,5,680,8
22000,3658,1455,6,4,5,688,47
22001,3658,1455,10,1,1,132,18
22002,3659,1455,8,8,8,984,63
22003,3659,1455,6,8,5,712,15
22004,3659,1455,5,15,22,2700,22
22005,3659,1455,7,4,4,576,32
22006,3659,1455,11,3,4,507,53
22007,3659,1455,1,18,20,2502,39
22008,3659,1455,2,8,8,992,11
22009,3659,1455,5,15,18,2250,55
22010,3660,1455,2,15,17,2085,18
22011,3660,1455,7,13,14,1781,75
22012,3660,1455,2,2,1,214,42
22013,3660,1455,10,17,21,2567,80
22014,3660,1455,11,11,9,1177,25
22015,3660,1455,1,11,13,1573,45
22016,3660,1455,6,16,22,2640,40
22017,3660,1455,7,18,21,2556,51
22018,3661,1455,1,2,1,200,39
22019,3661,1455,2,11,15,1804,67
22020,3661,1455,6,6,8,1026,29
22021,3661,1455,7,16,23,2864,5
22022,3661,1455,7,5,4,570,4
22023,3661,1455,1,9,12,1458,15
22024,3662,1455,5,17,17,2057,76
22025,3662,1455,10,5,6,735,50
22026,3662,1455,5,14,16,2002,15
22027,3662,1455,2,19,14,1710,56
22028,3662,1455,6,18,25,3042,2
22029,3662,1455,1,19,23,2869,72
22030,3662,1455,2,1,1,89,14
22031,3662,1455,5,9,12,1494,20
22032,3663,1456,1,3,3,426,22
22033,3663,1456,5,5,3,440,7
22034,3663,1456,6,12,15,1848,23
22035,3663,1456,1,4,3,464,26
22036,3663,1456,1,2,2,314,32
22037,3663,1456,9,20,15,1860,29
22038,3664,1456,2,2,1,172,57
22039,3664,1456,1,7,5,707,20
22040,3664,1456,2,18,25,3060,48
22041,3664,1456,8,15,12,1485,69
22042,3664,1456,1,11,14,1793,63
22043,3664,1456,1,4,4,492,61
22044,3664,1456,5,12,8,1032,40
22045,3665,1456,2,20,24,2980,59
22046,3665,1456,8,11,7,913,38
22047,3665,1456,1,4,4,516,23
22048,3665,1456,1,16,17,2064,58
22049,3666,1456,10,11,14,1727,31
22050,3666,1456,1,1,1,128,16
22051,3666,1456,6,16,19,2368,36
22052,3666,1456,2,12,9,1092,62
22053,3667,1456,1,17,20,2414,8
22054,3667,1456,11,8,10,1248,3
22055,3667,1456,1,18,26,3222,9
22056,3667,1456,1,2,1,188,8
22057,3668,1456,11,16,15,1856,6
22058,3668,1456,12,16,15,1824,19
22059,3668,1456,10,7,7,847,5
22060,3668,1456,2,4,3,468,8
22061,3668,1456,6,9,6,738,4
22062,3668,1456,1,18,21,2628,1
22063,3669,1456,4,4,5,632,12
22064,3669,1456,10,14,12,1526,29
22065,3669,1456,11,17,18,2210,12
22066,3669,1456,10,6,8,1062,21
22067,3669,1456,1,20,26,3200,40
22068,3669,1456,10,10,8,970,18
22069,3669,1456,7,3,2,357,23
22070,3669,1456,1,19,24,2888,38
22071,3670,1456,1,1,1,179,8
22072,3670,1456,2,1,1,132,25
22073,3670,1456,10,18,19,2394,84
22074,3670,1456,6,17,16,2023,57
22075,3670,1456,2,11,8,1001,66
22076,3670,1456,3,13,10,1222,33
22077,3671,1457,6,1,1,131,2
22078,3671,1457,1,7,6,721,23
22079,3671,1457,5,19,22,2660,19
22080,3671,1457,11,13,17,2067,32
22081,3671,1457,1,3,2,240,27
22082,3671,1457,6,17,15,1802,24
22083,3672,1457,10,18,15,1908,34
22084,3672,1457,1,15,10,1290,67
22085,3672,1457,6,10,10,1250,62
22086,3672,1457,10,1,1,137,14
22087,3672,1457,1,6,6,726,19
22088,3672,1457,6,13,13,1599,58
22089,3672,1457,6,18,20,2466,30
22090,3672,1457,11,7,6,826,10
22091,3673,1457,7,1,1,125,6
22092,3673,1457,2,13,13,1638,57
22093,3673,1457,5,13,14,1690,49
22094,3673,1457,1,15,11,1395,27
22095,3673,1457,1,10,7,860,14
22096,3674,1457,2,8,7,864,37
22097,3674,1457,10,18,19,2286,4
22098,3674,1457,2,15,15,1890,12
22099,3674,1457,2,12,12,1524,17
22100,3674,1457,6,6,4,510,33
22101,3674,1457,2,11,7,924,8
22102,3675,1457,2,14,14,1778,45
22103,3675,1457,5,4,5,704,21
22104,3675,1457,1,16,17,2128,14
22105,3675,1457,6,11,12,1485,44
22106,3675,1457,4,3,2,342,42
22107,3675,1457,1,7,8,987,4
22108,3676,1457,1,4,5,696,29
22109,3676,1457,10,9,8,972,53
22110,3676,1457,2,3,2,312,47
22111,3676,1457,6,18,22,2700,36
22112,3676,1457,2,15,20,2460,41
22113,3676,1457,1,6,8,960,77
22114,3677,1458,6,20,13,1600,50
22115,3677,1458,10,3,2,282,5
22116,3677,1458,5,19,19,2318,55
22117,3677,1458,1,6,7,894,22
22118,3677,1458,10,19,17,2071,47
22119,3677,1458,10,18,14,1782,7
22120,3677,1458,1,19,13,1672,44
22121,3677,1458,1,16,19,2288,38
22122,3678,1458,12,10,10,1230,53
22123,3678,1458,2,16,21,2560,82
22124,3678,1458,10,15,12,1515,71
22125,3678,1458,2,2,2,306,27
22126,3678,1458,7,14,12,1498,30
22127,3678,1458,5,4,4,536,7
22128,3678,1458,1,5,5,685,35
22129,3678,1458,6,3,3,420,71
22130,3679,1458,3,3,2,261,23
22131,3679,1458,6,3,4,510,36
22132,3679,1458,8,6,6,750,21
22133,3679,1458,1,3,2,318,35
22134,3679,1458,1,2,2,288,16
22135,3679,1458,2,7,6,749,19
22136,3679,1458,3,6,6,792,17
22137,3680,1458,7,4,4,564,18
22138,3680,1458,8,12,15,1896,7
22139,3680,1458,2,9,10,1269,16
22140,3680,1458,5,8,7,856,26
22141,3681,1458,1,17,11,1394,20
22142,3681,1458,6,12,13,1584,1
22143,3681,1458,2,10,13,1610,10
22144,3681,1458,1,10,11,1430,15
22145,3681,1458,11,4,2,328,2
22146,3681,1458,1,11,15,1914,16
22147,3681,1458,5,18,19,2376,18
22148,3682,1458,12,4,4,540,36
22149,3682,1458,6,5,4,595,70
22150,3682,1458,1,17,21,2584,56
22151,3682,1458,10,11,9,1144,51
22152,3683,1458,1,6,8,1026,70
22153,3683,1458,3,15,22,2640,46
22154,3683,1458,9,7,5,651,72
22155,3683,1458,10,20,15,1860,26
22156,3683,1458,1,8,7,888,72
22157,3684,1458,1,16,15,1856,13
22158,3684,1458,11,5,4,500,6
22159,3684,1458,1,9,8,1062,13
22160,3684,1458,10,8,10,1272,13
22161,3684,1458,10,7,10,1232,22
22162,3684,1458,10,5,5,640,14
22163,3684,1458,5,20,23,2820,13
22164,3684,1458,10,13,11,1365,7
22165,3685,1458,2,20,25,3020,17
22166,3685,1458,8,19,21,2565,30
22167,3685,1458,6,9,11,1332,20
22168,3685,1458,3,13,15,1859,24
22169,3686,1459,6,10,13,1630,36
22170,3686,1459,2,1,1,156,51
22171,3686,1459,4,20,29,3520,4
22172,3686,1459,5,11,11,1320,4
22173,3686,1459,6,10,7,870,13
22174,3686,1459,1,12,16,1956,25
22175,3687,1459,6,2,2,296,23
22176,3687,1459,7,19,19,2337,21
22177,3687,1459,1,20,21,2520,30
22178,3687,1459,1,6,7,906,7
22179,3687,1459,2,2,2,348,21
22180,3687,1459,6,14,9,1190,21
22181,3688,1459,10,19,21,2622,59
22182,3688,1459,5,3,3,468,64
22183,3688,1459,2,8,6,760,39
22184,3688,1459,5,5,4,565,63
22185,3689,1459,1,1,1,168,20
22186,3689,1459,9,13,13,1599,9
22187,3689,1459,2,5,3,415,24
22188,3689,1459,2,4,5,700,80
22189,3689,1459,8,12,10,1284,49
22190,3689,1459,1,7,9,1085,50
22191,3689,1459,2,11,15,1903,56
22192,3690,1459,2,12,13,1584,13
22193,3690,1459,2,17,13,1581,19
22194,3690,1459,9,2,1,186,4
22195,3690,1459,3,16,19,2368,5
22196,3690,1459,6,4,4,564,14
22197,3691,1459,6,2,2,260,30
22198,3691,1459,2,9,10,1251,45
22199,3691,1459,7,1,1,141,42
22200,3691,1459,1,20,22,2740,43
22201,3691,1459,9,12,14,1788,35
22202,3691,1459,3,8,6,776,42
22203,3691,1459,8,17,19,2380,23
22204,3691,1459,2,5,6,815,34
22205,3692,1459,2,15,14,1770,9
22206,3692,1459,10,5,6,810,73
22207,3692,1459,2,7,4,595,42
22208,3692,1459,1,9,11,1341,27
22209,3693,1459,10,2,1,164,18
22210,3693,1459,3,11,15,1826,16
22211,3693,1459,5,19,22,2698,2
22212,3693,1459,2,11,12,1540,9
22213,3693,1459,10,20,25,3060,9
22214,3694,1459,11,20,22,2660,27
22215,3694,1459,10,18,14,1764,12
22216,3694,1459,7,7,5,602,31
22217,3694,1459,2,20,18,2200,29
22218,3694,1459,10,16,14,1696,19
22219,3694,1459,5,14,16,1974,22
22220,3695,1460,6,19,22,2679,33
22221,3695,1460,6,8,9,1088,45
22222,3695,1460,3,19,15,1881,63
22223,3695,1460,10,17,17,2159,48
22224,3696,1460,8,12,8,1044,10
22225,3696,1460,10,10,9,1140,18
22226,3696,1460,2,14,20,2422,4
22227,3696,1460,6,15,17,2085,3
22228,3696,1460,3,8,5,696,6
22229,3696,1460,8,17,14,1683,19
22230,3696,1460,10,3,2,321,23
22231,3697,1460,7,5,7,860,23
22232,3697,1460,3,6,5,618,27
22233,3697,1460,10,11,11,1320,19
22234,3697,1460,5,4,4,480,12
22235,3697,1460,7,19,16,2033,3
22236,3698,1460,6,18,26,3204,12
22237,3698,1460,1,10,10,1240,27
22238,3698,1460,1,18,18,2250,9
22239,3698,1460,6,3,2,291,27
22240,3698,1460,2,18,20,2430,14
22241,3698,1460,5,2,2,336,2
22242,3698,1460,1,13,11,1430,4
22243,3699,1460,1,4,3,476,14
22244,3699,1460,4,19,15,1900,1
22245,3699,1460,7,10,10,1310,13
22246,3699,1460,2,11,8,1056,6
22247,3699,1460,8,3,2,258,8
22248,3699,1460,4,20,28,3400,38
22249,3699,1460,10,2,2,276,31
22250,3700,1460,10,5,6,795,31
22251,3700,1460,2,8,7,856,52
22252,3700,1460,6,14,14,1764,29
22253,3700,1460,1,5,6,775,20
22254,3700,1460,2,4,3,396,47
22255,3700,1460,12,18,25,3024,52
22256,3700,1460,2,6,8,1056,38
22257,3701,1460,2,20,18,2260,64
22258,3701,1460,7,14,18,2170,62
22259,3701,1460,1,6,8,1074,59
22260,3701,1460,6,18,21,2556,31
22261,3701,1460,1,7,8,1036,82
22262,3702,1460,6,2,2,274,36
22263,3702,1460,2,17,20,2499,27
22264,3702,1460,10,12,12,1488,36
22265,3702,1460,6,4,5,640,14
22266,3702,1460,9,10,10,1300,46
22267,3702,1460,3,12,9,1176,9
22268,3702,1460,5,15,15,1845,59
22269,3703,1460,5,14,10,1218,5
22270,3703,1460,1,6,6,738,26
22271,3703,1460,6,19,23,2793,11
22272,3703,1460,6,15,21,2520,28
22273,3703,1460,7,19,24,2983,29
22274,3703,1460,8,10,11,1350,34
22275,3703,1460,10,18,23,2844,26
22276,3704,1460,3,9,6,738,22
22277,3704,1460,2,2,2,298,13
22278,3704,1460,7,18,17,2070,1
22279,3704,1460,1,5,6,750,39
22280,3704,1460,6,11,10,1276,20
22281,3704,1460,10,16,20,2432,9
22282,3704,1460,5,20,23,2820,1
22283,3705,1461,10,4,3,392,12
22284,3705,1461,1,18,18,2160,43
22285,3705,1461,1,7,9,1099,21
22286,3705,1461,9,12,13,1632,50
22287,3705,1461,9,12,8,984,45
22288,3705,1461,6,5,5,600,51
22289,3705,1461,10,2,2,294,1
22290,3705,1461,1,2,1,168,31
22291,3706,1461,7,15,14,1710,15
22292,3706,1461,1,2,1,162,80
22293,3706,1461,1,8,5,712,18
22294,3706,1461,5,15,20,2475,81
22295,3707,1461,7,9,9,1152,50
22296,3707,1461,1,6,6,786,51
22297,3707,1461,6,10,7,840,32
22298,3707,1461,2,18,19,2322,15
22299,3707,1461,6,17,18,2227,15
22300,3707,1461,2,12,12,1440,50
22301,3708,1461,10,16,19,2304,7
22302,3708,1461,2,1,1,136,15
22303,3708,1461,10,19,23,2774,63
22304,3708,1461,5,4,3,360,63
22305,3708,1461,7,5,3,450,43
22306,3708,1461,11,17,19,2380,30
22307,3708,1461,1,11,15,1826,6
22308,3709,1461,1,5,4,530,24
22309,3709,1461,1,11,9,1155,12
22310,3709,1461,1,18,24,2880,44
22311,3709,1461,1,16,23,2784,20
22312,3709,1461,6,8,10,1248,6
22313,3710,1461,10,5,6,725,9
22314,3710,1461,7,4,5,688,16
22315,3710,1461,1,8,7,904,9
22316,3710,1461,3,16,18,2272,21
22317,3711,1461,1,13,16,1950,76
22318,3711,1461,10,2,2,296,21
22319,3711,1461,12,13,15,1885,11
22320,3711,1461,8,11,10,1243,20
22321,3711,1461,2,6,7,924,11
22322,3711,1461,6,20,24,2900,71
22323,3712,1461,6,3,3,423,1
22324,3712,1461,6,4,4,508,39
22325,3712,1461,1,19,27,3268,30
22326,3712,1461,3,15,14,1770,48
22327,3713,1461,11,17,13,1666,6
22328,3713,1461,9,15,20,2490,14
22329,3713,1461,5,19,14,1786,19
22330,3713,1461,2,1,1,125,27
22331,3713,1461,6,10,13,1620,43
22332,3713,1461,6,1,1,97,18
22333,3714,1461,5,11,14,1694,48
22334,3714,1461,1,11,9,1111,24
22335,3714,1461,11,10,8,970,7
22336,3714,1461,8,19,12,1539,38
22337,3714,1461,1,12,14,1776,38
22338,3715,1462,7,16,20,2416,5
22339,3715,1462,3,5,4,495,36
22340,3715,1462,2,9,13,1593,52
22341,3715,1462,10,7,6,721,60
22342,3715,1462,5,10,10,1210,80
22343,3716,1462,3,19,23,2850,16
22344,3716,1462,2,11,9,1089,12
22345,3716,1462,4,6,5,684,5
22346,3716,1462,8,19,22,2736,16
22347,3717,1462,7,13,16,1989,28
22348,3717,1462,2,20,13,1660,8
22349,3717,1462,9,14,13,1638,18
22350,3717,1462,6,8,11,1376,29
22351,3718,1462,1,12,8,1056,24
22352,3718,1462,1,12,17,2148,4
22353,3718,1462,11,16,16,1952,16
22354,3718,1462,10,17,18,2176,3
22355,3718,1462,6,8,8,1016,21
22356,3718,1462,6,15,16,1920,13
22357,3719,1462,10,3,2,270,56
22358,3719,1462,2,6,5,654,50
22359,3719,1462,8,6,6,762,25
22360,3719,1462,3,14,12,1498,5
22361,3720,1462,6,7,10,1253,16
22362,3720,1462,6,13,18,2275,72
22363,3720,1462,5,20,22,2740,68
22364,3720,1462,1,8,7,888,18
22365,3721,1462,6,11,13,1628,13
22366,3721,1462,2,19,14,1691,27
22367,3721,1462,11,16,11,1344,11
22368,3721,1462,5,1,1,107,2
22369,3721,1462,3,4,5,688,10
22370,3721,1462,10,14,9,1190,4
22371,3722,1463,1,10,7,880,50
22372,3722,1463,1,3,4,531,16
22373,3722,1463,10,16,22,2752,15
22374,3722,1463,1,7,5,623,52
22375,3722,1463,1,4,6,720,37
22376,3722,1463,2,18,13,1620,50
22377,3722,1463,2,14,20,2464,38
22378,3723,1463,10,13,12,1469,8
22379,3723,1463,8,5,5,655,27
22380,3723,1463,1,10,8,1030,9
22381,3723,1463,1,18,14,1764,21
22382,3723,1463,1,9,7,927,19
22383,3723,1463,10,4,4,508,8
22384,3723,1463,5,4,2,340,25
22385,3724,1463,6,11,9,1133,26
22386,3724,1463,1,13,14,1716,24
22387,3724,1463,6,7,5,665,7
22388,3724,1463,2,1,1,159,27
22389,3725,1463,2,3,3,471,17
22390,3725,1463,1,6,7,870,23
22391,3725,1463,1,2,1,238,13
22392,3725,1463,2,1,1,161,1
22393,3725,1463,2,6,5,654,4
22394,3725,1463,10,1,1,114,29
22395,3725,1463,5,16,18,2272,13
22396,3726,1463,7,10,11,1340,44
22397,3726,1463,2,14,16,1974,48
22398,3726,1463,6,10,13,1590,39
22399,3726,1463,5,8,8,984,47
22400,3726,1463,7,20,26,3120,8
22401,3727,1463,9,13,8,1053,55
22402,3727,1463,1,20,17,2120,59
22403,3727,1463,4,10,10,1200,58
22404,3727,1463,8,9,7,855,45
22405,3727,1463,1,13,14,1690,5
22406,3727,1463,5,14,9,1190,40
22407,3727,1463,4,19,17,2128,1
22408,3728,1464,8,14,17,2086,30
22409,3728,1464,1,13,16,1937,54
22410,3728,1464,11,20,19,2340,21
22411,3728,1464,2,17,22,2669,43
22412,3728,1464,11,3,4,525,54
22413,3728,1464,2,20,28,3460,13
22414,3729,1464,10,12,12,1452,23
22415,3729,1464,1,7,10,1246,22
22416,3729,1464,11,1,1,158,7
22417,3729,1464,5,18,21,2610,6
22418,3729,1464,6,13,11,1352,15
22419,3729,1464,6,16,14,1744,24
22420,3729,1464,7,16,19,2352,19
22421,3730,1464,10,19,20,2508,21
22422,3730,1464,1,4,3,452,17
22423,3730,1464,11,4,3,368,23
22424,3730,1464,10,8,7,912,2
22425,3731,1464,1,15,12,1440,6
22426,3731,1464,10,4,3,408,21
22427,3731,1464,6,13,14,1781,37
22428,3731,1464,8,12,13,1584,7
22429,3731,1464,1,20,17,2080,46
22430,3731,1464,2,2,1,178,38
22431,3732,1464,6,19,22,2698,47
22432,3732,1464,3,17,22,2652,62
22433,3732,1464,8,16,22,2736,50
22434,3732,1464,1,15,22,2685,54
22435,3732,1464,2,9,12,1512,21
22436,3733,1464,8,14,18,2198,2
22437,3733,1464,1,9,6,810,17
22438,3733,1464,11,8,8,1056,14
22439,3733,1464,10,2,2,264,13
22440,3734,1465,1,15,14,1710,6
22441,3734,1465,1,17,22,2754,9
22442,3734,1465,12,19,17,2109,5
22443,3734,1465,3,8,5,712,1
22444,3735,1465,3,1,1,109,1
22445,3735,1465,7,17,17,2074,19
22446,3735,1465,3,16,11,1360,13
22447,3735,1465,1,9,9,1089,12
22448,3736,1465,10,8,12,1440,24
22449,3736,1465,1,5,5,665,14
22450,3736,1465,11,11,7,935,20
22451,3736,1465,10,1,1,95,16
22452,3736,1465,6,2,2,320,23
22453,3736,1465,2,19,27,3325,10
22454,3737,1465,3,18,26,3204,18
22455,3737,1465,2,4,3,452,7
22456,3737,1465,2,6,4,486,2
22457,3737,1465,2,12,17,2052,4
22458,3737,1465,2,6,8,1050,18
22459,3737,1465,2,13,13,1586,14
22460,3738,1465,7,13,17,2067,31
22461,3738,1465,9,9,8,1017,50
22462,3738,1465,2,5,5,685,33
22463,3738,1465,6,4,2,356,30
22464,3738,1465,7,10,10,1220,56
22465,3738,1465,3,17,17,2074,5
22466,3738,1465,1,12,11,1356,3
22467,3738,1465,2,7,10,1253,20
22468,3739,1465,1,11,10,1309,9
22469,3739,1465,2,6,4,534,37
22470,3739,1465,6,2,2,282,61
22471,3739,1465,5,3,3,453,37
22472,3739,1465,1,20,28,3360,29
22473,3739,1465,6,12,16,1944,57
22474,3739,1465,7,9,10,1224,53
22475,3739,1465,10,1,1,123,39
22476,3740,1465,8,11,9,1177,6
22477,3740,1465,2,17,25,3060,27
22478,3740,1465,3,5,4,525,28
22479,3740,1465,1,16,23,2800,42
22480,3740,1465,5,5,6,805,13
22481,3740,1465,9,10,7,850,21
22482,3741,1465,8,12,14,1692,21
22483,3741,1465,10,6,4,588,18
22484,3741,1465,1,4,3,420,17
22485,3741,1465,1,6,4,492,22
22486,3742,1465,3,8,11,1336,10
22487,3742,1465,7,7,7,924,6
22488,3742,1465,3,11,11,1419,5
22489,3742,1465,6,5,4,480,10
22490,3742,1465,1,8,6,784,14
22491,3742,1465,3,11,9,1089,2
22492,3742,1465,5,14,19,2324,1
22493,3742,1465,3,20,24,2900,4
22494,3743,1466,3,3,4,513,9
22495,3743,1466,2,1,1,177,13
22496,3743,1466,3,7,7,931,1
22497,3743,1466,5,16,19,2336,8
22498,3744,1466,7,9,11,1386,61
22499,3744,1466,2,12,16,1920,21
22500,3744,1466,5,3,2,255,27
22501,3744,1466,1,20,27,3260,29
22502,3744,1466,4,13,11,1404,47
22503,3744,1466,2,8,6,728,30
22504,3745,1466,1,17,17,2108,2
22505,3745,1466,2,18,18,2178,41
22506,3745,1466,7,9,8,1026,52
22507,3745,1466,10,18,19,2304,42
22508,3745,1466,1,2,1,180,26
22509,3745,1466,6,5,6,795,4
22510,3745,1466,1,10,13,1670,50
22511,3746,1466,6,19,16,2033,20
22512,3746,1466,2,2,2,284,7
22513,3746,1466,1,6,6,762,14
22514,3746,1466,7,13,9,1157,9
22515,3746,1466,10,2,2,258,5
22516,3746,1466,1,2,1,198,9
22517,3746,1466,6,17,21,2533,19
22518,3746,1466,2,10,13,1670,5
22519,3747,1466,2,5,4,525,16
22520,3747,1466,1,10,7,910,47
22521,3747,1466,6,6,6,828,62
22522,3747,1466,12,12,17,2064,46
22523,3748,1466,2,5,4,570,22
22524,3748,1466,2,9,12,1512,57
22525,3748,1466,2,11,12,1540,50
22526,3748,1466,1,19,16,1938,77
22527,3748,1466,7,18,23,2862,54
22528,3748,1466,6,17,19,2346,42
22529,3749,1466,4,15,10,1275,21
22530,3749,1466,10,5,4,570,41
22531,3749,1466,5,5,4,495,38
22532,3749,1466,9,8,6,720,56
22533,3749,1466,10,5,3,430,71
22534,3750,1466,2,14,10,1274,3
22535,3750,1466,5,6,5,618,53
22536,3750,1466,8,11,14,1727,11
22537,3750,1466,6,1,1,180,54
22538,3750,1466,10,20,18,2240,18
22539,3750,1466,2,2,2,254,43
22540,3750,1466,2,5,6,770,58
22541,3750,1466,11,12,15,1860,30
22542,3751,1466,6,14,11,1414,15
22543,3751,1466,10,17,17,2108,81
22544,3751,1466,1,12,16,1920,25
22545,3751,1466,5,17,16,1972,56
22546,3752,1467,5,15,13,1605,50
22547,3752,1467,11,19,15,1919,64
22548,3752,1467,7,14,10,1232,16
22549,3752,1467,10,7,5,651,62
22550,3752,1467,2,4,4,488,65
22551,3753,1467,10,17,19,2380,8
22552,3753,1467,10,18,20,2466,21
22553,3753,1467,10,10,7,850,16
22554,3753,1467,1,14,16,1946,51
22555,3754,1467,1,14,9,1190,59
22556,3754,1467,1,2,2,342,43
22557,3754,1467,10,17,19,2312,14
22558,3754,1467,1,18,18,2196,48
22559,3754,1467,3,18,24,2880,4
22560,3754,1467,6,20,14,1740,23
22561,3755,1467,2,8,7,912,27
22562,3755,1467,2,7,5,693,19
22563,3755,1467,7,7,4,581,31
22564,3755,1467,12,8,5,680,36
22565,3756,1467,7,6,5,654,56
22566,3756,1467,10,10,14,1770,34
22567,3756,1467,6,7,10,1239,31
22568,3756,1467,10,14,20,2478,16
22569,3756,1467,4,11,14,1760,27
22570,3756,1467,1,20,29,3540,56
22571,3757,1467,2,16,18,2176,17
22572,3757,1467,3,2,1,180,6
22573,3757,1467,6,18,17,2052,13
22574,3757,1467,6,19,13,1634,6
22575,3757,1467,3,8,8,1000,34
22576,3757,1467,4,4,3,448,26
22577,3757,1467,1,2,1,194,21
22578,3758,1467,7,12,17,2040,17
22579,3758,1467,6,2,1,220,9
22580,3758,1467,2,20,25,3060,3
22581,3758,1467,7,12,17,2076,9
22582,3758,1467,1,15,17,2085,10
22583,3758,1467,11,12,8,984,7
22584,3758,1467,10,9,8,1008,5
22585,3758,1467,2,8,11,1376,2
22586,3759,1467,1,12,9,1128,24
22587,3759,1467,10,14,21,2520,36
22588,3759,1467,1,18,23,2808,26
22589,3759,1467,5,15,15,1860,42
22590,3760,1467,10,2,2,260,52
22591,3760,1467,3,9,7,945,4
22592,3760,1467,3,7,8,1022,63
22593,3760,1467,2,5,5,705,70
22594,3760,1467,3,7,7,903,21
22595,3760,1467,7,4,5,600,38
22596,3760,1467,4,15,17,2070,33
22597,3761,1467,10,19,15,1805,6
22598,3761,1467,3,4,4,564,16
22599,3761,1467,6,16,15,1872,12
22600,3761,1467,1,3,3,462,39
22601,3761,1467,1,7,5,644,23
22602,3761,1467,10,1,1,166,37
22603,3762,1468,1,2,2,354,20
22604,3762,1468,6,7,6,812,23
22605,3762,1468,2,20,28,3360,52
22606,3762,1468,1,8,5,656,30
22607,3763,1468,5,18,14,1710,72
22608,3763,1468,6,20,26,3140,30
22609,3763,1468,1,9,6,765,8
22610,3763,1468,8,17,13,1649,54
22611,3763,1468,10,20,17,2120,10
22612,3764,1468,8,19,14,1748,4
22613,3764,1468,6,6,4,576,23
22614,3764,1468,6,4,4,532,15
22615,3764,1468,1,9,9,1107,14
22616,3764,1468,7,10,8,1030,41
22617,3764,1468,1,12,12,1524,35
22618,3765,1468,5,4,2,340,8
22619,3765,1468,1,12,9,1188,25
22620,3765,1468,3,7,6,784,9
22621,3765,1468,7,18,24,2898,9
22622,3765,1468,2,2,2,340,10
22623,3765,1468,1,1,1,143,12
22624,3765,1468,2,9,13,1566,25
22625,3765,1468,1,12,16,1980,21
22626,3766,1468,2,5,5,655,37
22627,3766,1468,3,1,1,140,22
22628,3766,1468,7,7,5,637,86
22629,3766,1468,2,9,6,837,79
22630,3766,1468,1,14,11,1386,72
22631,3766,1468,4,9,11,1332,29
22632,3767,1468,7,10,12,1500,1
22633,3767,1468,5,2,1,200,52
22634,3767,1468,1,8,7,848,19
22635,3767,1468,6,14,10,1260,76
22636,3767,1468,7,1,1,81,17
22637,3768,1468,2,10,11,1370,27
22638,3768,1468,10,11,15,1881,68
22639,3768,1468,1,18,26,3150,13
22640,3768,1468,7,16,15,1808,40
22641,3769,1468,7,6,8,1032,8
22642,3769,1468,10,18,23,2808,10
22643,3769,1468,3,14,11,1400,20
22644,3769,1468,4,19,24,2964,15
22645,3770,1468,4,9,7,936,36
22646,3770,1468,6,16,18,2160,44
22647,3770,1468,1,14,9,1148,22
22648,3770,1468,6,20,17,2140,3
22649,3770,1468,2,4,3,396,60
22650,3770,1468,1,17,12,1513,8
22651,3771,1469,8,14,14,1680,18
22652,3771,1469,2,17,21,2567,17
22653,3771,1469,3,5,4,525,36
22654,3771,1469,1,10,7,850,50
22655,3771,1469,10,5,5,620,19
22656,3771,1469,5,13,16,2015,11
22657,3772,1469,2,4,4,508,19
22658,3772,1469,2,20,28,3420,37
22659,3772,1469,2,17,12,1513,35
22660,3772,1469,2,1,1,94,11
22661,3772,1469,12,17,15,1802,33
22662,3773,1469,3,7,6,798,32
22663,3773,1469,1,4,4,524,24
22664,3773,1469,2,17,15,1870,33
22665,3773,1469,2,20,27,3340,14
22666,3774,1469,3,14,18,2268,12
22667,3774,1469,5,7,4,567,15
22668,3774,1469,2,3,2,276,13
22669,3774,1469,10,20,19,2340,65
22670,3775,1469,3,20,29,3500,15
22671,3775,1469,5,11,13,1584,15
22672,3775,1469,3,20,14,1740,8
22673,3775,1469,6,4,4,592,5
22674,3775,1469,7,2,1,228,3
22675,3775,1469,6,3,3,399,12
22676,3776,1469,1,13,12,1443,14
22677,3776,1469,10,8,10,1248,14
22678,3776,1469,1,16,13,1664,26
22679,3776,1469,1,19,23,2831,19
22680,3777,1469,10,7,7,889,70
22681,3777,1469,10,10,13,1630,35
22682,3777,1469,5,7,5,665,18
22683,3777,1469,2,3,3,429,48
22684,3777,1469,6,4,5,668,54
22685,3777,1469,2,18,24,2898,79
22686,3777,1469,9,15,20,2415,4
22687,3777,1469,2,10,14,1730,3
22688,3778,1469,10,19,14,1710,7
22689,3778,1469,2,2,2,304,21
22690,3778,1469,2,6,6,780,5
22691,3778,1469,1,13,11,1430,3
22692,3778,1469,2,15,22,2685,14
22693,3778,1469,1,15,14,1740,8
22694,3779,1469,11,13,12,1456,51
22695,3779,1469,6,1,1,92,54
22696,3779,1469,2,20,27,3340,19
22697,3779,1469,7,5,6,760,48
22698,3780,1469,2,8,7,936,63
22699,3780,1469,10,2,1,180,40
22700,3780,1469,6,15,19,2295,13
22701,3780,1469,11,6,8,1050,49
22702,3780,1469,6,16,15,1904,19
22703,3781,1470,12,2,1,228,14
22704,3781,1470,2,14,13,1624,7
22705,3781,1470,1,9,12,1557,15
22706,3781,1470,7,20,22,2700,16
22707,3781,1470,10,15,20,2430,4
22708,3781,1470,10,11,12,1496,13
22709,3781,1470,1,16,21,2624,1
22710,3782,1470,1,5,4,590,7
22711,3782,1470,1,18,13,1620,2
22712,3782,1470,1,17,14,1700,24
22713,3782,1470,6,7,6,749,10
22714,3782,1470,1,11,14,1738,24
22715,3782,1470,2,1,1,102,18
22716,3782,1470,1,14,12,1442,22
22717,3782,1470,2,11,13,1672,24
22718,3783,1470,6,16,11,1408,36
22719,3783,1470,7,14,16,2030,48
22720,3783,1470,3,19,18,2242,44
22721,3783,1470,1,18,26,3204,21
22722,3783,1470,2,2,2,298,29
22723,3783,1470,10,13,15,1807,67
22724,3783,1470,1,19,15,1881,22
22725,3783,1470,10,7,7,882,45
22726,3784,1470,3,20,24,2900,65
22727,3784,1470,3,11,12,1452,25
22728,3784,1470,8,16,15,1888,53
22729,3784,1470,5,13,12,1443,65
22730,3784,1470,2,2,2,252,41
22731,3784,1470,1,6,7,864,48
22732,3784,1470,5,19,17,2090,10
22733,3785,1470,2,13,9,1105,31
22734,3785,1470,6,16,18,2224,6
22735,3785,1470,2,2,2,258,5
22736,3785,1470,2,17,12,1462,25
22737,3786,1470,1,6,7,870,34
22738,3786,1470,6,16,14,1680,13
22739,3786,1470,5,2,1,232,4
22740,3786,1470,2,20,19,2360,48
22741,3787,1470,2,12,10,1200,26
22742,3787,1470,7,7,6,763,42
22743,3787,1470,4,15,14,1680,38
22744,3787,1470,2,18,15,1800,46
22745,3787,1470,6,15,14,1710,22
22746,3788,1470,1,8,10,1216,28
22747,3788,1470,2,11,9,1166,3
22748,3788,1470,2,12,9,1116,74
22749,3788,1470,2,18,21,2520,68
22750,3788,1470,10,4,3,440,45
22751,3789,1470,12,9,8,963,7
22752,3789,1470,3,12,14,1752,3
22753,3789,1470,6,8,6,808,1
22754,3789,1470,6,14,16,1932,6
22755,3789,1470,10,14,11,1414,11
22756,3789,1470,6,18,18,2214,15
22757,3789,1470,5,9,7,954,10
22758,3789,1470,3,18,18,2250,1
22759,3790,1470,1,11,15,1815,15
22760,3790,1470,1,11,8,1078,17
22761,3790,1470,10,9,9,1170,3
22762,3790,1470,2,13,13,1573,10
22763,3790,1470,2,4,5,696,1
22764,3790,1470,2,1,1,134,12
22765,3790,1470,3,17,21,2533,13
22766,3791,1471,1,11,11,1375,73
22767,3791,1471,6,20,17,2120,27
22768,3791,1471,9,5,6,790,80
22769,3791,1471,10,4,6,720,46
22770,3791,1471,1,1,1,164,3
22771,3792,1471,6,5,4,530,10
22772,3792,1471,8,3,3,456,9
22773,3792,1471,2,15,14,1755,20
22774,3792,1471,6,17,12,1496,14
22775,3792,1471,8,17,16,2006,13
22776,3792,1471,10,9,13,1575,8
22777,3792,1471,7,4,3,468,7
22778,3793,1471,2,3,2,345,55
22779,3793,1471,1,19,19,2318,36
22780,3793,1471,1,17,11,1411,36
22781,3793,1471,8,7,4,567,44
22782,3793,1471,6,11,9,1177,36
22783,3794,1471,3,10,12,1470,1
22784,3794,1471,10,4,3,364,10
22785,3794,1471,2,12,10,1284,8
22786,3794,1471,6,3,3,375,15
22787,3794,1471,2,14,9,1148,14
22788,3794,1471,9,15,18,2160,1
22789,3795,1471,1,14,19,2282,46
22790,3795,1471,1,1,1,142,20
22791,3795,1471,7,6,7,930,74
22792,3795,1471,10,11,8,1078,9
22793,3796,1471,1,18,22,2700,57
22794,3796,1471,6,12,12,1512,54
22795,3796,1471,4,4,3,416,71
22796,3796,1471,5,5,6,735,71
22797,3796,1471,5,11,11,1419,2
22798,3797,1471,8,13,17,2041,17
22799,3797,1471,1,5,6,740,82
22800,3797,1471,7,11,8,1067,65
22801,3797,1471,3,16,23,2864,43
22802,3797,1471,2,14,16,1960,28
22803,3797,1471,6,12,16,1920,70
22804,3798,1471,1,9,10,1251,40
22805,3798,1471,8,18,18,2178,6
22806,3798,1471,6,20,13,1600,30
22807,3798,1471,3,12,9,1140,24
22808,3798,1471,10,5,3,415,14
22809,3798,1471,2,17,15,1836,49
22810,3798,1471,3,14,9,1162,28
22811,3799,1471,6,14,13,1582,11
22812,3799,1471,1,8,8,1008,68
22813,3799,1471,6,19,15,1919,62
22814,3799,1471,6,1,1,162,49
22815,3799,1471,6,5,3,455,77
22816,3799,1471,1,2,1,198,37
22817,3800,1472,2,13,12,1482,34
22818,3800,1472,6,19,23,2831,14
22819,3800,1472,10,19,26,3154,44
22820,3800,1472,1,15,17,2115,35
22821,3800,1472,2,2,1,196,11
22822,3801,1472,1,8,7,912,67
22823,3801,1472,11,6,5,648,40
22824,3801,1472,10,17,18,2278,25
22825,3801,1472,2,3,3,378,21
22826,3801,1472,1,18,26,3132,54
22827,3802,1472,10,9,8,1062,33
22828,3802,1472,2,20,13,1620,51
22829,3802,1472,3,8,10,1208,17
22830,3802,1472,2,13,15,1898,18
22831,3802,1472,2,13,9,1183,28
22832,3802,1472,8,6,5,690,33
22833,3802,1472,2,8,11,1432,36
22834,3803,1472,6,9,8,1044,37
22835,3803,1472,7,3,4,516,34
22836,3803,1472,7,11,13,1606,8
22837,3803,1472,10,5,4,535,41
22838,3803,1472,4,13,14,1794,15
22839,3804,1472,2,1,1,147,54
22840,3804,1472,7,16,19,2352,5
22841,3804,1472,2,19,13,1596,28
22842,3804,1472,1,13,11,1365,14
22843,3804,1472,1,11,14,1782,14
22844,3804,1472,8,15,17,2040,55
22845,3804,1472,6,7,9,1155,53
22846,3804,1472,10,4,3,440,74
22847,3805,1472,10,2,2,292,42
22848,3805,1472,2,9,6,765,16
22849,3805,1472,10,17,14,1734,62
22850,3805,1472,1,12,11,1404,20
22851,3805,1472,1,5,5,625,66
22852,3805,1472,5,2,2,262,42
22853,3806,1472,6,9,8,1026,47
22854,3806,1472,1,19,23,2793,16
22855,3806,1472,2,4,5,600,48
22856,3806,1472,2,2,2,326,47
22857,3806,1472,6,2,2,342,67
22858,3807,1472,2,11,8,1067,25
22859,3807,1472,10,8,8,976,9
22860,3807,1472,1,15,13,1620,15
22861,3807,1472,8,2,2,294,17
22862,3807,1472,1,12,13,1644,9
22863,3807,1472,2,11,14,1782,9
22864,3807,1472,6,17,12,1445,14
22865,3807,1472,1,9,8,1053,24
22866,3808,1473,2,16,10,1312,6
22867,3808,1473,3,15,21,2580,5
22868,3808,1473,7,14,9,1190,4
22869,3808,1473,4,18,26,3186,1
22870,3808,1473,9,17,13,1598,10
22871,3809,1473,1,17,13,1666,10
22872,3809,1473,7,18,25,3024,3
22873,3809,1473,2,10,9,1160,4
22874,3809,1473,1,13,19,2288,9
22875,3809,1473,5,14,13,1568,9
22876,3809,1473,6,19,26,3135,16
22877,3809,1473,11,2,2,312,14
22878,3810,1473,2,12,15,1908,4
22879,3810,1473,1,1,1,163,43
22880,3810,1473,10,1,1,142,16
22881,3810,1473,2,3,3,366,42
22882,3810,1473,10,9,11,1323,19
22883,3810,1473,1,18,13,1584,20
22884,3810,1473,5,16,19,2352,15
22885,3811,1473,1,1,1,139,15
22886,3811,1473,3,5,6,780,4
22887,3811,1473,1,17,11,1428,87
22888,3811,1473,1,8,6,776,62
22889,3811,1473,5,20,15,1880,12
22890,3811,1473,10,4,3,472,66
22891,3811,1473,5,15,17,2130,27
22892,3811,1473,8,12,13,1608,90
22893,3812,1473,6,11,11,1353,14
22894,3812,1473,5,3,4,519,24
22895,3812,1473,1,20,14,1720,18
22896,3812,1473,5,1,1,105,18
22897,3812,1473,4,11,9,1166,22
22898,3812,1473,2,19,20,2432,13
22899,3813,1473,11,13,14,1781,40
22900,3813,1473,2,8,11,1424,35
22901,3813,1473,1,16,20,2496,9
22902,3813,1473,7,11,12,1540,19
22903,3813,1473,1,11,12,1507,38
22904,3813,1473,1,15,16,1935,1
22905,3814,1473,2,5,6,775,33
22906,3814,1473,1,5,7,900,17
22907,3814,1473,8,3,2,351,5
22908,3814,1473,1,11,13,1661,1
22909,3814,1473,2,17,16,1921,24
22910,3814,1473,7,4,2,320,24
22911,3814,1473,2,13,15,1846,9
22912,3814,1473,7,16,19,2368,17
22913,3815,1473,3,17,20,2465,52
22914,3815,1473,7,6,8,1032,14
22915,3815,1473,2,7,8,1078,18
22916,3815,1473,3,16,23,2864,24
22917,3815,1473,7,9,8,1008,33
22918,3815,1473,6,17,12,1462,57
22919,3815,1473,3,10,9,1130,24
22920,3816,1473,8,2,1,238,44
22921,3816,1473,3,9,12,1530,52
22922,3816,1473,7,15,20,2475,27
22923,3816,1473,2,4,4,496,4
22924,3816,1473,7,16,21,2544,44
22925,3816,1473,2,17,17,2057,13
22926,3817,1474,8,18,21,2520,12
22927,3817,1474,3,10,9,1130,33
22928,3817,1474,1,9,11,1404,62
22929,3817,1474,6,14,12,1540,43
22930,3817,1474,3,10,10,1290,9
22931,3817,1474,1,7,8,1029,34
22932,3818,1474,10,1,1,175,5
22933,3818,1474,6,20,29,3580,19
22934,3818,1474,1,1,1,106,24
22935,3818,1474,7,16,12,1552,1
22936,3818,1474,11,12,13,1596,6
22937,3819,1474,10,5,3,470,9
22938,3819,1474,5,9,7,873,3
22939,3819,1474,1,14,13,1610,13
22940,3819,1474,3,8,9,1088,13
22941,3819,1474,1,15,16,1935,1
22942,3819,1474,3,20,19,2340,5
22943,3819,1474,1,5,4,495,6
22944,3820,1474,2,5,6,800,15
22945,3820,1474,11,9,7,855,25
22946,3820,1474,7,19,21,2603,37
22947,3820,1474,5,10,11,1410,41
22948,3820,1474,2,4,5,604,4
22949,3820,1474,3,17,13,1598,15
22950,3820,1474,1,3,2,240,15
22951,3820,1474,2,3,2,339,39
22952,3821,1474,1,13,10,1235,8
22953,3821,1474,10,14,16,1932,32
22954,3821,1474,8,15,17,2085,14
22955,3821,1474,1,7,6,798,46
22956,3821,1474,10,4,4,564,3
22957,3821,1474,1,15,12,1455,37
22958,3821,1474,7,8,8,976,47
22959,3821,1474,2,16,14,1776,10
22960,3822,1474,10,3,3,420,64
22961,3822,1474,2,2,1,206,35
22962,3822,1474,4,20,25,3100,15
22963,3822,1474,1,13,17,2145,10
22964,3822,1474,6,11,14,1727,67
22965,3822,1474,6,6,7,882,27
22966,3822,1474,3,15,15,1875,24
22967,3822,1474,11,5,4,520,45
22968,3823,1474,7,4,5,608,10
22969,3823,1474,4,11,16,1969,45
22970,3823,1474,2,1,1,133,32
22971,3823,1474,2,12,14,1752,49
22972,3824,1475,1,11,15,1848,35
22973,3824,1475,1,4,5,616,5
22974,3824,1475,1,13,15,1872,36
22975,3824,1475,1,17,13,1598,12
22976,3824,1475,2,12,11,1368,11
22977,3824,1475,2,9,12,1440,16
22978,3824,1475,2,5,5,670,43
22979,3825,1475,1,10,12,1480,2
22980,3825,1475,4,9,11,1386,10
22981,3825,1475,7,19,19,2394,7
22982,3825,1475,2,8,5,688,13
22983,3825,1475,3,13,9,1105,9
22984,3825,1475,2,5,7,880,8
22985,3825,1475,3,19,15,1843,7
22986,3826,1475,1,12,8,972,24
22987,3826,1475,2,18,13,1566,20
22988,3826,1475,11,20,18,2260,55
22989,3826,1475,7,18,15,1872,4
22990,3826,1475,8,11,9,1199,61
22991,3827,1475,9,19,23,2793,55
22992,3827,1475,3,4,5,628,69
22993,3827,1475,11,9,12,1512,67
22994,3827,1475,8,14,21,2520,36
22995,3827,1475,6,14,14,1680,73
22996,3827,1475,8,12,10,1200,32
22997,3828,1475,10,4,5,648,10
22998,3828,1475,12,16,10,1280,8
22999,3828,1475,11,19,15,1843,42
23000,3828,1475,6,11,12,1496,16
23001,3829,1475,10,12,17,2124,3
23002,3829,1475,1,20,17,2040,11
23003,3829,1475,3,4,5,612,28
23004,3829,1475,10,16,21,2592,1
23005,3829,1475,2,1,1,121,13
23006,3830,1475,1,19,23,2793,19
23007,3830,1475,1,11,10,1221,25
23008,3830,1475,10,16,16,1952,29
23009,3830,1475,1,17,16,1955,58
23010,3830,1475,7,9,8,999,29
23011,3830,1475,1,5,3,450,52
23012,3830,1475,3,9,12,1557,37
23013,3830,1475,9,1,1,161,60
23014,3831,1475,3,16,19,2336,47
23015,3831,1475,2,2,2,248,31
23016,3831,1475,2,11,13,1573,24
23017,3831,1475,10,17,14,1768,25
23018,3832,1475,5,20,21,2600,26
23019,3832,1475,10,18,13,1602,1
23020,3832,1475,10,8,5,648,2
23021,3832,1475,10,6,4,552,36
23022,3832,1475,10,13,18,2184,23
23023,3833,1475,1,17,13,1581,2
23024,3833,1475,5,18,19,2376,49
23025,3833,1475,9,5,6,795,18
23026,3833,1475,6,8,6,816,6
23027,3833,1475,9,15,14,1755,38
23028,3833,1475,2,11,10,1232,37
23029,3833,1475,2,1,1,158,32
23030,3833,1475,7,17,19,2380,47
23031,3834,1476,5,16,20,2448,51
23032,3834,1476,8,18,20,2466,8
23033,3834,1476,6,20,29,3500,27
23034,3834,1476,2,6,6,822,55
23035,3834,1476,10,20,17,2140,11
23036,3834,1476,3,16,11,1344,63
23037,3834,1476,3,5,7,900,31
23038,3834,1476,6,20,28,3440,55
23039,3835,1476,3,6,4,504,32
23040,3835,1476,1,19,15,1805,43
23041,3835,1476,10,7,5,651,40
23042,3835,1476,10,7,4,581,46
23043,3836,1476,1,12,8,996,47
23044,3836,1476,6,8,8,976,12
23045,3836,1476,7,7,8,1015,52
23046,3836,1476,1,1,1,82,14
23047,3836,1476,5,18,14,1746,22
23048,3836,1476,6,18,26,3168,32
23049,3836,1476,1,18,24,2898,2
23050,3837,1476,2,6,5,690,41
23051,3837,1476,7,17,12,1496,58
23052,3837,1476,1,8,10,1216,52
23053,3837,1476,1,5,4,585,22
23054,3837,1476,6,5,6,810,23
23055,3837,1476,3,13,14,1768,31
23056,3838,1476,2,17,25,3026,36
23057,3838,1476,2,6,5,702,3
23058,3838,1476,6,10,14,1720,9
23059,3838,1476,1,7,7,959,12
23060,3839,1476,6,8,10,1256,45
23061,3839,1476,2,11,14,1793,24
23062,3839,1476,6,5,6,750,41
23063,3839,1476,1,11,15,1859,41
23064,3839,1476,10,4,5,716,21
23065,3839,1476,11,16,14,1760,25
23066,3839,1476,10,7,5,637,37
23067,3840,1476,2,1,1,110,21
23068,3840,1476,10,13,9,1183,10
23069,3840,1476,4,12,16,1920,20
23070,3840,1476,9,19,26,3230,7
23071,3840,1476,10,7,5,679,11
23072,3840,1476,2,11,12,1474,2
23073,3840,1476,12,4,2,348,8
23074,3841,1476,5,8,8,1072,18
23075,3841,1476,10,15,14,1695,33
23076,3841,1476,7,5,6,830,26
23077,3841,1476,12,7,5,686,52
23078,3841,1476,5,18,19,2376,45
23079,3841,1476,11,18,26,3132,33
23080,3841,1476,6,3,3,432,54
23081,3842,1476,7,3,2,294,34
23082,3842,1476,3,9,12,1557,25
23083,3842,1476,1,5,4,560,5
23084,3842,1476,1,3,2,348,8
23085,3842,1476,6,4,5,684,37
23086,3842,1476,8,5,3,455,34
23087,3843,1477,7,20,15,1820,41
23088,3843,1477,2,6,4,594,35
23089,3843,1477,8,2,2,266,33
23090,3843,1477,1,10,14,1680,71
23091,3844,1477,6,1,1,166,8
23092,3844,1477,7,14,16,2030,28
23093,3844,1477,6,2,1,166,59
23094,3844,1477,1,9,11,1368,43
23095,3844,1477,1,4,2,324,15
23096,3845,1477,10,3,4,537,44
23097,3845,1477,2,2,2,350,26
23098,3845,1477,2,12,12,1536,44
23099,3845,1477,3,7,9,1106,27
23100,3846,1477,11,9,10,1242,8
23101,3846,1477,2,8,8,1072,4
23102,3846,1477,8,17,16,1921,2
23103,3846,1477,3,9,12,1557,25
23104,3846,1477,12,18,24,2916,24
23105,3846,1477,2,9,10,1215,25
23106,3846,1477,10,2,2,290,4
23107,3847,1477,3,11,7,880,7
23108,3847,1477,10,1,1,176,15
23109,3847,1477,4,6,6,786,3
23110,3847,1477,2,18,17,2052,20
23111,3847,1477,2,8,6,752,21
23112,3847,1477,2,15,16,1965,17
23113,3848,1477,10,18,22,2682,15
23114,3848,1477,2,14,19,2282,14
23115,3848,1477,6,3,3,441,36
23116,3848,1477,2,11,15,1848,44
23117,3848,1477,10,6,6,756,10
23118,3849,1478,8,19,20,2413,18
23119,3849,1478,2,8,11,1384,3
23120,3849,1478,10,12,10,1224,38
23121,3849,1478,10,10,11,1370,12
23122,3849,1478,6,7,8,1071,2
23123,3850,1478,4,6,6,726,11
23124,3850,1478,9,9,7,927,57
23125,3850,1478,10,8,11,1320,63
23126,3850,1478,7,3,2,318,12
23127,3850,1478,3,16,14,1696,18
23128,3851,1478,7,19,21,2622,28
23129,3851,1478,5,16,11,1376,28
23130,3851,1478,7,20,26,3160,22
23131,3851,1478,5,9,9,1134,6
23132,3851,1478,9,5,3,415,11
23133,3851,1478,6,16,23,2848,20
23134,3851,1478,5,18,17,2070,22
23135,3852,1478,1,16,22,2752,15
23136,3852,1478,1,17,13,1598,27
23137,3852,1478,10,1,1,144,61
23138,3852,1478,1,17,15,1853,12
23139,3852,1478,10,4,4,500,37
23140,3852,1478,2,6,6,810,29
23141,3853,1478,3,19,23,2850,60
23142,3853,1478,3,2,2,246,12
23143,3853,1478,7,15,19,2280,64
23144,3853,1478,10,17,21,2550,19
23145,3853,1478,2,14,12,1470,45
23146,3853,1478,5,12,16,2028,28
23147,3853,1478,1,2,2,318,43
23148,3853,1478,11,13,13,1573,62
23149,3854,1478,4,5,6,780,82
23150,3854,1478,12,14,16,2016,70
23151,3854,1478,7,20,24,2920,48
23152,3854,1478,1,12,16,1920,13
23153,3855,1478,6,18,13,1602,53
23154,3855,1478,6,4,5,712,60
23155,3855,1478,10,7,5,658,33
23156,3855,1478,7,9,7,855,43
23157,3855,1478,2,10,12,1460,13
23158,3855,1478,1,2,1,206,55
23159,3855,1478,10,17,21,2618,23
23160,3856,1478,1,20,18,2200,12
23161,3856,1478,3,10,7,880,17
23162,3856,1478,1,14,18,2170,11
23163,3856,1478,6,2,2,280,3
23164,3856,1478,7,3,4,540,12
23165,3856,1478,7,2,2,342,9
23166,3856,1478,3,15,12,1440,3
23167,3856,1478,1,15,12,1470,17
23168,3857,1478,9,20,23,2780,80
23169,3857,1478,7,2,1,208,48
23170,3857,1478,2,4,2,352,54
23171,3857,1478,10,20,24,2880,55
23172,3857,1478,1,16,21,2592,67
23173,3858,1478,1,1,1,127,46
23174,3858,1478,6,11,15,1914,16
23175,3858,1478,1,12,16,2028,1
23176,3858,1478,4,12,14,1752,2
23177,3858,1478,2,5,5,640,52
23178,3859,1479,2,5,7,870,39
23179,3859,1479,7,9,10,1242,35
23180,3859,1479,2,6,6,726,57
23181,3859,1479,3,5,4,560,53
23182,3859,1479,6,17,16,1955,8
23183,3859,1479,1,11,8,1078,53
23184,3859,1479,1,6,4,522,37
23185,3860,1479,2,16,12,1504,7
23186,3860,1479,1,8,6,728,41
23187,3860,1479,2,3,2,297,8
23188,3860,1479,9,9,6,756,71
23189,3860,1479,1,7,10,1260,58
23190,3860,1479,3,3,3,369,65
23191,3861,1479,1,6,7,954,7
23192,3861,1479,1,3,2,333,15
23193,3861,1479,1,8,7,928,8
23194,3861,1479,1,13,18,2275,8
23195,3861,1479,3,4,3,396,14
23196,3861,1479,4,16,10,1312,15
23197,3862,1479,8,17,14,1734,17
23198,3862,1479,5,8,6,728,20
23199,3862,1479,2,14,17,2072,12
23200,3862,1479,12,2,1,228,2
23201,3862,1479,1,18,12,1458,43
23202,3862,1479,4,9,11,1404,33
23203,3863,1479,2,12,10,1296,9
23204,3863,1479,7,19,19,2356,16
23205,3863,1479,2,11,8,979,7
23206,3863,1479,6,2,1,184,7
23207,3863,1479,1,5,3,455,1
23208,3863,1479,4,1,1,174,8
23209,3863,1479,11,10,11,1380,5
23210,3864,1479,8,5,4,590,52
23211,3864,1479,8,8,11,1432,40
23212,3864,1479,5,3,3,453,38
23213,3864,1479,5,14,18,2226,29
23214,3865,1479,10,12,8,960,2
23215,3865,1479,2,17,22,2686,8
23216,3865,1479,3,7,7,868,4
23217,3865,1479,6,17,18,2278,11
23218,3865,1479,2,20,22,2660,2
23219,3865,1479,3,2,1,206,8
23220,3865,1479,11,15,22,2670,15
23221,3865,1479,2,19,14,1691,2
23222,3866,1479,8,9,11,1323,28
23223,3866,1479,2,14,16,1974,1
23224,3866,1479,1,8,11,1328,64
23225,3866,1479,3,14,14,1778,68
23226,3866,1479,7,20,28,3420,41
23227,3867,1479,6,7,8,1057,42
23228,3867,1479,7,11,9,1133,48
23229,3867,1479,1,19,21,2603,28
23230,3867,1479,3,9,13,1584,24
23231,3867,1479,9,2,2,278,6
23232,3867,1479,6,2,2,264,18
23233,3867,1479,2,2,1,170,10
23234,3868,1480,6,13,13,1664,33
23235,3868,1480,10,12,8,1068,5
23236,3868,1480,12,19,18,2242,30
23237,3868,1480,1,19,27,3306,19
23238,3868,1480,11,15,17,2115,25
23239,3868,1480,1,6,6,810,33
23240,3869,1480,6,1,1,168,1
23241,3869,1480,1,8,9,1120,28
23242,3869,1480,3,14,9,1162,24
23243,3869,1480,1,3,2,327,25
23244,3869,1480,2,11,14,1727,12
23245,3869,1480,2,9,11,1368,39
23246,3870,1480,1,10,10,1310,9
23247,3870,1480,7,6,8,1050,44
23248,3870,1480,2,11,15,1859,54
23249,3870,1480,11,6,5,666,9
23250,3870,1480,5,8,6,752,35
23251,3870,1480,8,12,12,1548,5
23252,3871,1480,1,7,6,777,40
23253,3871,1480,1,9,12,1467,57
23254,3871,1480,6,14,9,1148,58
23255,3871,1480,3,11,14,1782,2
23256,3871,1480,2,12,11,1428,33
23257,3871,1480,3,7,9,1085,3
23258,3871,1480,11,1,1,174,11
23259,3871,1480,7,2,2,288,53
23260,3872,1480,7,14,13,1610,13
23261,3872,1480,2,6,5,714,19
23262,3872,1480,2,3,3,447,6
23263,3872,1480,10,16,16,1936,25
23264,3873,1480,10,4,3,472,41
23265,3873,1480,1,10,11,1430,41
23266,3873,1480,1,12,13,1668,18
23267,3873,1480,6,13,18,2262,17
23268,3873,1480,3,7,7,945,26
23269,3873,1480,1,3,3,414,26
23270,3873,1480,1,16,10,1296,11
23271,3874,1480,6,2,1,224,68
23272,3874,1480,6,13,9,1157,13
23273,3874,1480,1,6,5,684,58
23274,3874,1480,6,18,23,2844,16
23275,3874,1480,2,14,14,1736,31
23276,3874,1480,7,13,9,1170,23
23277,3875,1480,7,2,1,198,19
23278,3875,1480,4,12,12,1500,10
23279,3875,1480,8,4,4,552,6
23280,3875,1480,3,8,5,712,5
23281,3876,1481,3,3,2,267,31
23282,3876,1481,2,14,10,1218,10
23283,3876,1481,7,16,11,1408,20
23284,3876,1481,1,5,3,415,47
23285,3876,1481,10,13,17,2080,13
23286,3876,1481,1,15,20,2490,36
23287,3877,1481,10,4,6,720,17
23288,3877,1481,2,14,15,1848,41
23289,3877,1481,6,2,2,348,1
23290,3877,1481,11,17,18,2193,29
23291,3877,1481,5,1,1,83,5
23292,3877,1481,8,8,7,840,3
23293,3877,1481,1,20,13,1620,12
23294,3877,1481,2,11,8,1001,4
23295,3878,1481,6,7,9,1099,7
23296,3878,1481,10,12,11,1428,3
23297,3878,1481,2,13,10,1313,53
23298,3878,1481,5,11,14,1705,48
23299,3879,1481,1,18,22,2736,45
23300,3879,1481,11,15,16,1995,77
23301,3879,1481,6,1,1,153,35
23302,3879,1481,1,17,18,2193,29
23303,3879,1481,1,12,15,1836,7
23304,3879,1481,2,16,23,2848,75
23305,3880,1481,2,3,2,330,18
23306,3880,1481,6,9,7,927,67
23307,3880,1481,3,16,17,2128,42
23308,3880,1481,1,4,5,696,39
23309,3880,1481,1,2,1,164,64
23310,3881,1481,2,12,10,1212,25
23311,3881,1481,3,13,14,1794,28
23312,3881,1481,11,19,14,1786,30
23313,3881,1481,7,1,1,117,16
23314,3882,1481,12,17,18,2227,23
23315,3882,1481,2,20,17,2040,7
23316,3882,1481,1,13,9,1170,22
23317,3882,1481,1,15,21,2595,21
23318,3882,1481,5,5,4,595,9
23319,3882,1481,5,11,12,1485,9
23320,3882,1481,1,10,8,1050,20
23321,3883,1481,10,20,15,1860,45
23322,3883,1481,1,3,3,384,12
23323,3883,1481,2,10,14,1710,66
23324,3883,1481,8,15,21,2520,10
23325,3883,1481,10,19,19,2318,43
23326,3883,1481,10,9,9,1152,24
23327,3884,1481,8,7,8,1001,4
23328,3884,1481,9,20,17,2080,5
23329,3884,1481,10,13,14,1742,12
23330,3884,1481,10,14,16,2016,12
23331,3885,1481,7,10,7,850,4
23332,3885,1481,6,7,7,917,14
23333,3885,1481,6,9,12,1557,14
23334,3885,1481,5,6,5,690,14
23335,3885,1481,3,9,12,1440,12
23336,3885,1481,1,19,24,2888,15
23337,3886,1482,2,20,18,2260,57
23338,3886,1482,10,5,4,550,43
23339,3886,1482,1,9,11,1323,68
23340,3886,1482,7,16,21,2592,13
23341,3886,1482,6,13,11,1417,12
23342,3887,1482,5,3,3,387,33
23343,3887,1482,2,4,3,396,20
23344,3887,1482,2,2,2,322,8
23345,3887,1482,2,15,20,2430,13
23346,3888,1482,6,20,15,1800,21
23347,3888,1482,6,9,7,927,37
23348,3888,1482,10,18,23,2808,19
23349,3888,1482,2,5,6,775,40
23350,3888,1482,4,15,12,1515,48
23351,3889,1482,1,16,23,2800,3
23352,3889,1482,8,15,15,1845,18
23353,3889,1482,8,11,8,968,26
23354,3889,1482,11,20,13,1640,60
23355,3889,1482,1,15,21,2625,28
23356,3889,1482,5,9,11,1413,41
23357,3889,1482,10,7,9,1169,33
23358,3890,1482,6,6,8,1038,47
23359,3890,1482,10,15,19,2295,6
23360,3890,1482,1,12,8,1032,37
23361,3890,1482,2,18,16,1998,10
23362,3890,1482,2,13,15,1833,25
23363,3890,1482,2,14,17,2072,56
23364,3891,1482,2,13,15,1807,53
23365,3891,1482,7,13,18,2275,47
23366,3891,1482,2,2,2,250,35
23367,3891,1482,1,20,14,1680,40
23368,3891,1482,6,15,10,1290,48
23369,3891,1482,10,14,17,2044,14
23370,3891,1482,1,15,13,1605,44
23371,3891,1482,7,19,27,3344,19
23372,3892,1483,7,8,10,1288,20
23373,3892,1483,6,4,2,344,37
23374,3892,1483,6,13,18,2223,27
23375,3892,1483,6,9,10,1224,37
23376,3892,1483,6,1,1,138,46
23377,3892,1483,1,1,1,168,50
23378,3893,1483,4,12,16,2004,3
23379,3893,1483,1,6,7,912,33
23380,3893,1483,1,20,22,2640,21
23381,3893,1483,10,19,13,1596,19
23382,3893,1483,1,3,4,501,25
23383,3893,1483,9,17,17,2057,6
23384,3894,1483,4,5,3,400,67
23385,3894,1483,6,20,15,1860,65
23386,3894,1483,5,14,10,1260,56
23387,3894,1483,2,13,16,2028,29
23388,3894,1483,10,18,25,3096,17
23389,3894,1483,1,3,2,285,44
23390,3895,1483,1,15,20,2445,69
23391,3895,1483,7,2,2,296,32
23392,3895,1483,1,1,1,141,47
23393,3895,1483,2,16,12,1456,37
23394,3895,1483,1,16,17,2096,77
23395,3895,1483,9,8,9,1080,22
23396,3896,1483,2,5,5,690,35
23397,3896,1483,8,17,17,2091,23
23398,3896,1483,3,19,15,1824,25
23399,3896,1483,12,5,5,710,30
23400,3896,1483,7,7,4,574,44
23401,3897,1483,2,14,14,1764,3
23402,3897,1483,4,15,15,1905,23
23403,3897,1483,11,16,14,1728,37
23404,3897,1483,6,5,6,810,3
23405,3898,1483,11,15,11,1350,33
23406,3898,1483,5,15,14,1680,39
23407,3898,1483,2,6,5,642,8
23408,3898,1483,10,4,2,352,18
23409,3898,1483,1,16,14,1776,7
23410,3898,1483,8,4,5,680,45
23411,3898,1483,6,15,15,1860,49
23412,3899,1483,3,16,10,1312,35
23413,3899,1483,11,14,18,2170,72
23414,3899,1483,11,14,12,1498,38
23415,3899,1483,5,13,13,1586,33
23416,3899,1483,3,5,4,480,27
23417,3900,1483,7,11,14,1738,8
23418,3900,1483,5,18,21,2574,2
23419,3900,1483,2,14,16,1988,14
23420,3900,1483,4,6,4,492,7
23421,3901,1484,1,6,6,816,36
23422,3901,1484,1,3,2,243,36
23423,3901,1484,5,15,21,2550,4
23424,3901,1484,1,9,8,1071,34
23425,3901,1484,6,2,2,344,30
23426,3902,1484,10,8,7,936,45
23427,3902,1484,1,11,9,1188,41
23428,3902,1484,6,18,25,3114,41
23429,3902,1484,7,17,23,2822,25
23430,3902,1484,5,19,12,1539,45
23431,3902,1484,1,6,6,786,66
23432,3902,1484,3,16,17,2048,48
23433,3902,1484,3,1,1,131,1
23434,3903,1484,2,10,14,1780,6
23435,3903,1484,7,1,1,160,56
23436,3903,1484,6,8,10,1264,18
23437,3903,1484,2,9,11,1350,35
23438,3904,1484,6,17,14,1768,31
23439,3904,1484,6,15,14,1710,11
23440,3904,1484,5,9,7,909,34
23441,3904,1484,9,3,3,408,41
23442,3904,1484,4,12,13,1608,22
23443,3905,1484,7,14,18,2170,45
23444,3905,1484,1,3,3,387,22
23445,3905,1484,10,14,12,1540,25
23446,3905,1484,4,2,2,250,11
23447,3905,1484,2,15,22,2655,39
23448,3905,1484,10,3,3,408,3
23449,3905,1484,2,10,12,1530,24
23450,3905,1484,1,16,17,2048,6
23451,3906,1484,1,6,8,966,43
23452,3906,1484,3,9,7,918,28
23453,3906,1484,6,11,8,979,38
23454,3906,1484,6,15,16,2025,9
23455,3906,1484,1,5,5,650,27
23456,3907,1484,2,16,10,1280,22
23457,3907,1484,6,4,5,700,31
23458,3907,1484,4,16,17,2112,27
23459,3907,1484,6,10,8,1030,36
23460,3908,1484,1,17,15,1870,23
23461,3908,1484,3,16,23,2784,14
23462,3908,1484,3,3,3,456,6
23463,3908,1484,9,5,3,400,26
23464,3908,1484,1,12,11,1416,2
23465,3909,1485,6,2,1,176,11
23466,3909,1485,1,18,15,1818,54
23467,3909,1485,2,11,8,990,18
23468,3909,1485,5,15,18,2250,25
23469,3909,1485,10,17,24,2975,10
23470,3910,1485,1,13,11,1417,78
23471,3910,1485,3,20,13,1620,26
23472,3910,1485,2,12,17,2076,22
23473,3910,1485,6,15,10,1290,77
23474,3910,1485,3,1,1,90,60
23475,3910,1485,3,16,14,1760,28
23476,3910,1485,5,7,5,707,75
23477,3911,1485,10,4,3,376,32
23478,3911,1485,1,18,16,1998,30
23479,3911,1485,2,18,23,2826,36
23480,3911,1485,10,5,5,685,66
23481,3911,1485,11,18,13,1620,54
23482,3911,1485,10,10,10,1250,30
23483,3911,1485,3,14,10,1316,33
23484,3912,1485,1,8,9,1136,39
23485,3912,1485,12,12,14,1776,64
23486,3912,1485,1,14,16,2002,13
23487,3912,1485,2,5,4,505,58
23488,3913,1485,6,20,22,2740,21
23489,3913,1485,3,11,15,1881,20
23490,3913,1485,1,14,14,1792,29
23491,3913,1485,10,6,5,684,40
23492,3914,1485,4,11,10,1243,10
23493,3914,1485,1,19,23,2850,41
23494,3914,1485,6,1,1,153,32
23495,3914,1485,4,17,14,1768,34
23496,3914,1485,5,19,16,1957,45
23497,3914,1485,2,17,12,1496,6
23498,3915,1485,1,7,8,1043,10
23499,3915,1485,4,15,17,2055,32
23500,3915,1485,5,16,14,1680,8
23501,3915,1485,11,11,7,891,15
23502,3915,1485,2,16,15,1808,16
23503,3915,1485,2,19,26,3211,22
23504,3915,1485,10,1,1,163,13
23505,3916,1485,9,13,11,1404,1
23506,3916,1485,10,1,1,139,38
23507,3916,1485,1,17,20,2448,65
23508,3916,1485,5,13,14,1703,31
23509,3916,1485,1,17,15,1802,51
23510,3916,1485,3,14,19,2324,26
23511,3916,1485,2,2,1,222,38
23512,3916,1485,10,9,9,1161,60
23513,3917,1485,2,1,1,161,14
23514,3917,1485,3,9,11,1359,2
23515,3917,1485,1,7,6,819,7
23516,3917,1485,7,1,1,135,20
23517,3917,1485,10,1,1,180,8
23518,3917,1485,2,12,12,1536,9
23519,3917,1485,7,13,14,1781,6
23520,3918,1485,1,6,4,558,1
23521,3918,1485,1,5,5,675,7
23522,3918,1485,1,3,2,333,2
23523,3918,1485,5,14,11,1400,13
23524,3918,1485,6,6,7,942,5
23525,3918,1485,1,19,14,1767,6
23526,3918,1485,1,14,15,1904,12
23527,3918,1485,2,8,9,1192,7
23528,3919,1486,3,20,24,2880,32
23529,3919,1486,6,8,7,944,26
23530,3919,1486,5,20,30,3600,16
23531,3919,1486,6,18,26,3222,22
23532,3919,1486,10,5,3,470,17
23533,3919,1486,10,19,28,3420,21
23534,3920,1486,3,7,8,1050,27
23535,3920,1486,9,2,2,356,32
23536,3920,1486,10,18,19,2286,34
23537,3920,1486,3,5,6,730,74
23538,3920,1486,9,20,27,3300,33
23539,3920,1486,8,4,3,380,35
23540,3920,1486,7,17,17,2108,49
23541,3920,1486,1,16,19,2320,4
23542,3921,1486,8,19,25,3078,48
23543,3921,1486,9,1,1,99,38
23544,3921,1486,1,17,24,2992,6
23545,3921,1486,5,9,6,756,30
23546,3922,1486,5,18,15,1908,5
23547,3922,1486,5,1,1,84,32
23548,3922,1486,6,12,16,2004,32
23549,3922,1486,2,16,14,1776,13
23550,3922,1486,6,17,19,2329,7
23551,3922,1486,2,2,2,310,26
23552,3923,1486,2,6,5,612,4
23553,3923,1486,1,12,11,1416,37
23554,3923,1486,1,4,3,444,64
23555,3923,1486,8,16,22,2720,61
23556,3923,1486,3,8,6,736,13
23557,3923,1486,6,3,4,534,32
23558,3924,1486,8,8,5,656,56
23559,3924,1486,3,3,2,318,30
23560,3924,1486,5,8,11,1360,37
23561,3924,1486,7,8,10,1312,10
23562,3925,1486,1,6,5,714,3
23563,3925,1486,2,5,6,780,43
23564,3925,1486,1,17,21,2635,22
23565,3925,1486,6,10,7,860,18
23566,3925,1486,4,16,18,2256,38
23567,3925,1486,2,6,8,1062,4
23568,3925,1486,4,5,6,745,45
23569,3926,1486,10,9,9,1188,19
23570,3926,1486,2,9,10,1287,4
23571,3926,1486,1,13,17,2119,17
23572,3926,1486,3,7,7,924,18
23573,3926,1486,1,17,12,1496,24
23574,3926,1486,1,7,9,1155,3
23575,3926,1486,10,11,9,1100,22
23576,3926,1486,7,3,3,366,14
23577,3927,1486,1,5,4,545,36
23578,3927,1486,1,20,16,2020,50
23579,3927,1486,2,16,17,2064,78
23580,3927,1486,3,2,1,222,2
23581,3927,1486,1,17,17,2091,3
23582,3928,1487,6,11,15,1815,64
23583,3928,1487,3,4,3,452,28
23584,3928,1487,6,14,17,2128,13
23585,3928,1487,10,3,3,363,11
23586,3929,1487,11,10,9,1170,10
23587,3929,1487,3,16,15,1808,3
23588,3929,1487,1,20,23,2840,29
23589,3929,1487,2,13,17,2054,19
23590,3929,1487,8,10,14,1710,14
23591,3929,1487,8,20,14,1740,26
23592,3930,1487,1,6,8,1062,40
23593,3930,1487,5,14,12,1470,14
23594,3930,1487,6,3,2,330,35
23595,3930,1487,1,18,13,1638,25
23596,3930,1487,1,4,4,540,3
23597,3931,1487,2,14,13,1666,55
23598,3931,1487,8,1,1,107,58
23599,3931,1487,3,10,6,800,47
23600,3931,1487,3,19,21,2603,11
23601,3931,1487,1,15,12,1545,16
23602,3931,1487,6,5,3,465,3
23603,3931,1487,3,13,19,2314,52
23604,3932,1487,1,3,3,393,3
23605,3932,1487,7,20,22,2660,17
23606,3932,1487,3,3,3,393,21
23607,3932,1487,1,9,8,990,52
23608,3932,1487,2,20,26,3140,44
23609,3932,1487,2,17,11,1377,21
23610,3932,1487,10,3,3,435,6
23611,3933,1487,10,16,18,2208,5
23612,3933,1487,6,13,11,1352,24
23613,3933,1487,6,5,4,530,57
23614,3933,1487,1,7,7,868,15
23615,3933,1487,10,5,7,870,30
23616,3933,1487,7,11,16,1969,39
23617,3933,1487,2,8,6,824,37
23618,3933,1487,1,13,12,1443,18
23619,3934,1487,5,5,6,830,25
23620,3934,1487,5,6,7,840,1
23621,3934,1487,11,17,18,2244,24
23622,3934,1487,10,6,4,528,15
23623,3934,1487,3,17,12,1445,25
23624,3934,1487,1,8,10,1288,6
23625,3934,1487,7,16,15,1824,9
23626,3935,1487,5,19,24,2964,71
23627,3935,1487,5,13,18,2275,72
23628,3935,1487,6,8,10,1304,40
23629,3935,1487,4,10,8,1010,54
23630,3935,1487,1,12,17,2064,3
23631,3935,1487,2,4,5,604,42
23632,3936,1487,3,4,2,328,36
23633,3936,1487,10,17,20,2482,16
23634,3936,1487,2,19,13,1634,39
23635,3936,1487,1,20,20,2480,21
23636,3936,1487,2,13,18,2275,50
23637,3936,1487,1,7,7,840,10
23638,3937,1488,2,18,26,3150,12
23639,3937,1488,2,4,5,672,4
23640,3937,1488,10,14,11,1358,22
23641,3937,1488,1,13,16,1950,3
23642,3938,1488,3,4,5,700,49
23643,3938,1488,2,7,8,987,25
23644,3938,1488,6,5,4,530,38
23645,3938,1488,1,20,14,1740,3
23646,3938,1488,1,9,10,1287,54
23647,3939,1488,11,20,16,2000,56
23648,3939,1488,4,18,26,3168,60
23649,3939,1488,9,8,5,680,6
23650,3939,1488,6,11,9,1111,28
23651,3939,1488,10,13,11,1352,15
23652,3939,1488,2,9,12,1440,53
23653,3940,1488,1,12,12,1524,11
23654,3940,1488,1,19,25,3097,13
23655,3940,1488,4,16,19,2288,14
23656,3940,1488,1,9,12,1548,25
23657,3940,1488,7,17,12,1479,25
23658,3941,1488,8,1,1,160,1
23659,3941,1488,10,5,3,475,12
23660,3941,1488,1,12,14,1764,28
23661,3941,1488,1,8,11,1384,35
23662,3942,1488,1,9,12,1530,67
23663,3942,1488,8,20,14,1740,39
23664,3942,1488,2,11,9,1133,53
23665,3942,1488,2,13,12,1495,47
23666,3942,1488,3,5,7,840,53
23667,3943,1488,6,9,6,765,12
23668,3943,1488,2,5,5,710,8
23669,3943,1488,1,12,8,1032,23
23670,3943,1488,8,12,12,1536,23
23671,3943,1488,1,7,10,1253,21
23672,3943,1488,5,16,17,2128,6
23673,3943,1488,1,5,4,495,17
23674,3943,1488,4,20,21,2560,21
23675,3944,1488,2,16,20,2496,49
23676,3944,1488,3,20,19,2340,32
23677,3944,1488,2,20,30,3600,46
23678,3944,1488,10,4,3,436,39
23679,3944,1488,3,11,14,1716,40
23680,3945,1489,8,16,21,2592,30
23681,3945,1489,3,12,10,1236,64
23682,3945,1489,1,2,2,326,7
23683,3945,1489,8,14,11,1358,62
23684,3945,1489,10,5,6,805,59
23685,3945,1489,1,8,8,968,52
23686,3945,1489,6,9,10,1278,9
23687,3946,1489,3,2,2,280,27
23688,3946,1489,10,4,5,664,33
23689,3946,1489,10,16,14,1792,2
23690,3946,1489,1,17,15,1887,21
23691,3946,1489,3,2,1,204,14
23692,3947,1489,6,17,18,2278,8
23693,3947,1489,1,17,21,2533,22
23694,3947,1489,5,2,2,258,22
23695,3947,1489,3,8,7,872,24
23696,3948,1489,7,2,2,324,63
23697,3948,1489,1,9,6,801,45
23698,3948,1489,7,14,21,2520,21
23699,3948,1489,4,8,9,1080,19
23700,3948,1489,9,7,4,581,47
23701,3948,1489,11,16,16,1936,4
23702,3949,1489,2,11,11,1320,21
23703,3949,1489,2,20,13,1620,10
23704,3949,1489,4,14,12,1512,19
23705,3949,1489,1,12,16,2016,14
23706,3949,1489,2,19,19,2318,6
23707,3949,1489,3,12,15,1872,2
23708,3949,1489,2,9,7,864,1
23709,3950,1489,10,13,9,1157,16
23710,3950,1489,1,1,1,132,42
23711,3950,1489,1,19,19,2280,25
23712,3950,1489,3,7,5,637,51
23713,3950,1489,5,9,7,882,50
23714,3950,1489,1,16,19,2368,39
23715,3950,1489,1,13,16,1976,44
23716,3951,1489,10,12,11,1404,7
23717,3951,1489,4,6,7,906,12
23718,3951,1489,7,6,7,930,9
23719,3951,1489,1,18,12,1512,1
23720,3951,1489,1,10,7,920,6
23721,3951,1489,3,2,1,212,11
23722,3952,1490,2,20,20,2400,33
23723,3952,1490,11,2,1,178,13
23724,3952,1490,1,9,8,1062,32
23725,3952,1490,1,19,23,2850,17
23726,3952,1490,3,20,23,2800,42
23727,3952,1490,2,14,18,2240,45
23728,3952,1490,2,4,3,408,45
23729,3952,1490,6,12,12,1524,11
23730,3953,1490,1,10,12,1440,1
23731,3953,1490,1,2,1,218,6
23732,3953,1490,12,9,12,1467,33
23733,3953,1490,10,1,1,116,6
23734,3953,1490,8,15,21,2595,29
23735,3953,1490,5,13,12,1443,2
23736,3953,1490,3,3,3,441,2
23737,3954,1490,2,17,25,3026,6
23738,3954,1490,2,8,8,960,58
23739,3954,1490,11,20,22,2740,13
23740,3954,1490,11,7,7,868,47
23741,3954,1490,1,11,11,1386,52
23742,3954,1490,1,3,3,372,47
23743,3954,1490,3,20,16,2020,41
23744,3955,1490,1,1,1,153,19
23745,3955,1490,1,13,13,1638,83
23746,3955,1490,5,8,10,1312,65
23747,3955,1490,1,9,8,1044,77
23748,3955,1490,1,18,23,2826,45
23749,3955,1490,2,20,15,1880,67
23750,3956,1490,7,16,23,2768,18
23751,3956,1490,7,4,3,404,5
23752,3956,1490,1,19,19,2394,21
23753,3956,1490,6,11,14,1793,14
23754,3956,1490,2,2,1,162,12
23755,3957,1490,8,2,1,228,27
23756,3957,1490,5,17,18,2176,17
23757,3957,1490,6,11,12,1496,3
23758,3957,1490,6,14,16,2016,9
23759,3958,1490,6,8,5,640,70
23760,3958,1490,1,3,3,465,56
23761,3958,1490,3,8,10,1280,62
23762,3958,1490,1,5,6,800,49
23763,3958,1490,1,15,12,1545,62
23764,3958,1490,1,4,3,468,4
23765,3958,1490,5,1,1,162,64
23766,3958,1490,1,11,8,990,59
23767,3959,1490,6,13,9,1157,4
23768,3959,1490,10,5,5,710,57
23769,3959,1490,6,18,21,2610,44
23770,3959,1490,2,19,21,2565,12
23771,3960,1491,3,5,7,895,66
23772,3960,1491,2,15,19,2355,54
23773,3960,1491,7,4,3,388,2
23774,3960,1491,8,16,20,2448,47
23775,3961,1491,10,6,4,558,35
23776,3961,1491,1,3,4,498,70
23777,3961,1491,2,20,23,2800,7
23778,3961,1491,1,10,6,820,32
23779,3961,1491,6,15,12,1545,24
23780,3961,1491,2,6,8,990,12
23781,3961,1491,10,11,10,1298,28
23782,3961,1491,5,1,1,138,17
23783,3962,1491,3,15,22,2670,78
23784,3962,1491,5,4,3,464,56
23785,3962,1491,5,14,20,2408,33
23786,3962,1491,6,6,4,594,55
23787,3962,1491,9,9,7,918,14
23788,3963,1491,7,2,1,184,17
23789,3963,1491,12,14,10,1288,10
23790,3963,1491,3,8,11,1392,2
23791,3963,1491,2,14,11,1344,28
23792,3963,1491,1,16,24,2880,6
23793,3963,1491,6,11,9,1166,34
23794,3964,1491,5,19,19,2375,74
23795,3964,1491,2,13,16,2028,50
23796,3964,1491,1,5,4,590,2
23797,3964,1491,2,2,2,348,57
23798,3965,1491,1,17,22,2754,58
23799,3965,1491,7,9,6,774,62
23800,3965,1491,6,20,25,3100,10
23801,3965,1491,7,4,4,504,46
23802,3965,1491,1,1,1,95,46
23803,3965,1491,6,15,13,1560,52
23804,3965,1491,10,8,8,968,4
23805,3966,1491,6,20,16,2000,75
23806,3966,1491,2,12,8,1020,67
23807,3966,1491,3,13,9,1170,1
23808,3966,1491,10,4,5,692,56
23809,3967,1491,1,17,12,1462,12
23810,3967,1491,1,10,8,1010,3
23811,3967,1491,10,11,8,1034,5
23812,3967,1491,1,13,10,1274,14
23813,3967,1491,11,8,7,848,13
23814,3967,1491,2,10,9,1110,14
23815,3967,1491,5,6,4,480,15
23816,3967,1491,2,10,8,980,11
23817,3968,1491,7,19,17,2109,9
23818,3968,1491,8,9,6,810,21
23819,3968,1491,6,17,21,2550,3
23820,3968,1491,7,15,12,1470,36
23821,3968,1491,2,1,1,83,32
23822,3968,1491,1,18,23,2862,21
23823,3969,1491,10,11,8,990,1
23824,3969,1491,7,12,9,1128,23
23825,3969,1491,8,3,3,459,27
23826,3969,1491,11,3,4,528,23
23827,3970,1492,1,12,14,1728,5
23828,3970,1492,1,5,5,600,12
23829,3970,1492,3,15,10,1215,6
23830,3970,1492,5,2,2,274,4
23831,3971,1492,2,5,6,725,54
23832,3971,1492,2,13,10,1274,22
23833,3971,1492,2,17,12,1513,45
23834,3971,1492,7,8,11,1400,27
23835,3972,1492,8,18,12,1512,4
23836,3972,1492,6,15,12,1485,18
23837,3972,1492,10,20,21,2540,58
23838,3972,1492,2,4,3,388,55
23839,3973,1492,2,7,5,651,18
23840,3973,1492,6,1,1,114,21
23841,3973,1492,6,17,16,1921,32
23842,3973,1492,10,15,15,1815,28
23843,3973,1492,1,20,15,1880,19
23844,3973,1492,1,6,8,972,10
23845,3974,1492,8,16,17,2096,26
23846,3974,1492,3,11,14,1760,17
23847,3974,1492,2,4,3,360,2
23848,3974,1492,5,4,3,404,7
23849,3974,1492,2,18,23,2826,8
23850,3974,1492,9,7,7,903,10
23851,3974,1492,6,3,4,498,4
23852,3975,1492,5,3,3,417,56
23853,3975,1492,10,18,25,3114,7
23854,3975,1492,3,10,10,1310,53
23855,3975,1492,12,4,3,432,8
23856,3975,1492,1,8,8,992,50
23857,3975,1492,1,6,4,540,25
23858,3975,1492,10,1,1,131,34
23859,3975,1492,3,5,6,830,4
23860,3976,1492,3,1,1,166,9
23861,3976,1492,7,6,8,1050,12
23862,3976,1492,2,8,5,688,44
23863,3976,1492,3,3,3,378,14
23864,3976,1492,6,12,15,1896,29
23865,3976,1492,1,5,5,635,11
23866,3976,1492,1,8,9,1184,56
23867,3976,1492,11,7,8,1071,79
23868,3977,1492,5,7,8,1008,22
23869,3977,1492,3,4,3,384,24
23870,3977,1492,3,8,7,912,3
23871,3977,1492,10,11,9,1144,16
23872,3977,1492,5,19,25,3078,1
23873,3977,1492,8,6,6,798,22
23874,3977,1492,6,14,15,1834,22
23875,3978,1493,1,2,1,174,13
23876,3978,1493,3,18,22,2682,10
23877,3978,1493,3,5,6,825,20
23878,3978,1493,1,3,2,243,81
23879,3978,1493,7,7,5,714,66
23880,3978,1493,10,3,2,270,9
23881,3978,1493,11,7,9,1106,60
23882,3979,1493,10,14,19,2366,37
23883,3979,1493,10,19,25,3059,38
23884,3979,1493,4,3,2,333,6
23885,3979,1493,8,5,3,410,54
23886,3979,1493,1,6,7,864,31
23887,3979,1493,2,14,18,2254,1
23888,3979,1493,8,4,4,516,36
23889,3979,1493,11,18,16,1926,15
23890,3980,1493,4,6,6,720,33
23891,3980,1493,10,17,13,1598,6
23892,3980,1493,6,5,5,615,12
23893,3980,1493,4,14,18,2254,7
23894,3980,1493,1,13,9,1092,27
23895,3980,1493,6,10,14,1730,12
23896,3980,1493,2,18,20,2430,18
23897,3981,1493,1,3,2,315,45
23898,3981,1493,5,10,8,1010,36
23899,3981,1493,10,7,6,763,13
23900,3981,1493,1,15,13,1590,30
23901,3981,1493,10,7,6,833,32
23902,3981,1493,2,9,9,1152,20
23903,3981,1493,1,7,4,567,23
23904,3981,1493,9,12,16,1944,20
23905,3982,1493,1,5,6,730,7
23906,3982,1493,2,20,26,3200,9
23907,3982,1493,3,3,2,261,22
23908,3982,1493,3,4,3,460,2
23909,3983,1493,3,4,3,388,15
23910,3983,1493,2,15,19,2295,7
23911,3983,1493,8,1,1,161,13
23912,3983,1493,1,13,14,1781,24
23913,3983,1493,10,20,13,1620,26
23914,3983,1493,1,16,10,1296,37
23915,3983,1493,11,17,18,2193,29
23916,3984,1494,7,3,3,393,12
23917,3984,1494,7,12,12,1440,24
23918,3984,1494,10,16,22,2672,15
23919,3984,1494,2,9,11,1359,4
23920,3984,1494,10,13,9,1105,22
23921,3985,1494,7,12,13,1584,14
23922,3985,1494,1,14,11,1428,15
23923,3985,1494,6,12,11,1368,21
23924,3985,1494,6,7,5,609,10
23925,3985,1494,1,14,20,2436,26
23926,3986,1494,1,16,23,2784,1
23927,3986,1494,2,7,9,1155,74
23928,3986,1494,2,9,6,837,13
23929,3986,1494,3,9,8,1053,79
23930,3987,1494,2,14,9,1190,15
23931,3987,1494,2,20,15,1880,4
23932,3987,1494,8,1,1,87,1
23933,3987,1494,1,5,7,875,18
23934,3987,1494,1,15,10,1260,5
23935,3988,1494,1,18,16,1962,47
23936,3988,1494,3,2,1,236,29
23937,3988,1494,7,19,25,3059,45
23938,3988,1494,1,11,10,1265,9
23939,3989,1494,5,15,22,2700,4
23940,3989,1494,1,12,8,1032,4
23941,3989,1494,1,7,5,679,16
23942,3989,1494,1,8,6,792,1
23943,3989,1494,6,10,10,1290,13
23944,3989,1494,6,4,3,388,20
23945,3990,1494,10,13,16,1989,31
23946,3990,1494,1,16,22,2704,5
23947,3990,1494,11,5,5,665,32
23948,3990,1494,10,5,3,450,18
23949,3991,1494,7,11,7,924,22
23950,3991,1494,10,4,5,656,46
23951,3991,1494,5,4,5,600,49
23952,3991,1494,1,8,7,952,58
23953,3991,1494,1,13,17,2080,12
23954,3991,1494,6,15,19,2295,54
23955,3992,1494,11,19,28,3382,46
23956,3992,1494,10,16,14,1712,57
23957,3992,1494,5,6,6,786,46
23958,3992,1494,6,4,3,380,62
23959,3992,1494,6,13,11,1352,73
23960,3992,1494,1,16,20,2496,23
23961,3993,1494,4,8,7,920,2
23962,3993,1494,6,12,14,1728,25
23963,3993,1494,1,7,8,1036,2
23964,3993,1494,4,13,17,2041,11
23965,3993,1494,3,5,3,470,1
23966,3993,1494,6,17,19,2346,16
23967,3993,1494,3,10,8,1020,42
23968,3993,1494,2,8,8,960,28
23969,3994,1495,6,2,2,260,3
23970,3994,1495,3,8,5,680,14
23971,3994,1495,2,20,29,3520,15
23972,3994,1495,2,8,10,1200,9
23973,3994,1495,3,7,6,742,5
23974,3994,1495,7,6,5,600,5
23975,3994,1495,7,9,8,1026,3
23976,3994,1495,5,6,5,606,14
23977,3995,1495,10,9,6,720,1
23978,3995,1495,6,3,2,300,24
23979,3995,1495,6,17,18,2261,20
23980,3995,1495,1,1,1,118,20
23981,3995,1495,2,14,19,2282,10
23982,3996,1495,3,7,9,1162,41
23983,3996,1495,1,7,7,931,41
23984,3996,1495,12,3,2,324,25
23985,3996,1495,9,13,11,1404,37
23986,3996,1495,5,17,16,1955,45
23987,3997,1495,1,1,1,151,39
23988,3997,1495,2,3,2,324,24
23989,3997,1495,10,14,11,1344,11
23990,3997,1495,4,17,12,1547,2
23991,3998,1495,1,20,15,1840,47
23992,3998,1495,6,16,17,2080,22
23993,3998,1495,3,10,7,950,4
23994,3998,1495,8,2,1,208,7
23995,3999,1495,8,4,5,700,59
23996,3999,1495,6,18,21,2556,72
23997,3999,1495,7,5,4,545,66
23998,3999,1495,2,10,11,1430,53
23999,4000,1495,11,16,16,1920,5
24000,4000,1495,6,13,11,1365,36
24001,4000,1495,2,1,1,154,35
24002,4000,1495,11,10,8,1020,64
24003,4000,1495,2,16,17,2096,54
24004,4000,1495,2,10,7,940,7
24005,4000,1495,10,4,5,612,22
24006,4001,1495,7,5,4,490,19
24007,4001,1495,1,8,11,1384,70
24008,4001,1495,4,14,15,1918,27
24009,4001,1495,6,10,8,970,75
24010,4001,1495,7,17,16,2023,49
24011,4001,1495,7,5,4,485,32
24012,4002,1496,7,4,5,696,37
24013,4002,1496,7,14,20,2492,48
24014,4002,1496,2,2,1,202,24
24015,4002,1496,3,13,15,1859,28
24016,4002,1496,1,15,18,2220,45
24017,4002,1496,1,7,8,1001,34
24018,4003,1496,3,12,11,1356,9
24019,4003,1496,2,15,12,1485,33
24020,4003,1496,1,4,5,684,36
24021,4003,1496,4,11,15,1914,12
24022,4003,1496,4,12,10,1308,43
24023,4003,1496,1,12,17,2136,34
24024,4003,1496,3,15,19,2340,6
24025,4003,1496,6,9,11,1350,45
24026,4004,1496,9,19,22,2755,5
24027,4004,1496,6,17,18,2210,3
24028,4004,1496,2,4,4,496,38
24029,4004,1496,2,17,17,2074,4
24030,4004,1496,10,18,13,1602,34
24031,4004,1496,1,19,20,2432,37
24032,4004,1496,3,9,12,1458,24
24033,4004,1496,1,15,11,1380,21
24034,4005,1496,8,8,7,872,25
24035,4005,1496,2,9,6,801,16
24036,4005,1496,8,17,14,1734,47
24037,4005,1496,9,4,6,720,36
24038,4005,1496,10,13,18,2262,33
24039,4005,1496,1,5,4,505,34
24040,4006,1496,6,5,6,810,19
24041,4006,1496,1,10,12,1460,57
24042,4006,1496,1,15,14,1785,29
24043,4006,1496,6,10,8,1040,45
24044,4007,1496,2,4,4,592,35
24045,4007,1496,1,18,12,1530,62
24046,4007,1496,1,15,18,2265,7
24047,4007,1496,5,18,19,2340,48
24048,4008,1496,1,16,23,2864,27
24049,4008,1496,1,7,6,819,21
24050,4008,1496,2,7,8,1008,56
24051,4008,1496,1,11,14,1782,41
24052,4008,1496,3,3,3,414,27
24053,4008,1496,6,20,18,2260,22
24054,4009,1496,6,14,10,1302,19
24055,4009,1496,8,8,7,904,34
24056,4009,1496,11,6,4,498,23
24057,4009,1496,5,9,10,1242,1
24058,4010,1496,6,5,4,580,46
24059,4010,1496,2,17,21,2567,19
24060,4010,1496,1,1,1,167,51
24061,4010,1496,7,11,15,1848,2
24062,4011,1496,2,6,5,672,20
24063,4011,1496,11,20,16,1980,38
24064,4011,1496,6,11,15,1804,31
24065,4011,1496,10,20,23,2760,36
24066,4011,1496,2,4,3,388,36
24067,4012,1497,1,6,8,978,6
24068,4012,1497,2,5,4,575,13
24069,4012,1497,7,16,18,2240,11
24070,4012,1497,1,13,18,2223,14
24071,4012,1497,2,8,5,712,16
24072,4012,1497,6,4,3,368,14
24073,4013,1497,1,14,20,2436,44
24074,4013,1497,6,3,4,498,29
24075,4013,1497,3,1,1,80,41
24076,4013,1497,2,18,25,3096,51
24077,4013,1497,1,19,16,1976,28
24078,4013,1497,6,14,15,1806,26
24079,4014,1497,4,20,20,2460,22
24080,4014,1497,5,17,23,2873,13
24081,4014,1497,6,16,12,1520,3
24082,4014,1497,1,11,13,1661,18
24083,4015,1497,6,16,14,1760,19
24084,4015,1497,1,10,6,810,17
24085,4015,1497,4,12,15,1872,9
24086,4015,1497,5,5,7,845,8
24087,4015,1497,2,12,14,1728,35
24088,4015,1497,12,1,1,112,14
24089,4015,1497,1,2,2,298,2
24090,4016,1497,10,19,25,3002,4
24091,4016,1497,1,19,22,2736,35
24092,4016,1497,11,14,14,1694,28
24093,4016,1497,3,7,6,735,48
24094,4016,1497,2,12,15,1860,33
24095,4016,1497,6,2,2,350,45
24096,4016,1497,3,15,15,1815,45
24097,4016,1497,1,15,21,2580,28
24098,4017,1497,2,5,3,400,1
24099,4017,1497,8,11,9,1133,38
24100,4017,1497,2,9,7,900,26
24101,4017,1497,6,6,5,702,44
24102,4017,1497,2,14,10,1316,13
24103,4017,1497,2,13,9,1157,21
24104,4017,1497,2,1,1,93,12
24105,4017,1497,4,17,11,1360,6
24106,4018,1497,5,6,5,696,23
24107,4018,1497,1,18,21,2628,1
24108,4018,1497,3,16,13,1584,11
24109,4018,1497,2,8,10,1224,1
24110,4019,1497,6,6,5,648,13
24111,4019,1497,1,3,2,306,41
24112,4019,1497,1,18,16,1944,29
24113,4019,1497,3,1,1,170,57
24114,4019,1497,6,2,1,168,27
24115,4019,1497,1,6,5,690,81
24116,4020,1497,1,13,11,1430,19
24117,4020,1497,10,3,3,432,3
24118,4020,1497,10,3,4,534,36
24119,4020,1497,10,18,25,3096,40
24120,4020,1497,10,3,3,375,18
24121,4021,1498,7,1,1,171,26
24122,4021,1498,1,9,7,954,68
24123,4021,1498,3,2,1,180,58
24124,4021,1498,3,7,5,658,37
24125,4021,1498,1,15,18,2220,33
24126,4022,1498,6,7,8,987,6
24127,4022,1498,8,19,21,2603,10
24128,4022,1498,2,20,18,2180,12
24129,4022,1498,2,14,11,1372,25
24130,4022,1498,8,10,8,960,24
24131,4023,1498,3,8,5,648,6
24132,4023,1498,8,6,4,498,21
24133,4023,1498,1,9,8,1017,46
24134,4023,1498,6,19,23,2774,18
24135,4023,1498,1,16,20,2400,36
24136,4023,1498,2,3,2,249,8
24137,4023,1498,1,7,8,1071,31
24138,4024,1498,9,13,15,1846,67
24139,4024,1498,2,1,1,127,15
24140,4024,1498,5,20,22,2720,7
24141,4024,1498,1,3,3,381,4
24142,4024,1498,6,2,2,268,21
24143,4024,1498,7,15,12,1515,61
24144,4025,1498,7,17,14,1683,6
24145,4025,1498,1,10,8,1030,8
24146,4025,1498,1,7,4,588,19
24147,4025,1498,10,15,20,2400,2
24148,4025,1498,7,6,6,774,18
24149,4025,1498,7,5,7,885,4
24150,4025,1498,2,9,7,864,7
24151,4026,1498,8,14,20,2408,10
24152,4026,1498,9,5,4,525,38
24153,4026,1498,5,6,7,846,4
24154,4026,1498,1,14,11,1372,40
24155,4026,1498,2,19,22,2679,41
24156,4027,1498,3,7,6,819,47
24157,4027,1498,3,20,14,1700,31
24158,4027,1498,2,5,4,505,29
24159,4027,1498,3,17,20,2465,34
24160,4027,1498,3,10,9,1090,45
24161,4028,1499,1,15,19,2355,31
24162,4028,1499,1,5,6,730,35
24163,4028,1499,2,2,1,228,19
24164,4028,1499,3,12,13,1620,22
24165,4028,1499,5,10,12,1490,41
24166,4028,1499,2,13,18,2275,31
24167,4028,1499,6,2,2,298,40
24168,4028,1499,7,12,13,1572,7
24169,4029,1499,10,16,16,1952,31
24170,4029,1499,8,3,4,480,10
24171,4029,1499,3,4,4,560,4
24172,4029,1499,1,8,11,1432,27
24173,4030,1499,1,9,12,1458,55
24174,4030,1499,3,6,5,600,50
24175,4030,1499,6,17,14,1734,36
24176,4030,1499,1,11,9,1199,23
24177,4031,1499,11,3,4,531,42
24178,4031,1499,11,18,14,1728,5
24179,4031,1499,2,18,18,2250,7
24180,4031,1499,11,14,12,1470,8
24181,4031,1499,4,19,23,2869,15
24182,4032,1499,2,16,11,1376,18
24183,4032,1499,11,16,18,2240,11
24184,4032,1499,6,7,6,819,7
24185,4032,1499,1,10,11,1400,30
24186,4032,1499,8,19,27,3325,9
24187,4032,1499,7,11,11,1386,25
24188,4033,1499,1,16,17,2128,4
24189,4033,1499,6,18,12,1440,2
24190,4033,1499,7,14,12,1540,9
24191,4033,1499,3,8,9,1184,5
24192,4033,1499,5,17,13,1649,11
24193,4033,1499,5,16,19,2368,12
24194,4034,1499,1,10,7,930,50
24195,4034,1499,2,16,21,2592,39
24196,4034,1499,8,1,1,180,18
24197,4034,1499,4,2,2,256,3
24198,4034,1499,8,15,20,2460,39
24199,4034,1499,12,6,5,690,46
24200,4035,1499,1,18,14,1746,1
24201,4035,1499,2,20,14,1720,20
24202,4035,1499,10,18,25,3114,19
24203,4035,1499,9,17,23,2856,37
24204,4035,1499,2,1,1,159,17
24205,4036,1499,8,16,21,2544,32
24206,4036,1499,5,17,14,1683,27
24207,4036,1499,4,14,11,1386,19
24208,4036,1499,2,17,14,1768,5
24209,4036,1499,6,2,2,306,8
24210,4036,1499,6,15,11,1410,18
24211,4036,1499,3,15,10,1260,16
24212,4037,1500,10,19,27,3287,72
24213,4037,1500,6,8,8,968,26
24214,4037,1500,2,5,4,495,80
24215,4037,1500,3,15,15,1815,7
24216,4037,1500,3,16,21,2608,89
24217,4037,1500,6,6,8,1020,83
24218,4038,1500,10,9,7,846,46
24219,4038,1500,8,18,17,2142,24
24220,4038,1500,4,13,10,1300,13
24221,4038,1500,5,7,9,1113,25
24222,4038,1500,4,10,9,1110,17
24223,4038,1500,6,4,5,652,18
24224,4038,1500,2,15,11,1335,32
24225,4038,1500,6,3,3,405,20
24226,4039,1500,1,5,6,800,1
24227,4039,1500,1,7,6,819,15
24228,4039,1500,7,19,18,2242,25
24229,4039,1500,2,19,18,2204,17
24230,4039,1500,2,1,1,118,2
24231,4039,1500,1,15,21,2520,27
24232,4039,1500,10,12,9,1164,3
24233,4040,1500,6,9,12,1503,5
24234,4040,1500,8,11,8,1056,39
24235,4040,1500,6,13,12,1521,20
24236,4040,1500,1,9,6,828,2
24237,4040,1500,11,18,19,2304,31
24238,4040,1500,1,1,1,165,14
24239,4040,1500,1,9,10,1206,24
24240,4040,1500,10,16,19,2352,29
24241,4041,1500,3,11,8,990,37
24242,4041,1500,2,5,6,775,36
24243,4041,1500,10,14,12,1456,12
24244,4041,1500,3,3,2,282,41
24245,4041,1500,1,18,15,1800,42
24246,4041,1500,6,18,21,2628,16
24247,4041,1500,4,9,7,846,27
24248,4042,1500,7,15,10,1200,33
24249,4042,1500,3,6,7,918,23
24250,4042,1500,3,16,16,1952,36
24251,4042,1500,2,8,6,760,38
24252,4042,1500,4,10,9,1110,25
24253,4042,1500,1,4,3,448,8
24254,4042,1500,6,16,13,1632,10
24255,4043,1500,1,17,18,2261,30
24256,4043,1500,8,5,6,735,33
24257,4043,1500,2,16,21,2560,16
24258,4043,1500,5,4,5,716,20
24259,4043,1500,6,13,11,1326,16
24260,4044,1500,6,6,4,534,25
24261,4044,1500,2,14,21,2520,28
24262,4044,1500,11,15,11,1380,40
24263,4044,1500,2,5,6,785,35
24264,4045,1500,12,20,27,3320,6
24265,4045,1500,1,9,8,972,5
24266,4045,1500,1,15,22,2655,4
24267,4045,1500,10,3,3,360,29
24268,4045,1500,1,12,17,2064,16
24269,4045,1500,5,10,12,1500,4
24270,4045,1500,10,2,1,206,26
24271,4045,1500,1,10,14,1780,1
24272,4046,1500,6,20,14,1760,36
24273,4046,1500,1,4,5,692,71
24274,4046,1500,6,19,13,1653,45
24275,4046,1500,3,8,9,1152,3
24276,4046,1500,2,1,1,119,47
24277,4046,1500,2,12,9,1188,53
24278,4046,1500,2,13,9,1131,52