session_id,player_id,session_date,session_minutes,world_reached
1,1001,2026-05-08,64,5
2,1001,2026-05-25,81,5
3,1001,2026-03-26,61,5
4,1001,2026-07-17,22,1
5,1001,2026-04-02,20,2
6,1001,2026-06-28,62,5
7,1001,2026-04-22,42,3
8,1001,2026-04-01,64,5
9,1002,2026-03-13,35,2
10,1002,2026-02-19,46,2
11,1002,2026-02-25,46,3
12,1002,2026-03-07,32,1
13,1002,2026-05-24,37,1
14,1002,2026-02-02,58,3
15,1002,2026-02-16,74,4
16,1002,2026-05-14,42,1
17,1002,2026-04-13,74,5
18,1002,2026-03-30,63,4
19,1003,2026-05-26,84,5
20,1003,2026-05-07,88,6
21,1003,2026-05-19,34,2
22,1003,2026-05-15,20,1
23,1003,2026-05-17,45,4
24,1003,2026-03-30,48,4
25,1003,2026-07-13,24,2
26,1003,2026-05-29,17,1
27,1004,2026-03-07,66,4
28,1004,2026-03-18,55,2
29,1004,2026-04-20,44,1
30,1004,2026-03-06,49,2
31,1004,2026-06-14,64,3
32,1004,2026-05-11,40,2
33,1005,2026-03-21,55,3
34,1005,2026-04-24,34,3
35,1005,2026-05-05,81,6
36,1005,2026-04-22,28,2
37,1005,2026-03-25,64,3
38,1005,2026-03-15,60,4
39,1005,2026-05-17,72,5
40,1006,2026-04-08,18,1
41,1006,2026-03-05,19,1
42,1006,2026-03-08,52,3
43,1006,2026-05-01,50,4
44,1006,2026-05-20,21,1
45,1006,2026-02-06,61,4
46,1007,2026-05-21,71,3
47,1007,2026-06-02,32,3
48,1007,2026-04-08,69,4
49,1007,2026-03-09,45,3
50,1007,2026-05-02,83,6
51,1007,2026-05-12,22,1
52,1007,2026-03-29,82,4
53,1007,2026-04-24,61,4
54,1007,2026-06-05,81,4
55,1007,2026-05-03,59,4
56,1008,2026-01-06,44,3
57,1008,2026-01-14,34,1
58,1008,2026-04-02,46,3
59,1008,2026-02-03,24,1
60,1008,2026-02-18,69,3
61,1008,2026-02-14,87,6
62,1009,2026-05-24,64,4
63,1009,2026-03-06,43,1
64,1009,2026-04-29,55,2
65,1009,2026-02-26,26,2
66,1009,2026-04-29,43,1
67,1009,2026-03-01,67,5
68,1009,2026-02-16,84,5
69,1009,2026-03-06,85,4
70,1009,2026-02-23,48,3
71,1009,2026-02-19,68,3
72,1010,2026-05-01,66,3
73,1010,2026-05-21,81,5
74,1010,2026-02-17,73,3
75,1010,2026-06-02,88,4
76,1010,2026-03-20,69,4
77,1010,2026-03-09,34,3
78,1010,2026-06-09,60,5
79,1010,2026-04-28,52,3
80,1010,2026-03-28,67,5
81,1010,2026-02-14,56,4
82,1011,2026-04-11,32,2
83,1011,2026-04-16,34,1
84,1011,2026-05-03,40,2
85,1011,2026-04-02,55,3
86,1011,2026-04-07,66,4
87,1011,2026-02-23,48,4
88,1011,2026-06-09,21,1
89,1011,2026-02-26,78,5
90,1012,2026-04-07,61,5
91,1012,2026-01-19,68,3
92,1012,2026-04-19,32,1
93,1012,2026-04-19,16,2
94,1012,2026-04-20,72,3
95,1012,2026-01-29,37,3
96,1012,2026-01-26,68,5
97,1012,2026-03-12,80,5
98,1012,2026-01-12,37,2
99,1013,2026-03-18,32,3
100,1013,2026-03-04,38,3
101,1013,2026-02-18,55,2
102,1013,2026-03-23,24,2
103,1013,2026-05-28,34,2
104,1013,2026-03-18,77,4
105,1013,2026-06-04,48,4
106,1013,2026-05-13,44,2
107,1013,2026-04-10,87,6
108,1013,2026-04-24,48,2
109,1014,2026-05-22,31,3
110,1014,2026-04-06,81,4
111,1014,2026-06-29,65,5
112,1014,2026-03-30,48,2
113,1014,2026-06-19,44,3
114,1014,2026-04-27,86,6
115,1015,2026-06-12,76,4
116,1015,2026-04-12,66,5
117,1015,2026-06-26,78,6
118,1015,2026-04-17,21,2
119,1015,2026-04-24,78,5
120,1015,2026-04-23,68,4
121,1015,2026-05-17,86,6
122,1015,2026-07-13,58,3
123,1015,2026-04-14,27,1
124,1016,2026-06-06,49,4
125,1016,2026-04-16,16,2
126,1016,2026-03-15,83,5
127,1016,2026-03-06,58,3
128,1016,2026-04-04,46,4
129,1016,2026-03-11,76,6
130,1016,2026-04-11,26,2
131,1016,2026-03-23,56,4
132,1016,2026-04-15,78,6
133,1016,2026-04-15,90,6
134,1017,2026-05-30,22,2
135,1017,2026-05-02,60,5
136,1017,2026-04-07,85,6
137,1017,2026-02-22,73,4
138,1017,2026-02-22,88,5
139,1017,2026-04-26,20,1
140,1017,2026-05-12,88,4
141,1017,2026-04-06,34,3
142,1018,2026-04-26,81,5
143,1018,2026-02-27,38,1
144,1018,2026-04-23,44,2
145,1018,2026-05-10,87,4
146,1018,2026-03-17,44,1
147,1018,2026-04-09,16,1
148,1018,2026-05-21,20,2
149,1019,2026-04-18,73,5
150,1019,2026-05-14,20,1
151,1019,2026-06-12,78,4
152,1019,2026-07-14,19,2
153,1019,2026-05-18,82,4
154,1019,2026-06-07,78,6
155,1020,2026-06-02,56,2
156,1020,2026-05-24,34,3
157,1020,2026-04-16,29,1
158,1020,2026-04-17,58,3
159,1020,2026-06-29,54,4
160,1020,2026-05-03,49,2
161,1020,2026-05-02,57,2
162,1020,2026-05-22,36,2
163,1020,2026-06-04,58,4
164,1020,2026-06-08,63,4
165,1021,2026-03-21,89,4
166,1021,2026-04-15,31,1
167,1021,2026-04-02,73,5
168,1021,2026-06-27,50,3
169,1021,2026-06-11,87,5
170,1021,2026-05-27,50,3
171,1021,2026-05-01,64,3
172,1021,2026-05-16,20,1
173,1022,2026-02-21,26,1
174,1022,2026-04-07,64,4
175,1022,2026-06-14,71,5
176,1022,2026-02-18,64,5
177,1022,2026-03-07,19,1
178,1022,2026-04-10,30,1
179,1023,2026-02-26,23,1
180,1023,2026-05-10,63,3
181,1023,2026-02-24,33,3
182,1023,2026-03-29,41,2
183,1023,2026-02-03,28,2
184,1023,2026-05-23,56,2
185,1023,2026-03-28,37,2
186,1023,2026-04-09,44,1
187,1023,2026-05-12,27,1
188,1023,2026-05-20,62,5
189,1024,2026-03-28,20,1
190,1024,2026-02-12,21,1
191,1024,2026-02-12,29,2
192,1024,2026-02-19,67,5
193,1024,2026-01-31,37,3
194,1024,2026-01-23,18,1
195,1024,2026-03-06,60,3
196,1024,2026-04-09,69,4
197,1024,2026-01-19,15,1
198,1025,2026-03-08,51,3
199,1025,2026-05-25,88,4
200,1025,2026-05-08,36,3
201,1025,2026-06-09,83,6
202,1025,2026-04-16,29,1
203,1025,2026-06-01,30,3
204,1025,2026-03-05,89,4
205,1025,2026-04-25,61,5
206,1025,2026-03-15,16,2
207,1026,2026-05-04,77,6
208,1026,2026-06-23,74,3
209,1026,2026-05-15,70,3
210,1026,2026-03-17,90,5
211,1026,2026-03-22,54,2
212,1026,2026-04-09,58,3
213,1026,2026-06-23,24,2
214,1026,2026-05-21,70,5
215,1026,2026-04-15,45,3
216,1026,2026-05-23,37,3
217,1027,2026-06-07,79,4
218,1027,2026-04-09,33,2
219,1027,2026-06-23,35,2
220,1027,2026-05-26,38,3
221,1027,2026-03-15,68,4
222,1027,2026-03-16,62,3
223,1027,2026-04-04,72,3
224,1027,2026-03-05,47,4
225,1027,2026-06-19,48,4
226,1027,2026-04-19,86,5
227,1028,2026-03-22,90,5
228,1028,2026-04-14,63,3
229,1028,2026-04-06,72,4
230,1028,2026-02-22,31,3
231,1028,2026-05-08,74,3
232,1028,2026-03-30,83,4
233,1028,2026-02-19,32,1
234,1028,2026-05-08,71,4
235,1028,2026-03-29,88,5
236,1029,2026-03-26,37,1
237,1029,2026-05-28,44,1
238,1029,2026-06-08,71,5
239,1029,2026-03-27,69,4
240,1029,2026-04-30,85,5
241,1029,2026-04-21,64,5
242,1029,2026-05-13,29,2
243,1029,2026-06-21,89,6
244,1029,2026-05-16,66,5
245,1030,2026-05-28,52,2
246,1030,2026-06-30,31,1
247,1030,2026-06-03,84,6
248,1030,2026-06-27,83,6
249,1030,2026-03-23,56,2
250,1030,2026-05-18,80,6
251,1030,2026-05-02,84,4
252,1030,2026-04-12,89,6
253,1031,2026-04-04,57,2
254,1031,2026-03-04,63,5
255,1031,2026-02-22,78,6
256,1031,2026-04-15,86,5
257,1031,2026-01-24,50,3
258,1031,2026-03-25,45,2
259,1031,2026-04-07,16,1
260,1031,2026-02-03,54,4
261,1031,2026-04-28,23,1
262,1032,2026-03-27,42,1
263,1032,2026-02-07,37,1
264,1032,2026-05-07,82,6
265,1032,2026-02-02,25,1
266,1032,2026-03-21,35,2
267,1032,2026-02-09,24,1
268,1032,2026-02-08,53,4
269,1032,2026-02-05,41,2
270,1032,2026-05-07,16,1
271,1033,2026-06-09,72,5
272,1033,2026-04-18,29,1
273,1033,2026-05-27,88,4
274,1033,2026-04-10,65,5
275,1033,2026-06-01,56,3
276,1033,2026-06-28,71,3
277,1033,2026-05-17,54,3
278,1033,2026-06-22,23,1
279,1034,2026-03-17,28,1
280,1034,2026-03-02,56,4
281,1034,2026-05-08,25,1
282,1034,2026-05-25,18,1
283,1034,2026-05-04,85,4
284,1034,2026-03-11,75,5
285,1034,2026-03-15,34,1
286,1035,2026-04-01,39,2
287,1035,2026-05-28,89,6
288,1035,2026-06-13,67,5
289,1035,2026-03-24,23,2
290,1035,2026-04-02,25,1
291,1035,2026-06-21,20,1
292,1035,2026-03-19,60,4
293,1035,2026-05-30,75,6
294,1035,2026-03-16,31,2
295,1035,2026-06-11,18,1
296,1036,2026-05-01,29,1
297,1036,2026-06-05,39,2
298,1036,2026-05-29,42,2
299,1036,2026-05-18,24,2
300,1036,2026-03-30,61,5
301,1036,2026-07-08,26,1
302,1036,2026-07-23,83,4
303,1037,2026-04-25,47,2
304,1037,2026-04-10,32,3
305,1037,2026-06-13,33,3
306,1037,2026-02-28,83,4
307,1037,2026-02-25,21,1
308,1037,2026-04-01,46,4
309,1038,2026-04-23,80,6
310,1038,2026-03-21,82,4
311,1038,2026-06-02,87,5
312,1038,2026-05-01,40,1
313,1038,2026-06-03,57,2
314,1038,2026-03-13,17,1
315,1039,2026-05-24,48,4
316,1039,2026-06-01,33,2
317,1039,2026-03-09,61,4
318,1039,2026-05-01,85,4
319,1039,2026-06-03,84,6
320,1039,2026-02-24,50,4
321,1040,2026-02-06,15,1
322,1040,2026-01-14,59,4
323,1040,2026-05-05,85,4
324,1040,2026-04-11,39,1
325,1040,2026-05-14,16,1
326,1040,2026-04-04,84,4
327,1040,2026-02-11,64,5
328,1041,2026-05-12,57,4
329,1041,2026-03-24,55,2
330,1041,2026-05-13,78,6
331,1041,2026-03-21,33,2
332,1041,2026-03-07,87,5
333,1041,2026-05-09,35,1
334,1041,2026-05-28,66,4
335,1041,2026-03-30,85,4
336,1041,2026-04-15,65,5
337,1042,2026-03-26,81,6
338,1042,2026-04-04,61,4
339,1042,2026-05-10,31,2
340,1042,2026-01-30,43,2
341,1042,2026-02-08,42,2
342,1042,2026-02-11,40,2
343,1042,2026-04-23,15,1
344,1043,2026-03-20,53,3
345,1043,2026-07-03,28,1
346,1043,2026-04-15,73,5
347,1043,2026-04-29,36,3
348,1043,2026-04-28,41,1
349,1043,2026-06-06,60,3
350,1043,2026-07-06,28,1
351,1043,2026-07-11,37,3
352,1044,2026-03-13,26,1
353,1044,2026-04-29,60,4
354,1044,2026-05-28,38,2
355,1044,2026-04-24,42,1
356,1044,2026-03-24,31,2
357,1044,2026-04-28,55,3
358,1044,2026-03-21,57,4
359,1044,2026-04-02,86,4
360,1044,2026-05-10,34,3
361,1045,2026-05-12,28,2
362,1045,2026-05-08,80,5
363,1045,2026-03-27,21,2
364,1045,2026-04-04,41,2
365,1045,2026-04-05,48,2
366,1045,2026-06-18,33,1
367,1045,2026-03-28,49,4
368,1046,2026-03-24,81,6
369,1046,2026-01-14,42,2
370,1046,2026-05-06,53,4
371,1046,2026-03-17,71,5
372,1046,2026-01-15,65,3
373,1046,2026-04-11,15,1
374,1047,2026-03-20,45,2
375,1047,2026-06-26,60,3
376,1047,2026-06-07,53,3
377,1047,2026-05-15,66,3
378,1047,2026-06-06,68,3
379,1047,2026-03-27,47,3
380,1047,2026-04-16,60,5
381,1048,2026-05-22,54,3
382,1048,2026-05-11,25,2
383,1048,2026-05-13,69,5
384,1048,2026-07-01,22,1
385,1048,2026-03-28,47,4
386,1048,2026-05-20,50,2
387,1048,2026-06-02,64,4
388,1048,2026-03-23,84,5
389,1048,2026-07-06,83,5
390,1048,2026-04-27,87,6
391,1049,2026-05-02,78,4
392,1049,2026-06-07,20,2
393,1049,2026-05-11,67,5
394,1049,2026-05-17,25,1
395,1049,2026-07-24,46,3
396,1049,2026-07-08,68,3
397,1049,2026-04-02,36,1
398,1049,2026-05-26,67,5
399,1050,2026-06-09,80,5
400,1050,2026-06-12,28,1
401,1050,2026-07-22,29,2
402,1050,2026-05-30,57,3
403,1050,2026-04-19,78,5
404,1050,2026-06-19,38,2
405,1050,2026-05-06,29,1
406,1050,2026-04-01,54,3
407,1050,2026-04-16,83,5
408,1050,2026-06-15,46,2
409,1051,2026-05-12,17,1
410,1051,2026-05-04,43,3
411,1051,2026-03-18,33,2
412,1051,2026-07-03,28,1
413,1051,2026-06-11,85,5
414,1051,2026-06-07,75,4
415,1051,2026-07-04,39,2
416,1051,2026-06-14,90,6
417,1051,2026-04-18,53,4
418,1052,2026-04-10,33,2
419,1052,2026-03-27,49,2
420,1052,2026-04-09,37,1
421,1052,2026-05-04,90,6
422,1052,2026-03-21,59,2
423,1052,2026-04-06,39,3
424,1052,2026-02-24,59,4
425,1052,2026-03-30,38,2
426,1053,2026-04-09,38,1
427,1053,2026-02-19,80,4
428,1053,2026-02-09,38,1
429,1053,2026-03-20,31,2
430,1053,2026-03-18,61,4
431,1053,2026-05-13,25,1
432,1053,2026-02-05,53,3
433,1053,2026-04-05,73,4
434,1053,2026-02-21,52,3
435,1054,2026-04-10,56,3
436,1054,2026-07-05,25,1
437,1054,2026-06-28,38,2
438,1054,2026-05-14,55,3
439,1054,2026-04-22,60,5
440,1054,2026-05-16,42,2
441,1055,2026-03-25,43,1
442,1055,2026-02-11,23,1
443,1055,2026-04-02,67,5
444,1055,2026-04-07,36,2
445,1055,2026-04-27,62,5
446,1055,2026-01-23,89,4
447,1056,2026-03-20,43,2
448,1056,2026-02-13,49,4
449,1056,2026-04-20,89,5
450,1056,2026-02-05,47,3
451,1056,2026-04-27,83,4
452,1056,2026-05-25,35,3
453,1057,2026-01-17,66,3
454,1057,2026-01-22,64,5
455,1057,2026-03-29,82,5
456,1057,2026-02-11,48,3
457,1057,2026-05-05,26,2
458,1057,2026-02-05,48,2
459,1057,2026-02-20,44,1
460,1057,2026-04-21,60,5
461,1057,2026-01-27,64,4
462,1058,2026-03-20,68,3
463,1058,2026-05-09,82,4
464,1058,2026-03-14,84,5
465,1058,2026-03-14,69,4
466,1058,2026-03-30,42,2
467,1058,2026-04-12,52,2
468,1058,2026-02-07,83,5
469,1058,2026-02-27,23,1
470,1059,2026-02-21,82,4
471,1059,2026-03-07,22,2
472,1059,2026-03-17,43,3
473,1059,2026-04-23,71,4
474,1059,2026-04-05,56,4
475,1059,2026-03-10,61,3
476,1059,2026-05-02,48,2
477,1059,2026-03-10,42,1
478,1059,2026-03-27,64,5
479,1059,2026-04-15,59,4
480,1060,2026-04-18,32,2
481,1060,2026-04-30,67,5
482,1060,2026-03-11,58,2
483,1060,2026-05-29,27,2
484,1060,2026-04-26,38,3
485,1060,2026-03-07,59,4
486,1060,2026-03-12,45,3
487,1060,2026-05-15,40,2
488,1060,2026-04-02,90,6
489,1061,2026-04-20,29,1
490,1061,2026-06-23,54,2
491,1061,2026-07-18,77,4
492,1061,2026-05-30,19,1
493,1061,2026-05-08,74,3
494,1061,2026-04-30,86,4
495,1061,2026-07-07,64,5
496,1061,2026-06-11,47,3
497,1061,2026-05-17,68,4
498,1062,2026-03-10,42,2
499,1062,2026-02-23,17,1
500,1062,2026-05-14,37,2
501,1062,2026-04-02,76,4
502,1062,2026-03-02,53,4
503,1062,2026-06-08,36,1
504,1063,2026-03-14,49,4
505,1063,2026-03-29,88,4
506,1063,2026-03-17,32,1
507,1063,2026-05-26,38,2
508,1063,2026-05-30,90,6
509,1063,2026-05-21,48,4
510,1063,2026-03-28,64,4
511,1063,2026-04-22,40,1
512,1063,2026-04-22,54,4
513,1064,2026-06-01,44,3
514,1064,2026-03-18,60,5
515,1064,2026-02-23,52,2
516,1064,2026-03-12,40,3
517,1064,2026-06-03,23,1
518,1064,2026-04-16,26,1
519,1064,2026-05-07,68,5
520,1064,2026-02-24,83,4
521,1064,2026-05-29,90,6
522,1064,2026-03-13,46,2
523,1065,2026-05-02,75,4
524,1065,2026-01-13,19,1
525,1065,2026-02-15,61,3
526,1065,2026-02-24,74,4
527,1065,2026-02-20,62,5
528,1065,2026-02-05,84,6
529,1066,2026-03-26,53,3
530,1066,2026-03-28,63,3
531,1066,2026-06-08,18,2
532,1066,2026-07-02,37,2
533,1066,2026-03-27,82,6
534,1066,2026-05-11,86,5
535,1066,2026-05-24,76,5
536,1066,2026-07-23,43,2
537,1066,2026-05-19,18,1
538,1067,2026-03-21,90,6
539,1067,2026-03-07,48,4
540,1067,2026-05-14,78,5
541,1067,2026-05-30,85,6
542,1067,2026-02-16,27,2
543,1067,2026-04-19,17,1
544,1067,2026-03-02,54,3
545,1067,2026-02-18,24,2
546,1067,2026-05-03,72,4
547,1068,2026-02-03,44,1
548,1068,2026-04-11,37,2
549,1068,2026-02-18,21,1
550,1068,2026-03-05,73,5
551,1068,2026-03-07,62,3
552,1068,2026-02-23,74,3
553,1068,2026-03-03,22,1
554,1068,2026-03-03,33,1
555,1069,2026-04-20,19,1
556,1069,2026-02-25,76,5
557,1069,2026-02-23,87,5
558,1069,2026-03-17,42,2
559,1069,2026-03-28,60,5
560,1069,2026-03-19,43,3
561,1069,2026-01-19,28,1
562,1070,2026-04-15,35,2
563,1070,2026-02-28,36,2
564,1070,2026-04-04,82,5
565,1070,2026-04-01,65,4
566,1070,2026-05-02,89,4
567,1070,2026-04-15,27,1
568,1071,2026-05-13,50,2
569,1071,2026-06-30,64,4
570,1071,2026-06-03,62,3
571,1071,2026-05-18,86,4
572,1071,2026-03-22,78,5
573,1071,2026-04-17,54,4
574,1072,2026-02-14,90,6
575,1072,2026-03-29,85,4
576,1072,2026-04-25,68,4
577,1072,2026-03-09,41,2
578,1072,2026-03-01,70,3
579,1072,2026-04-17,43,2
580,1072,2026-04-27,62,5
581,1072,2026-03-29,82,4
582,1073,2026-05-27,60,3
583,1073,2026-05-25,71,5
584,1073,2026-06-19,45,2
585,1073,2026-04-20,39,1
586,1073,2026-06-30,70,3
587,1073,2026-05-08,28,1
588,1073,2026-04-07,71,4
589,1073,2026-03-22,81,4
590,1073,2026-03-26,56,3
591,1073,2026-06-24,83,6
592,1074,2026-03-01,37,2
593,1074,2026-03-29,21,1
594,1074,2026-02-18,22,1
595,1074,2026-04-17,39,2
596,1074,2026-03-29,82,5
597,1074,2026-05-08,38,2
598,1075,2026-05-11,37,2
599,1075,2026-06-17,33,1
600,1075,2026-03-23,66,5
601,1075,2026-04-17,68,3
602,1075,2026-03-19,84,5
603,1075,2026-03-15,26,1
604,1075,2026-06-09,20,2
605,1075,2026-04-24,34,3
606,1075,2026-04-13,85,4
607,1075,2026-07-03,17,2
608,1076,2026-05-18,28,1
609,1076,2026-05-17,22,1
610,1076,2026-06-29,59,3
611,1076,2026-05-16,63,5
612,1076,2026-06-23,80,5
613,1076,2026-03-16,25,2
614,1076,2026-06-25,81,4
615,1076,2026-06-20,75,5
616,1077,2026-01-20,31,2
617,1077,2026-03-15,55,2
618,1077,2026-02-14,21,1
619,1077,2026-03-23,84,5
620,1077,2026-03-08,76,6
621,1077,2026-03-30,59,3
622,1077,2026-01-26,56,4
623,1078,2026-06-13,47,4
624,1078,2026-07-06,84,5
625,1078,2026-05-19,88,4
626,1078,2026-07-07,84,4
627,1078,2026-07-07,88,4
628,1078,2026-04-30,28,1
629,1078,2026-04-04,21,1
630,1078,2026-03-16,49,2
631,1078,2026-06-15,31,2
632,1078,2026-04-24,89,6
633,1079,2026-05-02,18,1
634,1079,2026-03-21,56,3
635,1079,2026-06-11,67,3
636,1079,2026-04-15,33,3
637,1079,2026-05-28,36,2
638,1079,2026-05-10,21,2
639,1079,2026-07-15,42,3
640,1079,2026-05-19,78,4
641,1079,2026-05-16,23,1
642,1080,2026-03-17,27,1
643,1080,2026-04-28,38,1
644,1080,2026-04-08,76,5
645,1080,2026-05-01,66,3
646,1080,2026-06-06,37,2
647,1080,2026-06-11,61,4
648,1080,2026-06-19,31,1
649,1081,2026-02-03,36,3
650,1081,2026-03-15,71,5
651,1081,2026-03-03,26,1
652,1081,2026-02-09,46,2
653,1081,2026-04-13,47,3
654,1081,2026-03-13,89,4
655,1081,2026-05-03,49,4
656,1081,2026-04-04,78,6
657,1082,2026-03-09,46,2
658,1082,2026-05-22,32,1
659,1082,2026-05-29,33,1
660,1082,2026-02-23,30,2
661,1082,2026-04-16,25,1
662,1082,2026-03-29,20,1
663,1082,2026-04-01,80,5
664,1082,2026-05-15,43,2
665,1082,2026-02-16,44,1
666,1082,2026-05-25,39,3
667,1083,2026-02-26,27,1
668,1083,2026-06-05,46,4
669,1083,2026-02-17,75,4
670,1083,2026-04-23,47,2
671,1083,2026-05-23,54,3
672,1083,2026-05-28,38,2
673,1083,2026-03-19,66,3
674,1083,2026-03-05,25,1
675,1083,2026-05-29,83,4
676,1083,2026-02-22,32,1
677,1084,2026-04-24,24,1
678,1084,2026-01-11,19,2
679,1084,2026-03-05,21,2
680,1084,2026-03-15,80,6
681,1084,2026-02-08,19,1
682,1084,2026-01-31,33,1
683,1084,2026-04-27,86,6
684,1085,2026-04-23,54,3
685,1085,2026-07-09,62,4
686,1085,2026-03-15,62,5
687,1085,2026-05-24,81,6
688,1085,2026-03-15,53,2
689,1085,2026-05-08,49,2
690,1085,2026-06-28,20,1
691,1086,2026-04-16,50,2
692,1086,2026-03-06,76,4
693,1086,2026-06-09,61,3
694,1086,2026-06-16,87,6
695,1086,2026-04-20,86,6
696,1086,2026-05-15,53,2
697,1086,2026-04-01,87,4
698,1086,2026-06-13,79,5
699,1086,2026-04-15,49,4
700,1086,2026-03-20,58,2
701,1087,2026-03-20,21,1
702,1087,2026-02-21,37,3
703,1087,2026-03-11,48,2
704,1087,2026-04-16,35,2
705,1087,2026-02-06,43,2
706,1087,2026-03-28,15,1
707,1087,2026-04-26,45,3
708,1087,2026-04-10,85,4
709,1087,2026-01-22,29,2
710,1087,2026-03-20,63,5
711,1088,2026-03-20,85,4
712,1088,2026-03-26,31,1
713,1088,2026-04-17,89,4
714,1088,2026-05-09,25,1
715,1088,2026-05-26,65,3
716,1088,2026-05-14,39,3
717,1089,2026-07-20,58,4
718,1089,2026-07-06,45,2
719,1089,2026-07-02,64,5
720,1089,2026-06-06,57,4
721,1089,2026-05-11,90,5
722,1089,2026-07-01,73,3
723,1089,2026-07-20,86,5
724,1090,2026-07-05,71,4
725,1090,2026-06-13,31,1
726,1090,2026-04-29,59,3
727,1090,2026-04-02,34,3
728,1090,2026-05-16,38,2
729,1090,2026-06-19,66,4
730,1090,2026-06-11,38,1
731,1091,2026-05-07,86,5
732,1091,2026-04-12,61,4
733,1091,2026-03-31,58,3
734,1091,2026-04-21,26,1
735,1091,2026-04-05,38,1
736,1091,2026-04-09,57,2
737,1091,2026-03-12,86,5
738,1092,2026-05-26,64,4
739,1092,2026-07-07,82,6
740,1092,2026-04-16,89,5
741,1092,2026-03-24,46,2
742,1092,2026-04-17,67,4
743,1092,2026-04-23,65,4
744,1093,2026-05-13,67,3
745,1093,2026-01-31,85,6
746,1093,2026-02-25,83,5
747,1093,2026-01-28,32,1
748,1093,2026-05-16,69,3
749,1093,2026-02-07,73,5
750,1093,2026-04-16,38,2
751,1094,2026-07-01,58,3
752,1094,2026-07-18,21,2
753,1094,2026-05-02,29,1
754,1094,2026-05-10,37,2
755,1094,2026-05-21,17,1
756,1094,2026-06-12,41,1
757,1094,2026-04-11,90,6
758,1094,2026-06-01,58,2
759,1094,2026-05-09,52,4
760,1094,2026-06-02,83,4
761,1095,2026-02-03,52,4
762,1095,2026-03-10,80,6
763,1095,2026-03-13,40,1
764,1095,2026-05-05,68,5
765,1095,2026-04-03,41,1
766,1095,2026-04-25,80,6
767,1095,2026-01-07,83,6
768,1096,2026-05-25,83,6
769,1096,2026-04-03,41,2
770,1096,2026-04-17,15,2
771,1096,2026-04-14,18,1
772,1096,2026-04-14,47,3
773,1096,2026-02-10,59,4
774,1096,2026-06-01,17,2
775,1096,2026-02-21,20,1
776,1096,2026-04-23,16,1
777,1096,2026-03-17,15,1
778,1097,2026-01-28,23,2
779,1097,2026-01-29,66,3
780,1097,2026-04-01,53,4
781,1097,2026-03-03,37,2
782,1097,2026-03-14,63,3
783,1097,2026-02-15,58,2
784,1097,2026-04-23,73,5
785,1098,2026-05-06,39,3
786,1098,2026-06-05,25,2
787,1098,2026-03-04,62,4
788,1098,2026-05-22,55,2
789,1098,2026-03-29,69,3
790,1098,2026-05-09,46,2
791,1098,2026-04-12,59,2
792,1098,2026-04-20,63,4
793,1098,2026-04-08,41,2
794,1098,2026-04-07,42,1
795,1099,2026-04-15,85,6
796,1099,2026-04-07,60,5
797,1099,2026-03-12,31,2
798,1099,2026-01-09,78,6
799,1099,2026-03-06,53,2
800,1099,2026-03-03,16,1
801,1099,2026-04-14,74,3
802,1099,2026-04-18,15,1
803,1099,2026-05-01,17,2
804,1100,2026-05-13,60,5
805,1100,2026-07-24,16,2
806,1100,2026-06-03,70,4
807,1100,2026-03-30,22,1
808,1100,2026-04-10,30,2
809,1100,2026-07-14,89,6
810,1100,2026-05-26,25,1
811,1100,2026-06-14,47,3
812,1101,2026-04-02,79,4
813,1101,2026-06-17,23,2
814,1101,2026-04-24,33,2
815,1101,2026-05-22,69,4
816,1101,2026-05-21,54,3
817,1101,2026-04-23,65,4
818,1101,2026-04-22,87,5
819,1101,2026-03-21,88,4
820,1101,2026-04-17,46,2
821,1101,2026-03-14,50,2
822,1102,2026-02-11,35,1
823,1102,2026-01-22,28,2
824,1102,2026-01-19,75,4
825,1102,2026-01-22,72,4
826,1102,2026-04-12,75,4
827,1102,2026-04-25,48,2
828,1103,2026-02-22,24,1
829,1103,2026-04-25,30,2
830,1103,2026-04-19,74,3
831,1103,2026-01-13,79,5
832,1103,2026-04-29,71,4
833,1103,2026-01-29,86,6
834,1104,2026-07-19,82,5
835,1104,2026-07-20,56,4
836,1104,2026-04-19,76,4
837,1104,2026-05-02,49,4
838,1104,2026-05-20,84,4
839,1104,2026-07-11,73,3
840,1104,2026-04-16,59,4
841,1105,2026-04-13,57,2
842,1105,2026-05-02,16,2
843,1105,2026-05-07,43,1
844,1105,2026-04-05,19,1
845,1105,2026-06-08,49,3
846,1105,2026-03-25,78,5
847,1105,2026-03-17,65,4
848,1105,2026-03-26,64,3
849,1105,2026-05-21,44,2
850,1106,2026-05-21,31,1
851,1106,2026-04-10,76,5
852,1106,2026-03-15,74,5
853,1106,2026-05-05,62,3
854,1106,2026-05-29,50,2
855,1106,2026-04-02,51,4
856,1106,2026-02-11,26,2
857,1106,2026-05-22,31,2
858,1107,2026-01-05,48,3
859,1107,2026-03-29,64,5
860,1107,2026-01-26,53,4
861,1107,2026-02-05,72,5
862,1107,2026-02-28,49,2
863,1107,2026-04-13,90,6
864,1108,2026-04-27,81,5
865,1108,2026-06-06,81,6
866,1108,2026-03-25,42,1
867,1108,2026-05-30,57,4
868,1108,2026-03-01,48,4
869,1108,2026-04-25,30,3
870,1108,2026-02-25,41,3
871,1108,2026-06-18,80,6
872,1108,2026-05-16,47,4
873,1109,2026-02-08,81,6
874,1109,2026-04-03,33,3
875,1109,2026-04-03,22,2
876,1109,2026-02-26,16,2
877,1109,2026-04-28,72,3
878,1109,2026-03-07,66,5
879,1109,2026-03-12,89,4
880,1109,2026-03-26,24,1
881,1109,2026-02-19,46,3
882,1109,2026-02-13,42,2
883,1110,2026-02-11,16,1
884,1110,2026-02-26,27,2
885,1110,2026-03-28,36,1
886,1110,2026-04-23,72,4
887,1110,2026-02-08,60,4
888,1110,2026-04-17,65,5
889,1110,2026-01-15,84,4
890,1111,2026-04-19,56,2
891,1111,2026-03-05,36,1
892,1111,2026-05-09,58,4
893,1111,2026-04-09,43,3
894,1111,2026-04-21,31,2
895,1111,2026-06-24,64,5
896,1111,2026-05-20,18,1
897,1112,2026-05-29,52,4
898,1112,2026-03-15,59,4
899,1112,2026-05-13,67,3
900,1112,2026-04-26,26,1
901,1112,2026-03-11,74,5
902,1112,2026-04-14,42,2
903,1112,2026-03-02,15,2
904,1112,2026-04-27,32,1
905,1112,2026-03-03,15,1
906,1113,2026-02-28,71,4
907,1113,2026-06-14,79,6
908,1113,2026-03-14,79,5
909,1113,2026-03-10,62,5
910,1113,2026-04-14,24,1
911,1113,2026-06-03,41,1
912,1113,2026-03-16,72,4
913,1113,2026-04-29,33,1
914,1113,2026-04-21,88,6
915,1114,2026-02-17,68,4
916,1114,2026-03-26,82,5
917,1114,2026-05-18,40,1
918,1114,2026-03-05,18,2
919,1114,2026-04-24,49,4
920,1114,2026-05-02,17,1
921,1115,2026-05-27,51,4
922,1115,2026-05-20,35,1
923,1115,2026-04-20,90,5
924,1115,2026-06-11,17,1
925,1115,2026-07-17,84,6
926,1115,2026-04-05,56,3
927,1115,2026-07-25,18,2
928,1115,2026-04-25,76,4
929,1115,2026-07-13,42,1
930,1116,2026-01-24,54,2
931,1116,2026-03-12,72,5
932,1116,2026-03-17,42,2
933,1116,2026-02-22,26,1
934,1116,2026-02-20,25,2
935,1116,2026-02-16,86,4
936,1117,2026-02-18,63,4
937,1117,2026-03-03,68,4
938,1117,2026-05-26,54,2
939,1117,2026-04-21,20,1
940,1117,2026-03-04,88,4
941,1117,2026-05-19,55,2
942,1117,2026-05-16,62,5
943,1117,2026-02-24,28,1
944,1117,2026-02-25,40,1
945,1118,2026-04-27,33,1
946,1118,2026-03-09,37,1
947,1118,2026-03-28,67,5
948,1118,2026-04-10,73,5
949,1118,2026-04-08,53,2
950,1118,2026-05-06,88,6
951,1118,2026-03-28,79,6
952,1118,2026-05-08,40,3
953,1118,2026-03-22,65,3
954,1118,2026-05-16,52,4
955,1119,2026-03-31,43,1
956,1119,2026-04-08,84,4
957,1119,2026-05-17,68,4
958,1119,2026-06-28,34,1
959,1119,2026-06-16,78,4
960,1119,2026-04-16,32,2
961,1120,2026-04-13,29,2
962,1120,2026-02-15,56,2
963,1120,2026-02-07,90,6
964,1120,2026-03-14,16,1
965,1120,2026-05-17,15,1
966,1120,2026-03-01,75,5
967,1120,2026-05-24,46,3
968,1120,2026-02-09,61,4
969,1121,2026-02-22,73,4
970,1121,2026-03-27,33,1
971,1121,2026-03-11,50,2
972,1121,2026-02-23,26,1
973,1121,2026-04-23,16,2
974,1121,2026-02-10,73,4
975,1121,2026-03-19,70,4
976,1121,2026-03-29,45,4
977,1121,2026-04-10,60,3
978,1121,2026-01-03,38,3
979,1122,2026-07-22,83,4
980,1122,2026-06-17,68,3
981,1122,2026-03-30,64,5
982,1122,2026-03-29,20,1
983,1122,2026-04-12,76,6
984,1122,2026-07-15,43,2
985,1122,2026-05-18,48,4
986,1122,2026-07-15,68,3
987,1122,2026-05-29,87,5
988,1123,2026-06-23,22,2
989,1123,2026-06-01,52,4
990,1123,2026-04-28,51,3
991,1123,2026-04-23,82,6
992,1123,2026-04-01,16,1
993,1123,2026-04-06,87,6
994,1123,2026-05-22,34,3
995,1124,2026-01-16,34,3
996,1124,2026-04-30,39,1
997,1124,2026-05-01,33,3
998,1124,2026-03-09,52,2
999,1124,2026-01-17,73,3
1000,1124,2026-02-02,66,4
1001,1124,2026-05-05,51,4
1002,1125,2026-06-27,78,6
1003,1125,2026-05-17,40,3
1004,1125,2026-06-10,21,2
1005,1125,2026-04-27,68,4
1006,1125,2026-04-05,26,1
1007,1125,2026-05-26,67,5
1008,1125,2026-04-19,69,4
1009,1126,2026-04-07,34,2
1010,1126,2026-04-21,23,1
1011,1126,2026-04-07,21,2
1012,1126,2026-04-24,59,2
1013,1126,2026-03-01,64,5
1014,1126,2026-03-07,47,3
1015,1126,2026-05-02,60,5
1016,1126,2026-05-01,47,3
1017,1126,2026-05-11,16,1
1018,1127,2026-05-09,17,2
1019,1127,2026-04-26,60,5
1020,1127,2026-06-02,61,4
1021,1127,2026-07-20,53,3
1022,1127,2026-06-27,36,2
1023,1127,2026-04-05,70,5
1024,1127,2026-06-18,34,1
1025,1127,2026-04-10,57,3
1026,1128,2026-04-10,31,2
1027,1128,2026-02-01,56,3
1028,1128,2026-03-11,40,1
1029,1128,2026-01-29,45,4
1030,1128,2026-02-04,20,1
1031,1128,2026-02-13,61,3
1032,1128,2026-04-18,26,2
1033,1128,2026-04-04,61,3
1034,1128,2026-03-18,78,4
1035,1129,2026-04-07,73,3
1036,1129,2026-04-07,42,1
1037,1129,2026-03-15,47,3
1038,1129,2026-06-17,59,4
1039,1129,2026-06-15,33,3
1040,1129,2026-06-03,21,1
1041,1129,2026-05-17,27,2
1042,1129,2026-05-13,86,6
1043,1129,2026-05-14,24,1
1044,1130,2026-04-13,81,5
1045,1130,2026-06-09,38,3
1046,1130,2026-02-26,75,6
1047,1130,2026-05-01,23,1
1048,1130,2026-03-18,36,3
1049,1130,2026-05-21,18,1
1050,1130,2026-05-15,23,1
1051,1130,2026-03-19,45,3
1052,1131,2026-04-05,34,2
1053,1131,2026-04-17,28,2
1054,1131,2026-06-12,62,5
1055,1131,2026-03-26,15,1
1056,1131,2026-03-07,25,1
1057,1131,2026-03-24,41,2
1058,1131,2026-04-09,20,1
1059,1132,2026-06-26,53,4
1060,1132,2026-04-04,17,2
1061,1132,2026-06-25,62,3
1062,1132,2026-05-14,24,2
1063,1132,2026-04-28,32,2
1064,1132,2026-03-24,90,6
1065,1132,2026-04-21,25,1
1066,1132,2026-05-13,57,4
1067,1132,2026-05-21,66,4
1068,1133,2026-03-17,77,6
1069,1133,2026-03-28,90,6
1070,1133,2026-02-15,76,6
1071,1133,2026-03-27,26,1
1072,1133,2026-05-09,78,5
1073,1133,2026-02-26,36,3
1074,1133,2026-04-28,29,1
1075,1133,2026-05-08,35,1
1076,1133,2026-01-15,39,1
1077,1134,2026-06-04,27,1
1078,1134,2026-04-10,47,2
1079,1134,2026-06-28,63,3
1080,1134,2026-06-26,31,3
1081,1134,2026-05-25,17,2
1082,1134,2026-03-26,89,4
1083,1134,2026-05-04,69,5
1084,1134,2026-04-05,47,4
1085,1134,2026-05-10,78,4
1086,1134,2026-05-03,69,5
1087,1135,2026-05-31,76,5
1088,1135,2026-05-18,30,3
1089,1135,2026-05-11,39,1
1090,1135,2026-02-21,76,5
1091,1135,2026-03-13,48,3
1092,1135,2026-02-08,28,2
1093,1136,2026-04-06,32,1
1094,1136,2026-04-13,79,4
1095,1136,2026-03-11,63,4
1096,1136,2026-04-24,45,3
1097,1136,2026-04-14,48,2
1098,1136,2026-04-18,77,5
1099,1136,2026-05-12,89,5
1100,1136,2026-03-18,90,6
1101,1137,2026-06-30,51,3
1102,1137,2026-03-24,82,5
1103,1137,2026-05-17,67,3
1104,1137,2026-06-01,87,5
1105,1137,2026-04-24,45,4
1106,1137,2026-06-17,57,4
1107,1137,2026-04-19,72,3
1108,1137,2026-03-16,38,2
1109,1137,2026-04-19,33,3
1110,1138,2026-04-29,28,2
1111,1138,2026-04-03,39,2
1112,1138,2026-04-09,44,1
1113,1138,2026-07-12,35,3
1114,1138,2026-07-03,73,3
1115,1138,2026-05-10,86,5
1116,1138,2026-06-16,44,1
1117,1138,2026-05-10,17,1
1118,1138,2026-05-20,34,3
1119,1139,2026-04-20,19,2
1120,1139,2026-05-06,68,3
1121,1139,2026-06-03,18,1
1122,1139,2026-04-28,76,5
1123,1139,2026-04-02,18,1
1124,1139,2026-05-29,76,4
1125,1139,2026-05-17,25,1
1126,1139,2026-04-27,78,6
1127,1139,2026-03-20,65,3
1128,1139,2026-04-24,27,2
1129,1140,2026-07-09,49,4
1130,1140,2026-03-27,74,4
1131,1140,2026-06-14,54,2
1132,1140,2026-04-22,49,4
1133,1140,2026-05-09,76,4
1134,1140,2026-06-29,73,3
1135,1141,2026-04-26,54,2
1136,1141,2026-03-10,35,3
1137,1141,2026-04-08,21,2
1138,1141,2026-05-03,42,3
1139,1141,2026-03-23,62,3
1140,1141,2026-02-02,53,3
1141,1141,2026-04-02,75,4
1142,1141,2026-04-08,61,5
1143,1141,2026-04-12,69,3
1144,1142,2026-04-11,82,6
1145,1142,2026-06-09,29,2
1146,1142,2026-06-21,47,3
1147,1142,2026-05-15,70,3
1148,1142,2026-06-29,76,5
1149,1142,2026-06-24,22,1
1150,1142,2026-04-17,54,3
1151,1142,2026-04-20,54,4
1152,1143,2026-04-19,63,3
1153,1143,2026-05-20,28,1
1154,1143,2026-04-16,31,2
1155,1143,2026-02-10,46,3
1156,1143,2026-04-27,88,5
1157,1143,2026-05-20,63,5
1158,1143,2026-02-15,71,5
1159,1143,2026-02-28,23,1
1160,1143,2026-03-06,89,6
1161,1143,2026-04-10,66,5
1162,1144,2026-06-23,46,3
1163,1144,2026-06-12,40,1
1164,1144,2026-05-29,58,3
1165,1144,2026-06-01,64,5
1166,1144,2026-06-17,82,5
1167,1144,2026-04-25,15,1
1168,1145,2026-04-13,90,6
1169,1145,2026-06-05,37,2
1170,1145,2026-06-24,80,4
1171,1145,2026-04-03,40,3
1172,1145,2026-06-24,82,6
1173,1145,2026-06-14,70,5
1174,1145,2026-04-06,66,4
1175,1145,2026-04-20,53,4
1176,1145,2026-07-12,64,5
1177,1146,2026-06-06,17,1
1178,1146,2026-05-07,89,5
1179,1146,2026-04-21,86,5
1180,1146,2026-05-04,43,1
1181,1146,2026-05-05,32,1
1182,1146,2026-04-16,23,1
1183,1146,2026-05-12,44,1
1184,1146,2026-04-03,30,2
1185,1146,2026-03-18,57,4
1186,1147,2026-05-04,67,5
1187,1147,2026-04-26,40,3
1188,1147,2026-01-23,45,2
1189,1147,2026-04-07,38,1
1190,1147,2026-04-29,28,1
1191,1147,2026-03-26,88,6
1192,1147,2026-03-07,33,3
1193,1147,2026-05-01,50,3
1194,1147,2026-05-18,80,4
1195,1147,2026-05-04,74,4
1196,1148,2026-03-01,26,1
1197,1148,2026-03-17,72,3
1198,1148,2026-04-23,33,2
1199,1148,2026-03-10,51,3
1200,1148,2026-05-04,22,1
1201,1148,2026-03-16,28,1
1202,1148,2026-02-25,45,4
1203,1149,2026-03-24,33,3
1204,1149,2026-03-18,36,2
1205,1149,2026-05-17,83,5
1206,1149,2026-05-16,54,2
1207,1149,2026-03-09,40,1
1208,1149,2026-05-18,17,2
1209,1149,2026-05-29,52,3
1210,1149,2026-03-30,16,1
1211,1149,2026-04-11,73,5
1212,1149,2026-06-15,42,2
1213,1150,2026-06-09,73,4
1214,1150,2026-06-03,46,3
1215,1150,2026-05-22,56,4
1216,1150,2026-03-03,34,1
1217,1150,2026-03-20,89,4
1218,1150,2026-05-06,82,5
1219,1151,2026-03-02,47,3
1220,1151,2026-04-15,66,3
1221,1151,2026-02-10,42,2
1222,1151,2026-04-07,84,4
1223,1151,2026-02-13,36,3
1224,1151,2026-03-02,35,1
1225,1151,2026-05-09,63,3
1226,1151,2026-04-26,62,4
1227,1151,2026-06-04,31,2
1228,1151,2026-05-07,43,3
1229,1152,2026-04-16,70,4
1230,1152,2026-04-07,48,3
1231,1152,2026-03-06,85,6
1232,1152,2026-03-10,17,1
1233,1152,2026-04-09,64,3
1234,1152,2026-04-11,52,3
1235,1152,2026-04-26,61,5
1236,1152,2026-01-22,37,3
1237,1153,2026-07-23,34,2
1238,1153,2026-04-10,38,2
1239,1153,2026-04-19,82,6
1240,1153,2026-04-18,23,2
1241,1153,2026-07-23,87,4
1242,1153,2026-05-27,34,1
1243,1153,2026-07-16,18,1
1244,1154,2026-05-17,21,2
1245,1154,2026-05-01,56,4
1246,1154,2026-05-03,86,4
1247,1154,2026-04-22,57,3
1248,1154,2026-04-03,42,3
1249,1154,2026-04-28,46,3
1250,1154,2026-04-12,90,6
1251,1154,2026-04-16,61,3
1252,1155,2026-06-06,38,3
1253,1155,2026-03-21,49,3
1254,1155,2026-03-11,51,4
1255,1155,2026-03-20,42,2
1256,1155,2026-04-07,81,6
1257,1155,2026-04-12,25,1
1258,1155,2026-05-14,33,2
1259,1155,2026-05-04,42,3
1260,1156,2026-05-10,80,6
1261,1156,2026-06-02,58,3
1262,1156,2026-04-02,31,1
1263,1156,2026-06-17,62,4
1264,1156,2026-04-11,76,5
1265,1156,2026-03-15,32,2
1266,1156,2026-03-09,41,2
1267,1156,2026-05-28,25,1
1268,1156,2026-04-05,54,3
1269,1156,2026-04-27,61,5
1270,1157,2026-03-27,80,5
1271,1157,2026-03-26,15,1
1272,1157,2026-04-20,68,4
1273,1157,2026-04-05,41,2
1274,1157,2026-06-11,40,3
1275,1157,2026-07-10,78,4
1276,1157,2026-05-18,45,3
1277,1158,2026-05-07,36,2
1278,1158,2026-03-13,57,3
1279,1158,2026-05-30,66,5
1280,1158,2026-03-27,15,1
1281,1158,2026-06-12,26,2
1282,1158,2026-02-15,83,4
1283,1158,2026-02-20,87,5
1284,1158,2026-04-05,66,3
1285,1158,2026-03-02,85,5
1286,1158,2026-04-30,80,5
1287,1159,2026-05-30,21,1
1288,1159,2026-02-24,90,6
1289,1159,2026-03-13,17,1
1290,1159,2026-03-11,72,4
1291,1159,2026-04-25,20,1
1292,1159,2026-05-10,64,3
1293,1159,2026-05-26,30,1
1294,1160,2026-03-31,29,1
1295,1160,2026-04-24,59,2
1296,1160,2026-04-30,20,1
1297,1160,2026-06-19,31,1
1298,1160,2026-07-01,30,1
1299,1160,2026-07-16,72,3
1300,1160,2026-03-25,31,1
1301,1161,2026-06-23,71,3
1302,1161,2026-04-14,32,1
1303,1161,2026-05-20,65,3
1304,1161,2026-02-28,64,5
1305,1161,2026-05-09,48,2
1306,1161,2026-04-20,81,5
1307,1162,2026-06-12,16,2
1308,1162,2026-07-07,64,4
1309,1162,2026-06-21,37,1
1310,1162,2026-07-11,74,5
1311,1162,2026-07-11,42,3
1312,1162,2026-06-01,71,5
1313,1162,2026-06-21,82,6
1314,1162,2026-04-11,46,3
1315,1162,2026-07-23,65,4
1316,1162,2026-04-02,26,1
1317,1163,2026-06-19,17,1
1318,1163,2026-04-22,19,1
1319,1163,2026-05-06,53,4
1320,1163,2026-05-20,66,5
1321,1163,2026-05-28,15,1
1322,1163,2026-05-04,49,3
1323,1163,2026-04-16,35,1
1324,1164,2026-05-07,90,5
1325,1164,2026-05-28,64,5
1326,1164,2026-06-13,41,3
1327,1164,2026-05-31,82,6
1328,1164,2026-03-05,58,2
1329,1164,2026-04-06,41,2
1330,1164,2026-03-08,42,3
1331,1164,2026-03-08,40,3
1332,1164,2026-05-19,40,2
1333,1165,2026-01-26,69,5
1334,1165,2026-02-27,57,4
1335,1165,2026-02-27,62,5
1336,1165,2026-03-27,20,1
1337,1165,2026-04-17,67,4
1338,1165,2026-03-28,70,4
1339,1165,2026-04-22,87,6
1340,1166,2026-05-25,81,4
1341,1166,2026-03-29,74,3
1342,1166,2026-04-11,89,5
1343,1166,2026-04-23,43,1
1344,1166,2026-05-07,59,4
1345,1166,2026-03-24,38,3
1346,1166,2026-04-28,52,4
1347,1166,2026-03-06,69,3
1348,1166,2026-03-06,51,2
1349,1167,2026-03-26,80,4
1350,1167,2026-02-11,55,3
1351,1167,2026-03-12,44,1
1352,1167,2026-05-22,57,4
1353,1167,2026-05-14,46,2
1354,1167,2026-04-08,22,1
1355,1167,2026-04-08,62,3
1356,1167,2026-03-10,63,4
1357,1168,2026-04-19,83,6
1358,1168,2026-05-04,50,4
1359,1168,2026-06-03,77,5
1360,1168,2026-04-21,72,3
1361,1168,2026-03-03,69,4
1362,1168,2026-03-20,62,4
1363,1169,2026-04-01,24,1
1364,1169,2026-03-27,40,2
1365,1169,2026-04-13,76,6
1366,1169,2026-01-15,90,5
1367,1169,2026-01-13,66,5
1368,1169,2026-03-21,68,5
1369,1169,2026-02-16,68,3
1370,1170,2026-04-02,52,2
1371,1170,2026-01-31,58,2
1372,1170,2026-03-25,58,3
1373,1170,2026-03-04,27,2
1374,1170,2026-01-21,52,2
1375,1170,2026-03-27,79,6
1376,1170,2026-03-25,28,1
1377,1171,2026-06-02,47,4
1378,1171,2026-06-01,69,4
1379,1171,2026-07-19,75,5
1380,1171,2026-07-15,62,3
1381,1171,2026-04-02,70,5
1382,1171,2026-04-29,38,3
1383,1171,2026-06-23,74,5
1384,1172,2026-05-06,59,3
1385,1172,2026-01-30,56,4
1386,1172,2026-04-22,44,2
1387,1172,2026-05-13,79,5
1388,1172,2026-03-12,54,4
1389,1172,2026-05-10,70,5
1390,1172,2026-01-29,84,4
1391,1173,2026-02-25,54,2
1392,1173,2026-04-22,73,5
1393,1173,2026-05-17,89,6
1394,1173,2026-03-04,29,2
1395,1173,2026-03-20,55,4
1396,1173,2026-01-20,67,3
1397,1173,2026-04-16,79,6
1398,1174,2026-02-09,17,2
1399,1174,2026-03-28,74,3
1400,1174,2026-05-04,42,3
1401,1174,2026-03-05,74,3
1402,1174,2026-01-30,46,3
1403,1174,2026-02-16,41,1
1404,1174,2026-02-23,21,1
1405,1174,2026-04-23,88,6
1406,1175,2026-03-18,59,4
1407,1175,2026-05-15,72,3
1408,1175,2026-06-08,80,4
1409,1175,2026-05-21,40,3
1410,1175,2026-02-24,44,3
1411,1175,2026-06-09,29,1
1412,1175,2026-02-20,50,2
1413,1175,2026-05-11,52,4
1414,1175,2026-04-24,42,3
1415,1175,2026-02-25,61,4
1416,1176,2026-04-19,54,4
1417,1176,2026-05-15,30,3
1418,1176,2026-03-24,22,1
1419,1176,2026-04-08,59,4
1420,1176,2026-05-11,30,2
1421,1176,2026-02-09,88,5
1422,1177,2026-02-07,24,1
1423,1177,2026-01-31,73,4
1424,1177,2026-03-14,16,1
1425,1177,2026-01-27,24,1
1426,1177,2026-03-19,84,6
1427,1177,2026-01-28,31,3
1428,1177,2026-03-29,77,5
1429,1177,2026-02-27,30,3
1430,1177,2026-02-06,88,4
1431,1178,2026-03-27,49,4
1432,1178,2026-04-10,54,3
1433,1178,2026-03-29,57,3
1434,1178,2026-02-18,70,3
1435,1178,2026-06-12,25,1
1436,1178,2026-04-04,34,3
1437,1179,2026-06-28,84,6
1438,1179,2026-07-02,29,1
1439,1179,2026-06-27,61,5
1440,1179,2026-04-29,69,4
1441,1179,2026-03-23,78,5
1442,1179,2026-07-15,38,3
1443,1179,2026-03-29,86,4
1444,1180,2026-06-10,28,1
1445,1180,2026-06-11,21,1
1446,1180,2026-05-27,29,2
1447,1180,2026-05-20,47,2
1448,1180,2026-06-03,72,5
1449,1180,2026-05-17,85,5
1450,1180,2026-06-22,67,5
1451,1180,2026-05-11,67,3
1452,1181,2026-02-05,38,1
1453,1181,2026-01-21,84,4
1454,1181,2026-04-17,54,4
1455,1181,2026-02-24,53,3
1456,1181,2026-03-18,38,2
1457,1181,2026-03-07,28,1
1458,1181,2026-02-17,47,2
1459,1181,2026-02-16,84,4
1460,1181,2026-03-27,15,1
1461,1181,2026-05-01,65,5
1462,1182,2026-02-26,46,2
1463,1182,2026-06-20,76,4
1464,1182,2026-02-25,84,6
1465,1182,2026-05-22,59,2
1466,1182,2026-03-10,29,1
1467,1182,2026-06-23,58,2
1468,1182,2026-05-02,48,4
1469,1182,2026-06-23,80,4
1470,1182,2026-03-04,39,2
1471,1182,2026-05-16,49,3
1472,1183,2026-05-20,18,1
1473,1183,2026-04-09,49,4
1474,1183,2026-06-16,32,2
1475,1183,2026-04-20,58,4
1476,1183,2026-05-13,59,2
1477,1183,2026-04-13,22,1
1478,1184,2026-04-19,30,3
1479,1184,2026-05-07,29,1
1480,1184,2026-05-07,71,3
1481,1184,2026-06-21,50,3
1482,1184,2026-04-26,90,6
1483,1184,2026-03-08,64,4
1484,1184,2026-03-09,15,1
1485,1184,2026-04-23,25,1
1486,1185,2026-07-18,69,3
1487,1185,2026-06-15,83,4
1488,1185,2026-06-11,67,5
1489,1185,2026-07-13,31,2
1490,1185,2026-05-19,68,5
1491,1185,2026-07-10,35,2
1492,1185,2026-04-10,68,5
1493,1185,2026-04-10,17,1
1494,1185,2026-04-05,23,1
1495,1185,2026-06-14,70,3
1496,1186,2026-02-22,68,4
1497,1186,2026-02-16,46,2
1498,1186,2026-03-13,71,4
1499,1186,2026-03-22,89,5
1500,1186,2026-02-12,62,5
1501,1186,2026-04-28,89,5
1502,1186,2026-05-16,16,1
1503,1186,2026-02-05,67,3
1504,1186,2026-04-24,40,1
1505,1187,2026-03-08,67,5
1506,1187,2026-04-10,34,2
1507,1187,2026-03-20,35,2
1508,1187,2026-03-27,90,6
1509,1187,2026-03-20,43,2
1510,1187,2026-02-25,81,5
1511,1187,2026-03-02,56,2
1512,1187,2026-02-12,86,5
1513,1187,2026-02-26,79,4
1514,1188,2026-05-21,40,3
1515,1188,2026-03-07,46,2
1516,1188,2026-05-04,79,4
1517,1188,2026-04-26,67,4
1518,1188,2026-03-25,47,4
1519,1188,2026-03-19,41,3
1520,1188,2026-03-06,71,3
1521,1188,2026-04-26,35,1
1522,1189,2026-04-27,67,4
1523,1189,2026-03-10,27,1
1524,1189,2026-04-18,79,5
1525,1189,2026-03-01,28,1
1526,1189,2026-06-01,16,2
1527,1189,2026-06-05,24,1
1528,1189,2026-05-03,72,5
1529,1190,2026-03-08,75,6
1530,1190,2026-02-28,63,4
1531,1190,2026-04-25,60,3
1532,1190,2026-06-01,70,4
1533,1190,2026-05-02,41,1
1534,1190,2026-03-08,55,3
1535,1191,2026-05-27,68,5
1536,1191,2026-06-27,88,5
1537,1191,2026-05-01,58,3
1538,1191,2026-05-04,16,1
1539,1191,2026-04-22,17,2
1540,1191,2026-04-09,75,4
1541,1191,2026-05-15,67,3
1542,1191,2026-06-30,20,2
1543,1192,2026-06-06,54,3
1544,1192,2026-03-18,34,1
1545,1192,2026-05-21,30,2
1546,1192,2026-02-11,38,3
1547,1192,2026-03-14,36,2
1548,1192,2026-03-28,47,2
1549,1192,2026-02-24,57,4
1550,1193,2026-04-16,28,2
1551,1193,2026-03-17,77,4
1552,1193,2026-05-15,83,6
1553,1193,2026-03-15,34,2
1554,1193,2026-03-07,77,6
1555,1193,2026-04-01,44,3
1556,1193,2026-05-23,35,1
1557,1194,2026-07-15,23,2
1558,1194,2026-06-06,52,2
1559,1194,2026-06-18,47,3
1560,1194,2026-07-23,57,4
1561,1194,2026-07-02,61,5
1562,1194,2026-07-27,43,3
1563,1194,2026-05-31,15,1
1564,1194,2026-05-28,35,3
1565,1194,2026-07-12,74,5
1566,1194,2026-04-11,32,1
1567,1195,2026-03-01,43,2
1568,1195,2026-03-14,71,5
1569,1195,2026-04-10,70,5
1570,1195,2026-04-23,61,3
1571,1195,2026-02-13,70,4
1572,1195,2026-01-30,86,6
1573,1195,2026-01-30,84,4
1574,1195,2026-02-02,27,1
1575,1195,2026-05-10,86,5
1576,1195,2026-03-10,22,1
1577,1196,2026-03-06,75,4
1578,1196,2026-04-12,19,2
1579,1196,2026-05-28,68,3
1580,1196,2026-05-29,18,1
1581,1196,2026-03-27,45,4
1582,1196,2026-05-25,32,1
1583,1196,2026-05-03,75,6
1584,1197,2026-06-16,81,6
1585,1197,2026-07-17,90,6
1586,1197,2026-05-02,67,3
1587,1197,2026-04-07,86,5
1588,1197,2026-06-12,34,1
1589,1197,2026-05-25,56,4
1590,1198,2026-04-25,90,6
1591,1198,2026-01-30,47,4
1592,1198,2026-04-13,67,3
1593,1198,2026-04-04,33,2
1594,1198,2026-03-22,41,3
1595,1198,2026-01-21,30,1
1596,1198,2026-03-04,46,4
1597,1198,2026-04-10,27,1
1598,1199,2026-05-05,24,1
1599,1199,2026-05-10,86,5
1600,1199,2026-07-17,71,5
1601,1199,2026-04-05,84,5
1602,1199,2026-05-24,25,2
1603,1199,2026-05-30,88,4
1604,1199,2026-04-13,52,2
1605,1199,2026-07-27,55,4
1606,1199,2026-07-11,53,4
1607,1199,2026-06-02,50,4
1608,1200,2026-04-14,44,2
1609,1200,2026-03-14,62,3
1610,1200,2026-04-22,85,4
1611,1200,2026-05-12,20,1
1612,1200,2026-02-19,57,4
1613,1200,2026-06-05,85,5
1614,1201,2026-03-14,70,5
1615,1201,2026-05-05,72,3
1616,1201,2026-05-07,19,2
1617,1201,2026-04-10,72,3
1618,1201,2026-04-27,79,5
1619,1201,2026-03-07,58,4
1620,1201,2026-06-15,88,6
1621,1201,2026-06-04,65,3
1622,1201,2026-03-23,90,6
1623,1202,2026-04-13,43,1
1624,1202,2026-07-19,59,2
1625,1202,2026-04-28,26,1
1626,1202,2026-05-23,51,4
1627,1202,2026-05-09,37,2
1628,1202,2026-07-29,30,3
1629,1202,2026-05-26,35,2
1630,1202,2026-05-01,46,2
1631,1202,2026-06-16,39,1
1632,1202,2026-04-09,65,3
1633,1203,2026-04-09,16,1
1634,1203,2026-03-02,48,2
1635,1203,2026-04-10,31,1
1636,1203,2026-05-28,17,1
1637,1203,2026-04-11,35,1
1638,1203,2026-04-20,37,3
1639,1203,2026-03-03,19,1
1640,1203,2026-05-06,69,3
1641,1204,2026-04-06,24,1
1642,1204,2026-01-16,70,3
1643,1204,2026-01-29,15,1
1644,1204,2026-03-13,44,3
1645,1204,2026-03-10,56,4
1646,1204,2026-01-31,55,4
1647,1205,2026-05-22,71,3
1648,1205,2026-06-21,21,2
1649,1205,2026-06-23,81,6
1650,1205,2026-07-07,66,5
1651,1205,2026-07-20,75,5
1652,1205,2026-04-11,58,4
1653,1205,2026-04-03,56,4
1654,1205,2026-06-06,69,5
1655,1206,2026-06-08,76,4
1656,1206,2026-05-02,17,1
1657,1206,2026-05-06,23,2
1658,1206,2026-05-07,18,2
1659,1206,2026-03-25,73,5
1660,1206,2026-06-27,27,2
1661,1206,2026-05-26,57,2
1662,1206,2026-04-30,89,5
1663,1206,2026-04-07,82,5
1664,1207,2026-04-04,89,4
1665,1207,2026-05-27,41,2
1666,1207,2026-04-13,71,5
1667,1207,2026-05-31,79,6
1668,1207,2026-05-09,90,6
1669,1207,2026-03-16,66,3
1670,1207,2026-05-27,24,1
1671,1207,2026-05-14,31,1
1672,1208,2026-03-15,71,5
1673,1208,2026-04-04,48,3
1674,1208,2026-05-05,37,1
1675,1208,2026-04-15,76,4
1676,1208,2026-05-19,85,6
1677,1208,2026-04-12,17,1
1678,1208,2026-04-24,46,2
1679,1209,2026-05-17,78,6
1680,1209,2026-02-10,76,4
1681,1209,2026-04-03,66,3
1682,1209,2026-04-11,20,2
1683,1209,2026-05-07,83,5
1684,1209,2026-02-11,87,5
1685,1209,2026-05-26,35,3
1686,1209,2026-03-25,43,2
1687,1210,2026-03-21,69,5
1688,1210,2026-02-17,85,4
1689,1210,2026-02-13,28,2
1690,1210,2026-03-26,70,5
1691,1210,2026-05-27,72,4
1692,1210,2026-03-08,74,3
1693,1211,2026-04-02,71,4
1694,1211,2026-06-11,23,1
1695,1211,2026-07-16,43,1
1696,1211,2026-04-27,73,3
1697,1211,2026-04-01,15,1
1698,1211,2026-06-08,20,1
1699,1211,2026-06-01,70,4
1700,1211,2026-05-19,90,6
1701,1212,2026-04-21,56,2
1702,1212,2026-03-19,44,2
1703,1212,2026-05-16,75,4
1704,1212,2026-06-02,83,4
1705,1212,2026-04-28,69,4
1706,1212,2026-05-22,77,6
1707,1212,2026-06-22,84,4
1708,1212,2026-06-13,23,1
1709,1212,2026-04-24,59,4
1710,1212,2026-05-14,74,3
1711,1213,2026-05-30,78,4
1712,1213,2026-05-28,21,1
1713,1213,2026-05-03,54,2
1714,1213,2026-05-01,59,2
1715,1213,2026-04-18,23,1
1716,1213,2026-03-27,67,3
1717,1213,2026-05-29,50,3
1718,1213,2026-03-21,41,1
1719,1213,2026-04-02,84,5
1720,1213,2026-03-20,40,1
1721,1214,2026-01-20,15,2
1722,1214,2026-02-10,63,4
1723,1214,2026-03-15,73,5
1724,1214,2026-03-15,78,6
1725,1214,2026-02-25,32,2
1726,1214,2026-02-13,67,4
1727,1214,2026-03-21,22,1
1728,1215,2026-03-28,32,1
1729,1215,2026-01-27,76,4
1730,1215,2026-02-28,60,5
1731,1215,2026-04-24,40,1
1732,1215,2026-01-31,33,2
1733,1215,2026-04-10,85,6
1734,1215,2026-03-27,78,5
1735,1216,2026-07-16,76,4
1736,1216,2026-07-17,38,2
1737,1216,2026-03-31,45,4
1738,1216,2026-04-30,34,1
1739,1216,2026-05-03,72,3
1740,1216,2026-06-09,90,6
1741,1216,2026-05-01,88,5
1742,1216,2026-07-04,78,5
1743,1217,2026-07-06,21,2
1744,1217,2026-03-25,24,2
1745,1217,2026-04-17,55,4
1746,1217,2026-03-25,30,1
1747,1217,2026-05-11,63,3
1748,1217,2026-04-21,74,4
1749,1217,2026-07-02,68,3
1750,1217,2026-03-29,65,5
1751,1217,2026-03-27,88,5
1752,1217,2026-06-21,42,2
1753,1218,2026-04-29,39,1
1754,1218,2026-03-29,50,4
1755,1218,2026-03-05,89,4
1756,1218,2026-04-04,47,2
1757,1218,2026-01-28,28,1
1758,1218,2026-02-07,51,2
1759,1219,2026-04-28,74,4
1760,1219,2026-06-18,75,4
1761,1219,2026-06-26,61,4
1762,1219,2026-04-20,47,4
1763,1219,2026-07-08,56,3
1764,1219,2026-04-17,63,3
1765,1219,2026-05-08,84,6
1766,1219,2026-07-07,39,3
1767,1219,2026-05-26,22,1
1768,1219,2026-06-21,34,3
1769,1220,2026-04-15,57,4
1770,1220,2026-06-20,15,1
1771,1220,2026-06-06,49,2
1772,1220,2026-04-29,57,3
1773,1220,2026-03-11,32,1
1774,1220,2026-02-27,88,5
1775,1220,2026-03-01,87,6
1776,1220,2026-03-12,66,5
1777,1221,2026-05-04,31,1
1778,1221,2026-03-06,43,3
1779,1221,2026-03-11,30,2
1780,1221,2026-04-20,15,1
1781,1221,2026-03-26,17,1
1782,1221,2026-05-20,58,2
1783,1221,2026-02-15,33,3
1784,1222,2026-04-30,40,2
1785,1222,2026-04-18,26,1
1786,1222,2026-04-18,66,5
1787,1222,2026-04-30,76,5
1788,1222,2026-03-19,70,3
1789,1222,2026-04-20,67,4
1790,1222,2026-04-12,23,2
1791,1223,2026-07-24,29,1
1792,1223,2026-06-06,63,3
1793,1223,2026-05-22,65,5
1794,1223,2026-06-29,45,3
1795,1223,2026-06-28,51,3
1796,1223,2026-05-06,90,5
1797,1223,2026-06-21,19,2
1798,1223,2026-04-28,87,4
1799,1223,2026-06-01,44,2
1800,1223,2026-06-08,38,2
1801,1224,2026-05-26,26,1
1802,1224,2026-04-21,46,3
1803,1224,2026-06-28,34,3
1804,1224,2026-06-24,72,5
1805,1224,2026-06-02,43,2
1806,1224,2026-06-07,80,6
1807,1224,2026-03-31,30,2
1808,1225,2026-04-08,55,2
1809,1225,2026-05-17,53,2
1810,1225,2026-05-25,78,6
1811,1225,2026-06-02,70,4
1812,1225,2026-05-27,90,5
1813,1225,2026-05-30,21,2
1814,1225,2026-03-16,64,3
1815,1225,2026-06-27,46,2
1816,1225,2026-04-02,64,4
1817,1226,2026-04-22,90,6
1818,1226,2026-04-10,51,4
1819,1226,2026-01-13,22,2
1820,1226,2026-02-26,81,6
1821,1226,2026-04-12,76,5
1822,1226,2026-01-06,40,1
1823,1226,2026-01-11,84,6
1824,1226,2026-04-24,64,4
1825,1226,2026-01-06,49,2
1826,1227,2026-04-11,85,5
1827,1227,2026-05-02,69,4
1828,1227,2026-05-13,48,2
1829,1227,2026-05-29,49,4
1830,1227,2026-04-09,31,1
1831,1227,2026-06-27,56,3
1832,1228,2026-04-18,18,1
1833,1228,2026-05-15,59,4
1834,1228,2026-04-16,58,3
1835,1228,2026-05-10,17,1
1836,1228,2026-04-29,31,1
1837,1228,2026-02-04,76,4
1838,1228,2026-06-01,31,2
1839,1229,2026-04-25,18,2
1840,1229,2026-02-21,19,2
1841,1229,2026-05-19,36,1
1842,1229,2026-04-05,62,4
1843,1229,2026-04-10,42,3
1844,1229,2026-02-28,72,4
1845,1229,2026-02-06,75,4
1846,1230,2026-04-05,32,2
1847,1230,2026-05-24,40,3
1848,1230,2026-05-03,73,4
1849,1230,2026-07-03,24,1
1850,1230,2026-06-21,26,1
1851,1230,2026-05-31,22,1
1852,1231,2026-03-31,46,3
1853,1231,2026-03-28,37,3
1854,1231,2026-03-02,43,2
1855,1231,2026-04-22,57,2
1856,1231,2026-03-04,68,4
1857,1231,2026-03-13,69,5
1858,1231,2026-02-15,86,6
1859,1231,2026-04-26,90,5
1860,1231,2026-02-11,56,2
1861,1231,2026-02-10,15,1
1862,1232,2026-05-30,36,1
1863,1232,2026-06-05,36,3
1864,1232,2026-05-15,34,3
1865,1232,2026-03-29,49,4
1866,1232,2026-06-26,81,5
1867,1232,2026-05-14,56,4
1868,1232,2026-06-25,42,2
1869,1232,2026-06-25,69,3
1870,1232,2026-05-21,16,1
1871,1233,2026-03-15,57,4
1872,1233,2026-04-10,46,2
1873,1233,2026-05-20,28,1
1874,1233,2026-05-25,63,4
1875,1233,2026-04-16,81,6
1876,1233,2026-05-21,23,1
1877,1233,2026-06-16,41,1
1878,1233,2026-06-22,51,4
1879,1234,2026-05-05,41,1
1880,1234,2026-07-02,44,2
1881,1234,2026-07-14,46,3
1882,1234,2026-05-16,36,1
1883,1234,2026-05-08,82,5
1884,1234,2026-06-05,19,2
1885,1234,2026-05-13,90,5
1886,1234,2026-06-30,31,3
1887,1235,2026-04-07,45,3
1888,1235,2026-05-19,50,4
1889,1235,2026-04-16,69,4
1890,1235,2026-03-13,50,3
1891,1235,2026-04-23,33,2
1892,1235,2026-05-30,18,2
1893,1235,2026-04-17,86,5
1894,1236,2026-04-25,59,2
1895,1236,2026-04-13,60,5
1896,1236,2026-06-03,56,2
1897,1236,2026-03-12,20,2
1898,1236,2026-04-01,90,6
1899,1236,2026-06-12,52,4
1900,1236,2026-05-10,23,1
1901,1236,2026-06-18,48,2
1902,1237,2026-02-26,16,1
1903,1237,2026-01-19,30,1
1904,1237,2026-01-22,15,1
1905,1237,2026-04-12,44,1
1906,1237,2026-03-02,54,4
1907,1237,2026-03-06,46,4
1908,1237,2026-01-05,78,4
1909,1237,2026-04-07,29,2
1910,1237,2026-03-30,76,5
1911,1238,2026-04-11,20,1
1912,1238,2026-03-26,89,4
1913,1238,2026-04-26,72,4
1914,1238,2026-05-01,41,2
1915,1238,2026-04-10,78,6
1916,1238,2026-05-13,59,3
1917,1238,2026-07-05,71,3
1918,1238,2026-04-29,39,3
1919,1238,2026-07-08,44,2
1920,1238,2026-04-07,88,4
1921,1239,2026-05-18,15,2
1922,1239,2026-06-16,58,2
1923,1239,2026-06-13,66,4
1924,1239,2026-04-04,80,6
1925,1239,2026-05-05,77,6
1926,1239,2026-07-05,56,2
1927,1239,2026-04-16,55,3
1928,1239,2026-05-30,47,2
1929,1239,2026-05-03,59,2
1930,1240,2026-03-07,48,2
1931,1240,2026-03-20,19,1
1932,1240,2026-01-31,60,5
1933,1240,2026-03-21,66,3
1934,1240,2026-05-22,75,4
1935,1240,2026-03-30,88,6
1936,1240,2026-04-11,33,2
1937,1240,2026-05-12,38,1
1938,1241,2026-05-04,37,3
1939,1241,2026-03-06,27,2
1940,1241,2026-04-01,45,3
1941,1241,2026-04-24,32,1
1942,1241,2026-04-10,76,4
1943,1241,2026-04-25,59,3
1944,1241,2026-03-07,68,3
1945,1242,2026-03-12,77,6
1946,1242,2026-04-10,41,3
1947,1242,2026-06-30,54,4
1948,1242,2026-06-28,87,4
1949,1242,2026-04-06,39,3
1950,1242,2026-03-23,21,1
1951,1242,2026-06-24,19,1
1952,1242,2026-03-25,55,3
1953,1243,2026-02-27,57,2
1954,1243,2026-03-05,41,1
1955,1243,2026-03-23,27,1
1956,1243,2026-02-13,58,4
1957,1243,2026-06-07,88,6
1958,1243,2026-04-14,40,1
1959,1243,2026-03-30,63,3
1960,1244,2026-02-07,32,2
1961,1244,2026-03-19,36,3
1962,1244,2026-02-20,32,1
1963,1244,2026-03-03,62,5
1964,1244,2026-03-07,73,5
1965,1244,2026-05-20,44,2
1966,1244,2026-03-21,45,4
1967,1244,2026-03-18,73,5
1968,1244,2026-02-15,28,1
1969,1244,2026-03-05,35,2
1970,1245,2026-05-17,34,1
1971,1245,2026-04-04,44,2
1972,1245,2026-02-20,57,4
1973,1245,2026-04-24,63,4
1974,1245,2026-04-11,87,4
1975,1245,2026-03-24,36,1
1976,1245,2026-06-04,36,2
1977,1246,2026-06-14,64,5
1978,1246,2026-05-10,19,1
1979,1246,2026-06-06,66,4
1980,1246,2026-05-13,66,4
1981,1246,2026-05-12,90,6
1982,1246,2026-04-17,72,3
1983,1247,2026-04-07,28,2
1984,1247,2026-04-05,44,1
1985,1247,2026-05-12,52,4
1986,1247,2026-04-27,15,1
1987,1247,2026-05-13,23,1
1988,1247,2026-04-28,15,2
1989,1247,2026-04-18,76,4
1990,1247,2026-03-14,69,5
1991,1247,2026-06-01,79,4
1992,1247,2026-04-01,30,3
1993,1248,2026-04-16,16,1
1994,1248,2026-06-10,15,2
1995,1248,2026-03-26,77,5
1996,1248,2026-03-30,44,3
1997,1248,2026-03-20,80,5
1998,1248,2026-04-14,46,4
1999,1249,2026-05-31,58,4
2000,1249,2026-06-09,34,3
2001,1249,2026-07-05,33,3
2002,1249,2026-04-21,24,2
2003,1249,2026-06-11,20,1
2004,1249,2026-03-11,37,3
2005,1249,2026-07-07,84,5
2006,1250,2026-03-23,69,3
2007,1250,2026-06-22,27,2
2008,1250,2026-06-02,32,3
2009,1250,2026-04-06,79,6
2010,1250,2026-05-25,58,2
2011,1250,2026-06-10,38,1
2012,1251,2026-07-02,85,5
2013,1251,2026-06-03,24,1
2014,1251,2026-05-16,42,2
2015,1251,2026-06-09,37,1
2016,1251,2026-06-06,56,4
2017,1251,2026-07-16,37,2
2018,1252,2026-03-20,27,1
2019,1252,2026-03-16,52,2
2020,1252,2026-05-10,48,4
2021,1252,2026-06-27,23,1
2022,1252,2026-04-07,69,3
2023,1252,2026-04-01,17,2
2024,1252,2026-03-23,69,5
2025,1252,2026-05-27,29,1
2026,1253,2026-07-08,75,4
2027,1253,2026-04-15,44,1
2028,1253,2026-04-24,37,1
2029,1253,2026-07-21,47,4
2030,1253,2026-04-30,78,5
2031,1253,2026-06-17,68,5
2032,1253,2026-05-19,34,3
2033,1253,2026-07-29,89,6
2034,1254,2026-05-02,27,1
2035,1254,2026-04-20,18,1
2036,1254,2026-06-24,30,2
2037,1254,2026-04-29,23,2
2038,1254,2026-06-17,84,4
2039,1254,2026-04-08,15,1
2040,1254,2026-07-20,42,1
2041,1254,2026-04-30,47,3
2042,1254,2026-05-07,37,1
2043,1255,2026-02-16,29,2
2044,1255,2026-06-08,75,6
2045,1255,2026-05-29,75,4
2046,1255,2026-03-01,56,3
2047,1255,2026-04-07,64,5
2048,1255,2026-03-14,33,2
2049,1255,2026-03-04,26,1
2050,1255,2026-05-02,43,2
2051,1255,2026-03-22,66,5
2052,1256,2026-01-25,43,3
2053,1256,2026-04-04,64,3
2054,1256,2026-01-21,22,1
2055,1256,2026-03-23,74,4
2056,1256,2026-01-19,23,2
2057,1256,2026-05-09,34,1
2058,1257,2026-04-26,63,4
2059,1257,2026-03-14,33,1
2060,1257,2026-05-04,81,6
2061,1257,2026-02-14,29,2
2062,1257,2026-03-23,36,1
2063,1257,2026-02-17,78,4
2064,1258,2026-06-06,37,2
2065,1258,2026-03-16,60,3
2066,1258,2026-05-25,85,4
2067,1258,2026-03-24,82,4
2068,1258,2026-05-14,32,1
2069,1258,2026-04-18,16,2
2070,1258,2026-05-03,47,4
2071,1259,2026-03-20,80,6
2072,1259,2026-03-18,29,1
2073,1259,2026-06-05,59,2
2074,1259,2026-03-28,67,3
2075,1259,2026-06-27,22,1
2076,1259,2026-05-10,75,6
2077,1259,2026-05-08,57,4
2078,1259,2026-04-22,16,2
2079,1260,2026-03-25,71,3
2080,1260,2026-02-14,27,1
2081,1260,2026-05-04,58,2
2082,1260,2026-05-09,28,2
2083,1260,2026-03-22,28,1
2084,1260,2026-03-21,31,1
2085,1260,2026-03-26,43,1
2086,1260,2026-03-07,23,1
2087,1260,2026-03-20,54,4
2088,1260,2026-05-04,20,1
2089,1261,2026-05-08,49,3
2090,1261,2026-03-27,20,1
2091,1261,2026-06-09,46,3
2092,1261,2026-05-26,77,6
2093,1261,2026-06-25,41,1
2094,1261,2026-04-28,62,3
2095,1261,2026-06-06,90,6
2096,1261,2026-07-05,40,2
2097,1261,2026-06-13,57,4
2098,1261,2026-04-03,24,1
2099,1262,2026-05-20,28,1
2100,1262,2026-04-30,50,4
2101,1262,2026-03-24,72,4
2102,1262,2026-04-27,16,1
2103,1262,2026-03-31,58,4
2104,1262,2026-04-16,66,5
2105,1263,2026-04-22,17,1
2106,1263,2026-05-29,69,4
2107,1263,2026-05-31,69,4
2108,1263,2026-05-12,72,4
2109,1263,2026-03-23,29,2
2110,1263,2026-05-03,71,5
2111,1263,2026-04-05,34,2
2112,1263,2026-04-16,19,1
2113,1263,2026-04-19,77,5
2114,1264,2026-06-07,45,2
2115,1264,2026-03-11,83,6
2116,1264,2026-04-12,58,2
2117,1264,2026-03-13,47,3
2118,1264,2026-04-19,25,1
2119,1264,2026-03-28,88,6
2120,1264,2026-02-15,61,3
2121,1264,2026-04-18,60,5
2122,1265,2026-04-01,18,2
2123,1265,2026-05-23,62,4
2124,1265,2026-06-24,87,6
2125,1265,2026-05-06,24,1
2126,1265,2026-06-21,46,2
2127,1265,2026-04-15,85,4
2128,1265,2026-05-31,57,3
2129,1266,2026-06-01,33,2
2130,1266,2026-05-31,69,3
2131,1266,2026-05-21,41,1
2132,1266,2026-03-10,53,3
2133,1266,2026-05-21,55,4
2134,1266,2026-03-19,34,2
2135,1266,2026-02-14,23,1
2136,1266,2026-02-26,61,4
2137,1266,2026-05-09,53,3
2138,1267,2026-04-09,69,5
2139,1267,2026-03-15,17,2
2140,1267,2026-06-01,73,3
2141,1267,2026-03-31,33,1
2142,1267,2026-03-01,48,4
2143,1267,2026-02-23,20,1
2144,1267,2026-03-09,56,2
2145,1267,2026-02-28,15,1
2146,1267,2026-05-26,57,3
2147,1267,2026-04-04,23,1
2148,1268,2026-07-23,28,1
2149,1268,2026-04-29,32,2
2150,1268,2026-06-20,60,5
2151,1268,2026-04-26,39,3
2152,1268,2026-05-12,69,4
2153,1268,2026-07-29,87,5
2154,1268,2026-07-24,42,2
2155,1268,2026-04-11,64,3
2156,1268,2026-04-10,17,1
2157,1269,2026-06-17,35,1
2158,1269,2026-03-07,85,4
2159,1269,2026-05-09,66,3
2160,1269,2026-05-19,45,4
2161,1269,2026-02-23,74,5
2162,1269,2026-05-18,59,2
2163,1269,2026-03-08,56,2
2164,1269,2026-05-09,68,5
2165,1270,2026-04-10,60,4
2166,1270,2026-06-24,56,4
2167,1270,2026-06-17,78,4
2168,1270,2026-06-26,59,2
2169,1270,2026-06-20,38,2
2170,1270,2026-07-04,73,4
2171,1270,2026-04-09,62,5
2172,1271,2026-04-30,76,6
2173,1271,2026-06-08,34,1
2174,1271,2026-04-25,65,3
2175,1271,2026-04-16,90,6
2176,1271,2026-06-22,71,5
2177,1271,2026-04-05,63,5
2178,1271,2026-07-18,55,3
2179,1272,2026-01-26,30,2
2180,1272,2026-05-06,58,4
2181,1272,2026-03-01,90,6
2182,1272,2026-04-28,73,3
2183,1272,2026-05-03,53,4
2184,1272,2026-03-11,82,6
2185,1272,2026-04-28,18,2
2186,1272,2026-04-17,89,4
2187,1272,2026-05-04,59,4
2188,1272,2026-03-16,27,1
2189,1273,2026-03-07,25,1
2190,1273,2026-04-20,81,6
2191,1273,2026-03-23,87,4
2192,1273,2026-03-09,57,4
2193,1273,2026-02-16,65,3
2194,1273,2026-03-30,67,5
2195,1273,2026-03-23,83,6
2196,1273,2026-03-23,24,1
2197,1273,2026-01-19,79,6
2198,1274,2026-05-21,79,5
2199,1274,2026-05-28,58,3
2200,1274,2026-06-22,35,2
2201,1274,2026-03-23,15,2
2202,1274,2026-06-14,38,2
2203,1274,2026-05-06,58,4
2204,1274,2026-03-11,85,5
2205,1274,2026-06-19,67,5
2206,1274,2026-04-06,24,2
2207,1274,2026-05-02,16,2
2208,1275,2026-06-02,45,2
2209,1275,2026-03-31,19,2
2210,1275,2026-05-13,81,5
2211,1275,2026-06-05,84,6
2212,1275,2026-07-21,87,6
2213,1275,2026-05-09,25,1
2214,1275,2026-04-24,51,3
2215,1275,2026-04-16,24,2
2216,1275,2026-06-02,30,2
2217,1276,2026-03-13,75,5
2218,1276,2026-02-27,59,4
2219,1276,2026-05-18,35,3
2220,1276,2026-05-01,20,1
2221,1276,2026-04-11,88,6
2222,1276,2026-05-06,27,1
2223,1276,2026-05-19,40,1
2224,1276,2026-02-03,16,2
2225,1277,2026-06-21,43,1
2226,1277,2026-05-31,63,3
2227,1277,2026-06-19,82,4
2228,1277,2026-06-18,83,5
2229,1277,2026-05-24,72,3
2230,1277,2026-07-15,64,3
2231,1277,2026-05-02,43,2
2232,1277,2026-06-20,36,1
2233,1277,2026-05-11,66,5
2234,1277,2026-05-28,41,2
2235,1278,2026-03-15,37,1
2236,1278,2026-04-14,85,6
2237,1278,2026-05-08,77,4
2238,1278,2026-04-18,77,4
2239,1278,2026-06-11,73,4
2240,1278,2026-06-02,55,4
2241,1278,2026-07-06,37,2
2242,1278,2026-05-23,36,3
2243,1279,2026-05-22,25,2
2244,1279,2026-03-17,68,3
2245,1279,2026-06-03,20,1
2246,1279,2026-04-22,28,2
2247,1279,2026-03-30,58,3
2248,1279,2026-04-19,44,2
2249,1279,2026-06-17,55,2
2250,1279,2026-03-22,73,3
2251,1280,2026-04-14,35,3
2252,1280,2026-03-18,77,6
2253,1280,2026-02-14,80,4
2254,1280,2026-03-27,36,3
2255,1280,2026-02-24,63,3
2256,1280,2026-02-13,52,3
2257,1281,2026-03-09,19,1
2258,1281,2026-03-11,48,3
2259,1281,2026-03-04,51,4
2260,1281,2026-05-19,15,2
2261,1281,2026-03-11,26,1
2262,1281,2026-05-04,47,2
2263,1281,2026-02-05,63,5
2264,1281,2026-04-13,89,6
2265,1281,2026-04-04,50,4
2266,1281,2026-05-28,56,3
2267,1282,2026-02-10,66,3
2268,1282,2026-03-02,29,1
2269,1282,2026-02-11,65,5
2270,1282,2026-02-26,48,4
2271,1282,2026-02-16,61,5
2272,1282,2026-05-07,39,1
2273,1282,2026-01-25,17,1
2274,1283,2026-02-26,75,6
2275,1283,2026-03-01,72,5
2276,1283,2026-03-09,65,3
2277,1283,2026-04-25,66,4
2278,1283,2026-05-31,80,4
2279,1283,2026-04-26,72,3
2280,1284,2026-03-05,54,2
2281,1284,2026-02-09,87,4
2282,1284,2026-01-24,27,1
2283,1284,2026-04-03,58,4
2284,1284,2026-02-16,63,4
2285,1284,2026-02-13,32,3
2286,1284,2026-01-07,48,3
2287,1284,2026-03-15,60,3
2288,1284,2026-02-28,60,4
2289,1285,2026-04-17,30,3
2290,1285,2026-05-19,54,3
2291,1285,2026-03-30,51,4
2292,1285,2026-03-09,42,2
2293,1285,2026-03-17,83,6
2294,1285,2026-05-22,79,4
2295,1285,2026-05-01,33,1
2296,1285,2026-02-10,87,6
2297,1285,2026-03-27,67,4
2298,1286,2026-03-16,43,2
2299,1286,2026-02-10,48,3
2300,1286,2026-04-06,51,4
2301,1286,2026-05-23,27,1
2302,1286,2026-05-25,71,5
2303,1286,2026-04-01,77,6
2304,1286,2026-05-11,89,5
2305,1287,2026-02-19,71,3
2306,1287,2026-02-04,16,1
2307,1287,2026-05-07,54,3
2308,1287,2026-03-26,16,2
2309,1287,2026-04-20,74,3
2310,1287,2026-04-26,81,6
2311,1287,2026-02-28,15,1
2312,1287,2026-05-11,70,3
2313,1287,2026-05-08,83,4
2314,1288,2026-05-11,49,4
2315,1288,2026-04-24,27,2
2316,1288,2026-03-23,47,2
2317,1288,2026-04-10,15,2
2318,1288,2026-05-21,90,6
2319,1288,2026-05-09,66,3
2320,1288,2026-04-01,65,4
2321,1288,2026-03-18,53,2
2322,1288,2026-05-09,84,4
2323,1288,2026-06-14,40,1
2324,1289,2026-03-24,30,3
2325,1289,2026-04-05,75,4
2326,1289,2026-05-11,74,3
2327,1289,2026-05-16,39,2
2328,1289,2026-06-17,67,3
2329,1289,2026-07-10,76,4
2330,1289,2026-07-05,36,1
2331,1289,2026-05-10,76,4
2332,1289,2026-06-10,38,3
2333,1289,2026-06-21,30,1
2334,1290,2026-04-10,29,1
2335,1290,2026-03-28,59,2
2336,1290,2026-05-06,56,2
2337,1290,2026-02-03,46,4
2338,1290,2026-02-03,71,4
2339,1290,2026-02-23,29,1
2340,1290,2026-03-02,56,4
2341,1290,2026-04-28,28,1
2342,1291,2026-05-08,77,5
2343,1291,2026-04-06,53,4
2344,1291,2026-06-05,44,1
2345,1291,2026-03-06,86,5
2346,1291,2026-03-30,26,1
2347,1291,2026-06-04,68,4
2348,1291,2026-06-06,25,1
2349,1291,2026-04-06,32,3
2350,1291,2026-05-13,29,1
2351,1291,2026-03-14,53,2
2352,1292,2026-05-07,60,5
2353,1292,2026-05-05,58,4
2354,1292,2026-01-10,32,1
2355,1292,2026-02-24,33,1
2356,1292,2026-04-23,49,3
2357,1292,2026-02-11,81,6
2358,1292,2026-02-25,58,2
2359,1292,2026-01-17,56,4
2360,1293,2026-04-24,45,3
2361,1293,2026-03-24,38,2
2362,1293,2026-02-19,69,4
2363,1293,2026-04-07,78,5
2364,1293,2026-02-26,73,4
2365,1293,2026-05-28,40,2
2366,1293,2026-04-11,24,2
2367,1293,2026-05-16,34,2
2368,1293,2026-03-21,67,5
2369,1293,2026-03-24,17,2
2370,1294,2026-04-26,67,4
2371,1294,2026-04-04,57,4
2372,1294,2026-04-13,30,3
2373,1294,2026-03-26,48,4
2374,1294,2026-05-01,29,1
2375,1294,2026-03-26,85,5
2376,1295,2026-05-19,88,5
2377,1295,2026-04-01,46,3
2378,1295,2026-03-17,24,2
2379,1295,2026-04-24,36,3
2380,1295,2026-03-13,36,2
2381,1295,2026-05-31,65,5
2382,1296,2026-05-30,17,1
2383,1296,2026-04-23,57,4
2384,1296,2026-04-28,88,6
2385,1296,2026-03-06,82,4
2386,1296,2026-03-17,51,4
2387,1296,2026-06-09,70,3
2388,1296,2026-04-14,71,5
2389,1296,2026-04-13,25,1
2390,1297,2026-03-28,43,3
2391,1297,2026-04-30,83,5
2392,1297,2026-03-05,71,3
2393,1297,2026-05-25,33,2
2394,1297,2026-02-08,65,5
2395,1297,2026-03-17,71,5
2396,1297,2026-04-12,57,4
2397,1297,2026-04-21,37,1
2398,1297,2026-05-18,70,5
2399,1298,2026-01-08,64,4
2400,1298,2026-05-02,18,1
2401,1298,2026-02-20,43,1
2402,1298,2026-02-11,84,4
2403,1298,2026-01-30,58,3
2404,1298,2026-01-09,49,2
2405,1298,2026-01-21,61,5
2406,1299,2026-04-28,41,3
2407,1299,2026-04-04,62,5
2408,1299,2026-01-16,68,5
2409,1299,2026-03-31,45,4
2410,1299,2026-01-12,38,1
2411,1299,2026-04-09,44,3
2412,1299,2026-04-11,44,1
2413,1299,2026-01-09,44,1
2414,1299,2026-04-26,68,3
2415,1299,2026-03-31,25,2
2416,1300,2026-03-04,36,1
2417,1300,2026-05-09,83,6
2418,1300,2026-03-11,50,3
2419,1300,2026-03-05,59,3
2420,1300,2026-02-24,39,3
2421,1300,2026-05-23,44,2
2422,1301,2026-02-28,23,1
2423,1301,2026-05-25,79,6
2424,1301,2026-03-28,25,2
2425,1301,2026-03-05,58,2
2426,1301,2026-02-26,19,1
2427,1301,2026-04-06,76,5
2428,1301,2026-02-18,89,4
2429,1302,2026-04-27,66,3
2430,1302,2026-04-05,73,4
2431,1302,2026-04-30,20,1
2432,1302,2026-07-02,88,4
2433,1302,2026-04-23,55,4
2434,1302,2026-05-19,84,4
2435,1302,2026-04-20,33,1
2436,1302,2026-05-20,53,4
2437,1302,2026-05-31,61,5
2438,1303,2026-04-18,83,6
2439,1303,2026-04-23,74,5
2440,1303,2026-02-09,39,1
2441,1303,2026-05-16,39,1
2442,1303,2026-05-14,64,5
2443,1303,2026-02-03,79,4
2444,1303,2026-04-07,53,2
2445,1303,2026-03-01,57,4
2446,1303,2026-05-12,59,3
2447,1304,2026-04-20,49,2
2448,1304,2026-06-11,66,4
2449,1304,2026-07-10,15,1
2450,1304,2026-06-05,17,1
2451,1304,2026-03-31,59,2
2452,1304,2026-04-15,32,1
2453,1305,2026-01-18,46,3
2454,1305,2026-01-14,71,5
2455,1305,2026-02-18,64,4
2456,1305,2026-04-27,22,2
2457,1305,2026-02-04,33,2
2458,1305,2026-01-22,54,2
2459,1305,2026-02-02,81,6
2460,1305,2026-01-23,49,2
2461,1305,2026-02-01,24,1
2462,1306,2026-02-01,50,4
2463,1306,2026-04-23,81,5
2464,1306,2026-01-12,29,1
2465,1306,2026-02-20,61,5
2466,1306,2026-04-03,79,4
2467,1306,2026-03-17,65,4
2468,1307,2026-02-21,21,1
2469,1307,2026-03-11,71,5
2470,1307,2026-04-12,89,5
2471,1307,2026-05-17,88,5
2472,1307,2026-05-14,66,3
2473,1307,2026-05-05,77,5
2474,1307,2026-03-26,40,1
2475,1307,2026-04-28,47,4
2476,1308,2026-03-11,34,1
2477,1308,2026-03-06,15,2
2478,1308,2026-03-06,45,2
2479,1308,2026-03-08,36,1
2480,1308,2026-03-12,52,4
2481,1308,2026-06-15,38,3
2482,1308,2026-06-04,82,6
2483,1308,2026-04-03,89,4
2484,1308,2026-02-22,27,2
2485,1308,2026-04-27,39,3
2486,1309,2026-03-29,54,3
2487,1309,2026-05-03,76,6
2488,1309,2026-02-01,19,1
2489,1309,2026-02-20,21,1
2490,1309,2026-03-27,17,2
2491,1309,2026-05-05,30,3
2492,1309,2026-05-16,81,6
2493,1310,2026-04-16,43,2
2494,1310,2026-05-16,40,1
2495,1310,2026-02-08,29,1
2496,1310,2026-05-01,87,6
2497,1310,2026-04-20,43,2
2498,1310,2026-05-26,29,2
2499,1310,2026-05-11,53,2
2500,1310,2026-05-06,18,1
2501,1310,2026-05-13,24,2
2502,1311,2026-06-14,15,1
2503,1311,2026-05-18,17,1
2504,1311,2026-04-01,43,1
2505,1311,2026-05-21,82,6
2506,1311,2026-03-13,53,3
2507,1311,2026-04-24,36,1
2508,1311,2026-04-08,27,2
2509,1311,2026-04-16,62,4
2510,1311,2026-03-22,90,6
2511,1312,2026-02-12,45,3
2512,1312,2026-04-07,55,2
2513,1312,2026-03-24,48,4
2514,1312,2026-02-04,27,1
2515,1312,2026-03-22,79,4
2516,1312,2026-02-26,53,2
2517,1312,2026-03-22,70,3
2518,1312,2026-04-26,24,2
2519,1313,2026-05-31,81,4
2520,1313,2026-03-31,40,3
2521,1313,2026-06-04,58,2
2522,1313,2026-04-02,61,4
2523,1313,2026-05-29,26,1
2524,1313,2026-06-20,66,4
2525,1313,2026-03-24,39,2
2526,1313,2026-03-14,26,1
2527,1313,2026-04-22,29,1
2528,1313,2026-04-28,31,2
2529,1314,2026-03-27,54,3
2530,1314,2026-06-02,86,6
2531,1314,2026-02-27,26,2
2532,1314,2026-06-06,62,5
2533,1314,2026-06-06,62,5
2534,1314,2026-04-12,55,2
2535,1314,2026-05-06,19,2
2536,1315,2026-05-02,84,6
2537,1315,2026-06-08,89,6
2538,1315,2026-05-23,27,2
2539,1315,2026-03-05,28,1
2540,1315,2026-03-18,87,4
2541,1315,2026-04-28,62,4
2542,1315,2026-05-13,53,2
2543,1315,2026-05-10,71,4
2544,1315,2026-06-11,33,1
2545,1316,2026-02-16,80,4
2546,1316,2026-05-01,53,3
2547,1316,2026-05-15,25,1
2548,1316,2026-05-30,35,2
2549,1316,2026-05-09,53,2
2550,1316,2026-03-30,21,1
2551,1316,2026-04-03,86,4
2552,1317,2026-04-11,53,4
2553,1317,2026-03-06,20,1
2554,1317,2026-05-01,26,1
2555,1317,2026-03-06,30,2
2556,1317,2026-04-03,41,3
2557,1317,2026-05-20,53,2
2558,1318,2026-03-18,37,2
2559,1318,2026-01-30,31,3
2560,1318,2026-04-19,24,2
2561,1318,2026-03-19,65,4
2562,1318,2026-02-15,44,3
2563,1318,2026-02-10,81,4
2564,1318,2026-02-14,48,4
2565,1318,2026-04-24,31,3
2566,1319,2026-05-21,17,1
2567,1319,2026-04-04,59,3
2568,1319,2026-06-03,34,2
2569,1319,2026-06-04,32,3
2570,1319,2026-06-05,67,4
2571,1319,2026-04-25,54,2
2572,1319,2026-04-06,81,5
2573,1319,2026-05-13,44,2
2574,1320,2026-05-05,30,1
2575,1320,2026-04-15,35,1
2576,1320,2026-04-28,18,2
2577,1320,2026-06-03,63,3
2578,1320,2026-06-06,23,2
2579,1320,2026-05-15,49,4
2580,1320,2026-06-02,38,1
2581,1320,2026-04-15,31,1
2582,1321,2026-03-10,21,1
2583,1321,2026-04-04,17,1
2584,1321,2026-05-14,48,2
2585,1321,2026-05-13,67,5
2586,1321,2026-02-26,73,5
2587,1321,2026-02-15,71,4
2588,1322,2026-04-21,57,2
2589,1322,2026-03-18,70,3
2590,1322,2026-02-28,37,3
2591,1322,2026-02-19,27,1
2592,1322,2026-04-29,52,4
2593,1322,2026-05-28,19,1
2594,1323,2026-05-07,29,1
2595,1323,2026-03-17,48,2
2596,1323,2026-04-17,83,5
2597,1323,2026-03-12,47,3
2598,1323,2026-03-16,79,6
2599,1323,2026-06-09,19,1
2600,1323,2026-03-27,18,1
2601,1323,2026-03-10,58,4
2602,1324,2026-06-08,59,4
2603,1324,2026-04-05,37,2
2604,1324,2026-06-04,73,3
2605,1324,2026-06-29,52,4
2606,1324,2026-05-04,25,1
2607,1324,2026-07-15,24,1
2608,1325,2026-03-07,44,1
2609,1325,2026-03-17,34,1
2610,1325,2026-03-19,81,6
2611,1325,2026-05-01,72,4
2612,1325,2026-03-13,34,3
2613,1325,2026-06-02,46,3
2614,1325,2026-03-29,89,4
2615,1325,2026-02-25,49,4
2616,1325,2026-03-23,69,4
2617,1326,2026-06-23,69,5
2618,1326,2026-02-28,71,5
2619,1326,2026-05-26,47,2
2620,1326,2026-05-31,40,2
2621,1326,2026-03-08,33,3
2622,1326,2026-03-05,42,2
2623,1326,2026-05-07,77,6
2624,1326,2026-06-07,17,1
2625,1326,2026-02-25,61,4
2626,1326,2026-06-13,27,1
2627,1327,2026-05-10,68,4
2628,1327,2026-05-18,83,4
2629,1327,2026-04-13,37,1
2630,1327,2026-03-27,50,2
2631,1327,2026-06-01,32,3
2632,1327,2026-06-12,37,3
2633,1327,2026-06-13,52,2
2634,1327,2026-04-13,37,3
2635,1327,2026-06-18,17,1
2636,1327,2026-05-29,70,3
2637,1328,2026-05-24,17,1
2638,1328,2026-06-04,76,4
2639,1328,2026-04-09,48,3
2640,1328,2026-02-19,90,6
2641,1328,2026-04-22,73,4
2642,1328,2026-02-25,70,3
2643,1328,2026-03-14,55,4
2644,1328,2026-03-15,58,4
2645,1328,2026-05-15,65,4
2646,1328,2026-04-22,55,2
2647,1329,2026-03-19,42,2
2648,1329,2026-04-07,62,4
2649,1329,2026-03-30,44,3
2650,1329,2026-03-30,70,4
2651,1329,2026-03-30,70,4
2652,1329,2026-04-09,57,2
2653,1330,2026-05-26,49,2
2654,1330,2026-05-02,81,6
2655,1330,2026-02-19,58,4
2656,1330,2026-03-06,81,4
2657,1330,2026-03-04,69,3
2658,1330,2026-03-07,47,3
2659,1330,2026-05-17,29,1
2660,1330,2026-04-10,20,1
2661,1331,2026-05-05,35,1
2662,1331,2026-04-28,31,3
2663,1331,2026-06-09,36,2
2664,1331,2026-05-26,80,6
2665,1331,2026-03-29,82,6
2666,1331,2026-05-31,31,3
2667,1331,2026-06-13,76,5
2668,1332,2026-03-23,58,4
2669,1332,2026-05-17,88,6
2670,1332,2026-03-01,36,1
2671,1332,2026-03-17,59,4
2672,1332,2026-06-02,74,5
2673,1332,2026-03-07,80,5
2674,1333,2026-04-18,39,1
2675,1333,2026-06-21,50,4
2676,1333,2026-05-15,34,3
2677,1333,2026-06-22,61,4
2678,1333,2026-06-19,23,2
2679,1333,2026-07-07,37,1
2680,1333,2026-07-04,22,1
2681,1333,2026-04-03,33,2
2682,1333,2026-04-10,28,1
2683,1334,2026-04-20,81,6
2684,1334,2026-02-18,62,4
2685,1334,2026-05-09,28,1
2686,1334,2026-03-11,73,3
2687,1334,2026-04-06,35,1
2688,1334,2026-05-23,75,4
2689,1334,2026-05-22,77,6
2690,1334,2026-05-21,27,1
2691,1334,2026-04-26,71,4
2692,1335,2026-03-26,47,2
2693,1335,2026-05-13,15,1
2694,1335,2026-02-18,70,4
2695,1335,2026-02-13,69,3
2696,1335,2026-02-17,26,1
2697,1335,2026-03-27,29,1
2698,1335,2026-04-08,16,1
2699,1335,2026-03-27,57,2
2700,1335,2026-01-31,62,5
2701,1335,2026-01-31,51,2
2702,1336,2026-04-30,74,5
2703,1336,2026-02-09,89,6
2704,1336,2026-05-13,78,6
2705,1336,2026-01-31,89,5
2706,1336,2026-02-19,49,2
2707,1336,2026-03-16,55,2
2708,1337,2026-05-28,80,4
2709,1337,2026-05-16,46,3
2710,1337,2026-03-27,22,2
2711,1337,2026-06-15,72,3
2712,1337,2026-07-15,49,3
2713,1337,2026-05-31,15,1
2714,1337,2026-03-29,43,2
2715,1337,2026-07-03,70,4
2716,1338,2026-03-20,32,1
2717,1338,2026-04-27,24,1
2718,1338,2026-05-08,61,4
2719,1338,2026-01-24,16,1
2720,1338,2026-02-06,46,4
2721,1338,2026-02-23,68,4
2722,1338,2026-03-22,45,4
2723,1338,2026-02-27,20,1
2724,1339,2026-02-28,26,1
2725,1339,2026-01-28,22,1
2726,1339,2026-02-14,32,1
2727,1339,2026-01-26,79,6
2728,1339,2026-02-20,60,5
2729,1339,2026-03-07,49,4
2730,1340,2026-01-30,64,4
2731,1340,2026-05-13,44,1
2732,1340,2026-03-14,39,3
2733,1340,2026-03-11,44,1
2734,1340,2026-04-10,41,3
2735,1340,2026-05-05,65,4
2736,1341,2026-05-13,57,4
2737,1341,2026-02-05,16,2
2738,1341,2026-02-18,86,6
2739,1341,2026-03-08,34,3
2740,1341,2026-02-17,32,1
2741,1341,2026-05-06,89,4
2742,1341,2026-05-11,80,6
2743,1341,2026-05-25,15,1
2744,1341,2026-02-03,46,4
2745,1342,2026-04-01,69,5
2746,1342,2026-05-05,52,3
2747,1342,2026-03-21,44,2
2748,1342,2026-03-09,39,1
2749,1342,2026-02-10,87,6
2750,1342,2026-04-22,19,2
2751,1343,2026-04-12,59,2
2752,1343,2026-05-29,19,2
2753,1343,2026-04-13,88,4
2754,1343,2026-05-27,48,4
2755,1343,2026-04-26,40,2
2756,1343,2026-05-29,79,5
2757,1343,2026-07-01,71,3
2758,1343,2026-06-01,18,1
2759,1344,2026-05-13,77,6
2760,1344,2026-04-25,28,1
2761,1344,2026-05-18,36,2
2762,1344,2026-03-20,42,1
2763,1344,2026-05-22,80,6
2764,1344,2026-03-25,83,5
2765,1344,2026-05-07,40,1
2766,1344,2026-05-20,22,2
2767,1344,2026-05-27,69,3
2768,1345,2026-03-17,35,3
2769,1345,2026-04-19,56,3
2770,1345,2026-04-12,43,1
2771,1345,2026-05-25,25,1
2772,1345,2026-04-28,61,5
2773,1345,2026-06-03,19,2
2774,1345,2026-04-18,48,3
2775,1345,2026-04-12,31,3
2776,1345,2026-04-20,68,5
2777,1345,2026-05-16,71,3
2778,1346,2026-01-31,32,2
2779,1346,2026-05-05,77,6
2780,1346,2026-03-31,71,4
2781,1346,2026-01-21,41,1
2782,1346,2026-03-08,28,1
2783,1346,2026-01-28,79,4
2784,1346,2026-01-14,70,5
2785,1346,2026-03-24,66,3
2786,1346,2026-04-10,63,5
2787,1346,2026-03-23,79,4
2788,1347,2026-02-28,90,6
2789,1347,2026-05-30,74,3
2790,1347,2026-05-28,66,3
2791,1347,2026-06-19,67,3
2792,1347,2026-04-30,86,5
2793,1347,2026-04-21,72,4
2794,1348,2026-04-30,57,3
2795,1348,2026-05-23,37,3
2796,1348,2026-05-28,20,2
2797,1348,2026-04-21,87,5
2798,1348,2026-03-15,51,2
2799,1348,2026-06-25,56,3
2800,1349,2026-06-30,72,5
2801,1349,2026-06-02,47,4
2802,1349,2026-04-24,44,2
2803,1349,2026-05-22,19,2
2804,1349,2026-06-30,80,5
2805,1349,2026-05-06,68,4
2806,1349,2026-06-05,58,4
2807,1349,2026-06-30,76,5
2808,1349,2026-04-09,88,4
2809,1350,2026-05-01,38,3
2810,1350,2026-02-27,27,1
2811,1350,2026-01-19,28,1
2812,1350,2026-04-23,45,4
2813,1350,2026-02-05,29,1
2814,1350,2026-02-12,70,4
2815,1350,2026-03-17,39,1
2816,1350,2026-04-03,74,4
2817,1350,2026-03-16,88,4
2818,1350,2026-01-26,51,3
2819,1351,2026-04-14,47,3
2820,1351,2026-02-04,81,6
2821,1351,2026-05-12,16,1
2822,1351,2026-05-16,41,2
2823,1351,2026-02-09,22,1
2824,1351,2026-02-02,33,2
2825,1351,2026-03-14,73,3
2826,1351,2026-02-09,39,2
2827,1351,2026-03-01,87,6
2828,1352,2026-06-17,59,3
2829,1352,2026-04-06,46,2
2830,1352,2026-05-10,49,2
2831,1352,2026-06-05,64,5
2832,1352,2026-05-09,47,4
2833,1352,2026-05-30,27,1
2834,1352,2026-04-11,72,3
2835,1353,2026-04-12,89,6
2836,1353,2026-03-30,33,3
2837,1353,2026-07-11,17,1
2838,1353,2026-06-01,46,2
2839,1353,2026-05-03,70,4
2840,1353,2026-04-10,15,1
2841,1353,2026-05-13,71,3
2842,1353,2026-07-07,86,6
2843,1353,2026-03-24,32,3
2844,1353,2026-04-29,67,4
2845,1354,2026-04-02,59,2
2846,1354,2026-06-11,35,2
2847,1354,2026-06-06,81,6
2848,1354,2026-06-30,82,6
2849,1354,2026-07-11,64,4
2850,1354,2026-07-11,60,3
2851,1355,2026-02-09,41,3
2852,1355,2026-03-23,24,2
2853,1355,2026-04-13,24,1
2854,1355,2026-05-02,46,3
2855,1355,2026-04-05,89,6
2856,1355,2026-05-01,32,3
2857,1355,2026-03-21,17,1
2858,1355,2026-02-13,69,3
2859,1356,2026-06-30,18,1
2860,1356,2026-06-12,64,5
2861,1356,2026-06-27,75,6
2862,1356,2026-05-08,45,3
2863,1356,2026-06-19,60,3
2864,1356,2026-03-14,22,1
2865,1356,2026-05-19,66,4
2866,1356,2026-05-12,32,2
2867,1356,2026-03-14,31,3
2868,1357,2026-02-16,16,2
2869,1357,2026-03-29,39,2
2870,1357,2026-05-24,19,2
2871,1357,2026-02-20,27,1
2872,1357,2026-03-01,82,4
2873,1357,2026-03-01,72,5
2874,1357,2026-03-25,29,1
2875,1357,2026-02-20,80,6
2876,1357,2026-03-26,26,2
2877,1358,2026-06-19,29,1
2878,1358,2026-05-21,69,5
2879,1358,2026-05-28,48,3
2880,1358,2026-06-19,21,2
2881,1358,2026-03-19,52,4
2882,1358,2026-06-17,17,1
2883,1358,2026-06-07,30,1
2884,1358,2026-05-28,73,4
2885,1359,2026-04-09,18,1
2886,1359,2026-03-15,74,5
2887,1359,2026-05-04,55,2
2888,1359,2026-06-10,22,1
2889,1359,2026-03-21,73,3
2890,1359,2026-03-17,76,5
2891,1359,2026-02-25,51,3
2892,1359,2026-04-12,39,2
2893,1359,2026-06-07,28,2
2894,1359,2026-05-12,44,1
2895,1360,2026-05-13,73,5
2896,1360,2026-03-28,75,6
2897,1360,2026-02-17,59,2
2898,1360,2026-04-09,83,6
2899,1360,2026-04-17,47,4
2900,1360,2026-03-23,52,4
2901,1360,2026-02-26,70,5
2902,1360,2026-03-25,25,1
2903,1360,2026-03-10,29,1
2904,1361,2026-01-30,59,2
2905,1361,2026-05-05,57,4
2906,1361,2026-04-02,64,4
2907,1361,2026-01-28,67,4
2908,1361,2026-04-03,31,1
2909,1361,2026-05-07,60,3
2910,1361,2026-01-16,86,6
2911,1361,2026-04-04,56,4
2912,1361,2026-03-23,53,2
2913,1362,2026-05-07,18,1
2914,1362,2026-05-11,19,1
2915,1362,2026-04-08,69,4
2916,1362,2026-04-07,30,2
2917,1362,2026-04-20,31,2
2918,1362,2026-04-28,51,3
2919,1362,2026-05-29,34,2
2920,1362,2026-05-24,38,2
2921,1362,2026-03-24,49,3
2922,1362,2026-05-19,43,2
2923,1363,2026-06-10,65,3
2924,1363,2026-04-06,22,1
2925,1363,2026-04-22,48,3
2926,1363,2026-06-03,46,2
2927,1363,2026-03-18,71,4
2928,1363,2026-06-07,76,6
2929,1363,2026-05-22,86,5
2930,1363,2026-04-05,33,3
2931,1364,2026-05-03,51,3
2932,1364,2026-04-20,55,4
2933,1364,2026-04-19,19,2
2934,1364,2026-06-10,26,2
2935,1364,2026-04-03,28,1
2936,1364,2026-03-22,16,2
2937,1364,2026-06-08,81,5
2938,1364,2026-04-20,53,2
2939,1364,2026-05-18,69,4
2940,1364,2026-05-13,45,3
2941,1365,2026-04-08,33,1
2942,1365,2026-03-12,69,3
2943,1365,2026-05-27,53,3
2944,1365,2026-03-15,90,6
2945,1365,2026-04-27,46,4
2946,1365,2026-06-17,43,1
2947,1365,2026-04-09,62,4
2948,1365,2026-06-06,21,1
2949,1365,2026-03-23,56,2
2950,1366,2026-06-27,85,5
2951,1366,2026-03-28,59,2
2952,1366,2026-06-28,38,3
2953,1366,2026-05-20,82,4
2954,1366,2026-04-29,26,1
2955,1366,2026-07-12,22,2
2956,1366,2026-05-22,40,1
2957,1367,2026-03-07,80,4
2958,1367,2026-06-07,46,3
2959,1367,2026-04-25,45,4
2960,1367,2026-05-11,74,3
2961,1367,2026-04-27,60,4
2962,1367,2026-03-19,42,3
2963,1367,2026-05-07,38,1
2964,1368,2026-03-31,51,3
2965,1368,2026-03-28,46,4
2966,1368,2026-04-28,86,5
2967,1368,2026-03-16,67,5
2968,1368,2026-03-03,84,5
2969,1368,2026-04-24,61,5
2970,1368,2026-03-22,30,2
2971,1368,2026-02-05,68,5
2972,1368,2026-03-20,87,6
2973,1368,2026-03-30,35,3
2974,1369,2026-06-11,25,2
2975,1369,2026-05-12,43,2
2976,1369,2026-05-04,28,2
2977,1369,2026-03-28,42,3
2978,1369,2026-05-27,32,3
2979,1369,2026-05-11,73,5
2980,1370,2026-05-21,83,5
2981,1370,2026-06-08,68,5
2982,1370,2026-06-23,35,3
2983,1370,2026-05-22,77,6
2984,1370,2026-02-26,45,2
2985,1370,2026-06-01,18,2
2986,1370,2026-04-04,48,3
2987,1370,2026-04-28,76,6
2988,1370,2026-03-14,28,1
2989,1370,2026-02-25,69,3
2990,1371,2026-06-10,31,3
2991,1371,2026-07-11,16,2
2992,1371,2026-06-04,78,5
2993,1371,2026-06-20,83,4
2994,1371,2026-06-27,40,1
2995,1371,2026-07-21,89,4
2996,1371,2026-06-15,38,2
2997,1371,2026-06-14,53,3
2998,1372,2026-06-10,43,3
2999,1372,2026-04-02,46,3
3000,1372,2026-06-07,27,2
3001,1372,2026-07-01,46,4
3002,1372,2026-04-03,83,5
3003,1372,2026-06-10,25,1
3004,1372,2026-07-12,87,4
3005,1373,2026-02-21,25,2
3006,1373,2026-04-26,52,2
3007,1373,2026-02-28,43,1
3008,1373,2026-05-20,72,4
3009,1373,2026-03-07,21,2
3010,1373,2026-02-18,87,6
3011,1373,2026-03-25,69,4
3012,1374,2026-06-05,19,1
3013,1374,2026-05-18,50,3
3014,1374,2026-03-26,79,4
3015,1374,2026-03-13,88,5
3016,1374,2026-02-26,46,4
3017,1374,2026-03-31,83,4
3018,1374,2026-03-14,35,1
3019,1375,2026-06-13,51,4
3020,1375,2026-04-06,61,4
3021,1375,2026-06-03,37,3
3022,1375,2026-07-07,19,2
3023,1375,2026-03-29,86,5
3024,1375,2026-06-14,85,5
3025,1375,2026-06-26,66,5
3026,1375,2026-05-22,75,4
3027,1375,2026-05-27,65,5
3028,1376,2026-04-05,37,2
3029,1376,2026-05-14,81,5
3030,1376,2026-05-26,85,4
3031,1376,2026-04-15,27,1
3032,1376,2026-04-15,19,1
3033,1376,2026-07-03,86,4
3034,1376,2026-04-25,65,4
3035,1376,2026-04-30,15,1
3036,1377,2026-02-11,81,4
3037,1377,2026-01-31,63,5
3038,1377,2026-05-08,67,5
3039,1377,2026-01-29,52,3
3040,1377,2026-04-14,34,2
3041,1377,2026-04-26,58,4
3042,1378,2026-03-10,28,1
3043,1378,2026-02-12,54,3
3044,1378,2026-04-08,46,4
3045,1378,2026-04-06,68,5
3046,1378,2026-05-12,51,2
3047,1378,2026-01-25,20,1
3048,1379,2026-06-05,46,2
3049,1379,2026-04-12,74,3
3050,1379,2026-05-08,43,3
3051,1379,2026-06-14,44,1
3052,1379,2026-05-30,40,2
3053,1379,2026-06-29,20,2
3054,1379,2026-04-04,15,1
3055,1380,2026-04-24,57,3
3056,1380,2026-05-06,69,3
3057,1380,2026-04-15,60,5
3058,1380,2026-03-02,57,3
3059,1380,2026-02-23,53,3
3060,1380,2026-02-08,44,1
3061,1380,2026-05-07,36,3
3062,1380,2026-04-04,67,5
3063,1380,2026-03-31,23,1
3064,1381,2026-04-30,21,1
3065,1381,2026-02-01,22,2
3066,1381,2026-04-10,71,3
3067,1381,2026-03-20,82,4
3068,1381,2026-04-18,46,4
3069,1381,2026-01-11,68,5
3070,1381,2026-01-31,42,3
3071,1381,2026-02-08,80,4
3072,1381,2026-01-23,60,5
3073,1382,2026-04-19,23,1
3074,1382,2026-06-05,83,4
3075,1382,2026-06-02,66,5
3076,1382,2026-05-22,49,3
3077,1382,2026-05-20,73,3
3078,1382,2026-06-03,38,2
3079,1382,2026-06-19,42,3
3080,1382,2026-04-04,56,3
3081,1382,2026-03-27,50,2
3082,1382,2026-05-18,38,1
3083,1383,2026-02-22,55,2
3084,1383,2026-04-30,56,2
3085,1383,2026-03-21,76,6
3086,1383,2026-03-03,26,1
3087,1383,2026-02-07,16,1
3088,1383,2026-04-19,65,5
3089,1383,2026-05-27,83,5
3090,1383,2026-05-12,74,4
3091,1383,2026-03-11,37,1
3092,1384,2026-04-10,74,5
3093,1384,2026-03-03,17,1
3094,1384,2026-02-16,34,3
3095,1384,2026-02-20,41,2
3096,1384,2026-02-15,40,1
3097,1384,2026-01-31,18,1
3098,1384,2026-04-28,83,5
3099,1384,2026-01-23,48,3
3100,1384,2026-04-07,51,4
3101,1385,2026-03-06,30,3
3102,1385,2026-05-14,86,4
3103,1385,2026-05-28,20,1
3104,1385,2026-04-03,36,1
3105,1385,2026-04-25,27,1
3106,1385,2026-06-16,70,5
3107,1385,2026-04-04,57,4
3108,1385,2026-06-25,84,4
3109,1386,2026-03-05,69,3
3110,1386,2026-01-31,19,2
3111,1386,2026-05-29,84,6
3112,1386,2026-03-02,52,4
3113,1386,2026-03-19,15,1
3114,1386,2026-02-22,29,2
3115,1386,2026-04-08,22,1
3116,1386,2026-02-04,83,5
3117,1386,2026-04-21,55,3
3118,1387,2026-05-11,18,1
3119,1387,2026-03-15,27,2
3120,1387,2026-05-21,15,2
3121,1387,2026-05-09,27,1
3122,1387,2026-02-16,40,1
3123,1387,2026-04-24,79,4
3124,1388,2026-03-24,27,2
3125,1388,2026-04-28,57,2
3126,1388,2026-03-15,86,5
3127,1388,2026-04-23,57,2
3128,1388,2026-03-12,41,1
3129,1388,2026-05-01,88,6
3130,1388,2026-04-25,20,2
3131,1388,2026-05-16,21,1
3132,1389,2026-07-02,47,4
3133,1389,2026-03-25,70,4
3134,1389,2026-06-01,34,3
3135,1389,2026-04-29,61,5
3136,1389,2026-05-15,20,1
3137,1389,2026-04-03,50,3
3138,1389,2026-06-09,63,3
3139,1389,2026-04-30,81,5
3140,1389,2026-05-04,71,4
3141,1389,2026-03-28,22,1
3142,1390,2026-03-18,50,3
3143,1390,2026-06-09,46,3
3144,1390,2026-02-28,69,5
3145,1390,2026-04-17,57,4
3146,1390,2026-03-01,68,3
3147,1390,2026-05-07,53,2
3148,1390,2026-04-30,34,3
3149,1390,2026-03-26,90,5
3150,1390,2026-03-31,77,5
3151,1391,2026-06-09,44,1
3152,1391,2026-06-22,90,6
3153,1391,2026-03-25,30,2
3154,1391,2026-05-11,37,3
3155,1391,2026-05-11,36,2
3156,1391,2026-05-06,83,6
3157,1392,2026-03-20,42,1
3158,1392,2026-04-05,35,2
3159,1392,2026-04-26,42,2
3160,1392,2026-03-06,68,5
3161,1392,2026-01-19,44,3
3162,1392,2026-01-27,63,3
3163,1392,2026-03-11,33,3
3164,1392,2026-03-18,17,2
3165,1392,2026-01-18,81,6
3166,1393,2026-03-02,86,6
3167,1393,2026-03-20,15,2
3168,1393,2026-01-25,23,1
3169,1393,2026-01-31,88,5
3170,1393,2026-01-10,67,5
3171,1393,2026-02-15,22,1
3172,1393,2026-02-04,78,6
3173,1393,2026-04-24,59,3
3174,1393,2026-03-24,77,6
3175,1393,2026-01-23,61,5
3176,1394,2026-04-12,78,4
3177,1394,2026-03-14,60,4
3178,1394,2026-02-26,43,2
3179,1394,2026-03-02,90,6
3180,1394,2026-06-18,39,1
3181,1394,2026-06-06,31,1
3182,1395,2026-04-07,70,5
3183,1395,2026-03-29,23,1
3184,1395,2026-03-31,31,2
3185,1395,2026-05-14,37,1
3186,1395,2026-02-04,46,3
3187,1395,2026-05-11,57,4
3188,1395,2026-04-27,65,3
3189,1396,2026-02-21,47,2
3190,1396,2026-05-13,83,6
3191,1396,2026-03-11,77,6
3192,1396,2026-04-03,68,4
3193,1396,2026-04-20,16,1
3194,1396,2026-01-31,67,3
3195,1396,2026-03-24,53,4
3196,1396,2026-04-18,86,4
3197,1396,2026-03-30,39,3
3198,1397,2026-02-22,64,5
3199,1397,2026-03-15,39,3
3200,1397,2026-03-19,30,3
3201,1397,2026-05-08,17,2
3202,1397,2026-04-18,80,4
3203,1397,2026-05-01,26,1
3204,1397,2026-03-11,48,2
3205,1397,2026-02-23,71,5
3206,1397,2026-06-03,37,1
3207,1397,2026-04-29,88,4
3208,1398,2026-05-15,40,2
3209,1398,2026-03-07,64,3
3210,1398,2026-04-05,80,6
3211,1398,2026-05-12,56,2
3212,1398,2026-03-19,72,3
3213,1398,2026-04-24,57,2
3214,1399,2026-05-07,73,3
3215,1399,2026-04-12,58,3
3216,1399,2026-04-06,22,2
3217,1399,2026-01-14,54,4
3218,1399,2026-03-17,67,4
3219,1399,2026-02-22,54,2
3220,1399,2026-01-29,55,3
3221,1400,2026-04-09,22,1
3222,1400,2026-03-12,68,4
3223,1400,2026-05-05,69,3
3224,1400,2026-03-23,33,2
3225,1400,2026-01-30,42,2
3226,1400,2026-05-15,15,1
3227,1400,2026-03-24,58,3
3228,1400,2026-03-25,22,1
3229,1401,2026-04-06,75,5
3230,1401,2026-05-24,42,2
3231,1401,2026-07-11,47,4
3232,1401,2026-06-09,77,6
3233,1401,2026-04-29,77,5
3234,1401,2026-04-17,80,6
3235,1401,2026-05-04,44,1
3236,1402,2026-06-10,86,6
3237,1402,2026-04-22,39,2
3238,1402,2026-05-12,32,3
3239,1402,2026-05-21,63,4
3240,1402,2026-04-04,22,1
3241,1402,2026-06-13,30,3
3242,1402,2026-02-22,57,3
3243,1402,2026-05-24,40,3
3244,1402,2026-03-10,70,5
3245,1403,2026-05-04,48,4
3246,1403,2026-07-02,26,1
3247,1403,2026-05-31,40,1
3248,1403,2026-06-28,66,5
3249,1403,2026-03-31,41,3
3250,1403,2026-05-08,28,1
3251,1403,2026-06-30,74,3
3252,1403,2026-04-11,82,4
3253,1403,2026-07-02,33,3
3254,1404,2026-04-23,21,2
3255,1404,2026-04-16,44,3
3256,1404,2026-05-23,30,1
3257,1404,2026-02-03,59,2
3258,1404,2026-03-20,36,1
3259,1404,2026-02-24,39,2
3260,1404,2026-04-20,74,3
3261,1405,2026-04-25,32,2
3262,1405,2026-04-17,36,1
3263,1405,2026-04-23,36,2
3264,1405,2026-06-06,86,6
3265,1405,2026-04-01,57,3
3266,1405,2026-04-18,18,2
3267,1406,2026-06-16,44,1
3268,1406,2026-05-29,23,1
3269,1406,2026-06-20,82,6
3270,1406,2026-05-25,90,6
3271,1406,2026-06-08,15,1
3272,1406,2026-06-02,72,4
3273,1406,2026-03-28,23,2
3274,1407,2026-04-04,31,1
3275,1407,2026-05-02,25,1
3276,1407,2026-05-30,73,4
3277,1407,2026-07-13,44,3
3278,1407,2026-04-07,83,5
3279,1407,2026-07-12,64,3
3280,1408,2026-05-20,82,4
3281,1408,2026-05-03,28,1
3282,1408,2026-06-03,88,5
3283,1408,2026-06-20,19,1
3284,1408,2026-05-10,29,2
3285,1408,2026-05-08,27,2
3286,1409,2026-03-21,19,1
3287,1409,2026-04-15,37,2
3288,1409,2026-05-10,48,2
3289,1409,2026-04-11,38,2
3290,1409,2026-05-28,37,3
3291,1409,2026-02-28,71,4
3292,1409,2026-05-03,33,2
3293,1409,2026-02-27,18,1
3294,1410,2026-03-07,36,3
3295,1410,2026-03-21,35,3
3296,1410,2026-04-25,64,5
3297,1410,2026-03-08,43,2
3298,1410,2026-01-24,58,4
3299,1410,2026-02-26,55,3
3300,1410,2026-05-09,18,1
3301,1410,2026-03-14,52,3
3302,1410,2026-02-14,32,2
3303,1411,2026-05-13,88,5
3304,1411,2026-03-23,81,4
3305,1411,2026-03-26,34,3
3306,1411,2026-02-24,15,1
3307,1411,2026-02-25,55,2
3308,1411,2026-05-26,42,1
3309,1411,2026-04-11,42,2
3310,1411,2026-05-01,25,2
3311,1411,2026-03-11,29,1
3312,1411,2026-02-24,15,2
3313,1412,2026-02-25,31,3
3314,1412,2026-03-31,35,1
3315,1412,2026-04-22,30,2
3316,1412,2026-02-22,89,4
3317,1412,2026-04-03,30,3
3318,1412,2026-03-09,85,4
3319,1412,2026-04-13,46,3
3320,1412,2026-04-18,64,4
3321,1412,2026-01-28,42,3
3322,1412,2026-03-12,87,5
3323,1413,2026-01-24,19,1
3324,1413,2026-01-28,42,1
3325,1413,2026-03-11,82,4
3326,1413,2026-04-15,52,4
3327,1413,2026-01-18,49,4
3328,1413,2026-03-09,33,2
3329,1413,2026-02-03,19,1
3330,1414,2026-04-14,83,4
3331,1414,2026-04-13,41,1
3332,1414,2026-03-31,23,1
3333,1414,2026-03-13,90,6
3334,1414,2026-04-25,79,4
3335,1414,2026-03-12,58,4
3336,1414,2026-04-08,56,2
3337,1415,2026-06-20,51,3
3338,1415,2026-04-14,51,4
3339,1415,2026-05-08,57,3
3340,1415,2026-06-15,32,2
3341,1415,2026-06-17,30,2
3342,1415,2026-06-16,52,4
3343,1415,2026-04-13,32,2
3344,1416,2026-03-19,22,1
3345,1416,2026-04-25,80,4
3346,1416,2026-02-28,18,1
3347,1416,2026-01-12,81,4
3348,1416,2026-04-10,16,1
3349,1416,2026-01-28,42,1
3350,1416,2026-04-20,49,4
3351,1416,2026-02-02,19,1
3352,1417,2026-02-26,43,3
3353,1417,2026-04-15,32,3
3354,1417,2026-06-04,84,4
3355,1417,2026-04-04,71,3
3356,1417,2026-04-19,80,4
3357,1417,2026-05-04,76,4
3358,1417,2026-05-04,45,2
3359,1417,2026-04-23,77,4
3360,1417,2026-04-20,83,6
3361,1418,2026-03-05,72,5
3362,1418,2026-03-23,81,5
3363,1418,2026-04-04,27,2
3364,1418,2026-04-19,23,1
3365,1418,2026-03-23,27,1
3366,1418,2026-03-25,33,3
3367,1419,2026-04-30,68,4
3368,1419,2026-02-22,25,1
3369,1419,2026-04-02,55,2
3370,1419,2026-02-25,37,1
3371,1419,2026-06-08,70,4
3372,1419,2026-03-16,78,5
3373,1419,2026-06-03,81,6
3374,1419,2026-02-25,53,3
3375,1419,2026-04-02,52,3
3376,1419,2026-06-08,89,4
3377,1420,2026-05-13,65,4
3378,1420,2026-04-27,37,3
3379,1420,2026-04-30,55,3
3380,1420,2026-05-20,59,2
3381,1420,2026-02-26,31,1
3382,1420,2026-01-27,78,5
3383,1421,2026-06-21,42,2
3384,1421,2026-05-02,28,1
3385,1421,2026-03-26,53,4
3386,1421,2026-05-23,68,3
3387,1421,2026-04-19,38,2
3388,1421,2026-04-03,55,2
3389,1422,2026-03-05,34,2
3390,1422,2026-06-15,15,1
3391,1422,2026-03-31,47,4
3392,1422,2026-04-23,35,1
3393,1422,2026-05-08,51,3
3394,1422,2026-06-04,21,2
3395,1422,2026-03-31,72,4
3396,1422,2026-02-21,82,4
3397,1422,2026-03-27,49,3
3398,1423,2026-06-01,42,2
3399,1423,2026-03-16,40,3
3400,1423,2026-02-21,60,5
3401,1423,2026-05-23,72,5
3402,1423,2026-05-20,28,1
3403,1423,2026-04-08,51,4
3404,1423,2026-05-26,87,4
3405,1423,2026-04-21,41,3
3406,1424,2026-06-07,54,4
3407,1424,2026-04-07,62,4
3408,1424,2026-04-22,53,3
3409,1424,2026-03-25,86,5
3410,1424,2026-04-27,33,1
3411,1424,2026-07-09,73,4
3412,1424,2026-07-12,70,3
3413,1424,2026-05-26,42,3
3414,1424,2026-06-04,16,2
3415,1424,2026-06-21,66,4
3416,1425,2026-04-28,70,3
3417,1425,2026-04-26,40,1
3418,1425,2026-01-13,83,4
3419,1425,2026-05-06,38,3
3420,1425,2026-02-06,28,1
3421,1425,2026-03-25,34,3
3422,1426,2026-02-17,28,1
3423,1426,2026-03-15,69,4
3424,1426,2026-03-31,83,5
3425,1426,2026-02-08,65,5
3426,1426,2026-04-09,44,2
3427,1426,2026-05-02,79,6
3428,1426,2026-05-03,19,1
3429,1427,2026-06-17,89,6
3430,1427,2026-05-10,23,2
3431,1427,2026-04-04,62,3
3432,1427,2026-06-07,84,5
3433,1427,2026-03-24,36,3
3434,1427,2026-05-26,39,1
3435,1427,2026-03-30,63,3
3436,1427,2026-04-05,51,3
3437,1427,2026-05-07,16,2
3438,1427,2026-05-26,38,1
3439,1428,2026-05-22,53,4
3440,1428,2026-03-26,55,2
3441,1428,2026-03-27,41,1
3442,1428,2026-07-03,57,3
3443,1428,2026-05-19,67,5
3444,1428,2026-04-09,31,3
3445,1429,2026-04-13,86,4
3446,1429,2026-06-19,85,6
3447,1429,2026-05-09,47,2
3448,1429,2026-07-02,33,3
3449,1429,2026-03-26,42,1
3450,1429,2026-07-09,74,5
3451,1429,2026-07-05,90,6
3452,1430,2026-05-11,85,5
3453,1430,2026-04-01,54,2
3454,1430,2026-04-17,49,2
3455,1430,2026-06-06,78,6
3456,1430,2026-03-24,19,1
3457,1430,2026-04-20,21,1
3458,1430,2026-04-07,20,1
3459,1430,2026-06-17,74,3
3460,1431,2026-05-03,60,5
3461,1431,2026-06-11,68,5
3462,1431,2026-06-12,42,3
3463,1431,2026-04-08,24,2
3464,1431,2026-04-21,83,5
3465,1431,2026-03-01,60,5
3466,1431,2026-05-18,51,3
3467,1431,2026-03-05,56,4
3468,1431,2026-05-07,78,4
3469,1431,2026-06-03,58,4
3470,1432,2026-07-09,80,5
3471,1432,2026-06-17,42,1
3472,1432,2026-06-18,53,2
3473,1432,2026-07-04,48,4
3474,1432,2026-05-21,79,6
3475,1432,2026-05-31,61,5
3476,1432,2026-06-05,15,2
3477,1432,2026-05-29,42,2
3478,1432,2026-06-12,15,1
3479,1433,2026-06-12,18,1
3480,1433,2026-03-16,15,1
3481,1433,2026-05-20,32,3
3482,1433,2026-03-19,89,4
3483,1433,2026-05-02,62,3
3484,1433,2026-05-07,48,3
3485,1433,2026-03-10,35,2
3486,1434,2026-06-19,25,2
3487,1434,2026-03-28,70,4
3488,1434,2026-06-14,36,3
3489,1434,2026-05-06,55,4
3490,1434,2026-06-25,20,2
3491,1434,2026-03-10,34,2
3492,1434,2026-05-25,20,1
3493,1435,2026-02-18,29,2
3494,1435,2026-04-24,19,2
3495,1435,2026-03-26,78,6
3496,1435,2026-03-02,56,2
3497,1435,2026-02-05,50,4
3498,1435,2026-02-15,78,4
3499,1435,2026-03-31,42,3
3500,1435,2026-03-01,32,3
3501,1435,2026-05-20,50,2
3502,1435,2026-02-26,85,6
3503,1436,2026-03-10,26,2
3504,1436,2026-05-16,79,4
3505,1436,2026-03-12,81,5
3506,1436,2026-05-05,61,3
3507,1436,2026-04-24,29,1
3508,1436,2026-06-06,67,4
3509,1436,2026-06-11,89,4
3510,1436,2026-06-20,35,1
3511,1437,2026-04-09,81,6
3512,1437,2026-03-30,32,3
3513,1437,2026-03-31,16,1
3514,1437,2026-04-11,63,4
3515,1437,2026-03-30,29,1
3516,1437,2026-04-20,34,1
3517,1437,2026-04-16,77,4
3518,1437,2026-05-18,56,3
3519,1437,2026-03-21,29,1
3520,1437,2026-02-25,59,3
3521,1438,2026-01-24,22,1
3522,1438,2026-04-03,20,1
3523,1438,2026-03-09,52,4
3524,1438,2026-04-11,57,3
3525,1438,2026-02-01,45,3
3526,1438,2026-03-13,65,5
3527,1438,2026-01-18,57,3
3528,1438,2026-02-22,46,4
3529,1438,2026-01-21,81,5
3530,1438,2026-04-28,68,3
3531,1439,2026-03-22,19,1
3532,1439,2026-07-03,38,2
3533,1439,2026-05-13,76,4
3534,1439,2026-03-16,86,4
3535,1439,2026-03-11,28,1
3536,1439,2026-05-18,24,2
3537,1440,2026-06-09,87,5
3538,1440,2026-07-01,19,1
3539,1440,2026-04-23,34,2
3540,1440,2026-04-25,45,3
3541,1440,2026-04-10,63,3
3542,1440,2026-06-27,34,1
3543,1440,2026-05-27,26,1
3544,1440,2026-04-03,17,1
3545,1440,2026-06-12,48,2
3546,1441,2026-05-17,89,5
3547,1441,2026-02-23,88,5
3548,1441,2026-03-02,76,5
3549,1441,2026-02-10,15,2
3550,1441,2026-02-06,52,2
3551,1441,2026-05-01,45,4
3552,1441,2026-03-07,39,3
3553,1441,2026-03-30,59,4
3554,1441,2026-03-03,27,1
3555,1442,2026-03-04,62,3
3556,1442,2026-05-20,37,2
3557,1442,2026-04-12,44,2
3558,1442,2026-04-02,17,1
3559,1442,2026-03-18,76,6
3560,1442,2026-04-02,84,5
3561,1442,2026-02-02,70,4
3562,1442,2026-03-02,69,5
3563,1442,2026-03-24,22,2
3564,1443,2026-04-10,80,5
3565,1443,2026-03-13,18,1
3566,1443,2026-02-18,23,2
3567,1443,2026-03-11,60,3
3568,1443,2026-05-24,78,4
3569,1443,2026-06-11,72,4
3570,1443,2026-04-11,65,3
3571,1444,2026-03-18,45,4
3572,1444,2026-03-16,77,4
3573,1444,2026-06-02,61,4
3574,1444,2026-04-09,71,4
3575,1444,2026-04-08,43,3
3576,1444,2026-04-26,82,6
3577,1444,2026-05-10,69,4
3578,1445,2026-06-23,34,3
3579,1445,2026-05-31,24,1
3580,1445,2026-03-19,45,3
3581,1445,2026-03-27,81,5
3582,1445,2026-03-25,75,4
3583,1445,2026-06-22,21,1
3584,1445,2026-05-17,68,4
3585,1445,2026-04-23,43,1
3586,1445,2026-06-25,87,5
3587,1446,2026-03-02,22,2
3588,1446,2026-03-22,21,2
3589,1446,2026-05-24,80,5
3590,1446,2026-04-13,43,2
3591,1446,2026-06-13,59,3
3592,1446,2026-04-08,82,6
3593,1447,2026-05-25,29,1
3594,1447,2026-06-04,34,3
3595,1447,2026-06-27,32,1
3596,1447,2026-05-16,48,2
3597,1447,2026-04-11,60,4
3598,1447,2026-06-30,49,3
3599,1447,2026-05-26,34,2
3600,1447,2026-06-22,87,6
3601,1447,2026-04-25,85,6
3602,1448,2026-05-22,86,6
3603,1448,2026-04-25,60,5
3604,1448,2026-05-04,58,2
3605,1448,2026-04-01,72,3
3606,1448,2026-05-25,44,1
3607,1448,2026-03-29,79,4
3608,1448,2026-03-23,41,3
3609,1448,2026-04-06,66,4
3610,1449,2026-02-08,54,3
3611,1449,2026-05-09,31,1
3612,1449,2026-05-08,81,6
3613,1449,2026-03-15,60,3
3614,1449,2026-03-17,64,3
3615,1449,2026-05-20,75,6
3616,1450,2026-05-26,29,1
3617,1450,2026-05-30,81,4
3618,1450,2026-03-14,37,2
3619,1450,2026-03-06,20,1
3620,1450,2026-05-27,65,5
3621,1450,2026-03-30,81,4
3622,1450,2026-03-31,86,5
3623,1451,2026-02-17,90,6
3624,1451,2026-02-25,17,2
3625,1451,2026-06-02,58,3
3626,1451,2026-03-10,83,4
3627,1451,2026-03-16,77,4
3628,1451,2026-03-07,43,3
3629,1451,2026-03-10,44,2
3630,1451,2026-06-17,41,3
3631,1452,2026-04-25,21,1
3632,1452,2026-04-16,85,5
3633,1452,2026-04-30,48,3
3634,1452,2026-04-18,87,5
3635,1452,2026-04-01,37,1
3636,1452,2026-05-18,65,5
3637,1452,2026-04-16,77,6
3638,1453,2026-02-27,28,2
3639,1453,2026-02-12,36,1
3640,1453,2026-04-14,84,4
3641,1453,2026-05-05,89,6
3642,1453,2026-04-14,69,4
3643,1453,2026-02-18,48,3
3644,1453,2026-04-17,44,3
3645,1453,2026-03-31,79,4
3646,1453,2026-03-26,61,4
3647,1454,2026-04-01,34,2
3648,1454,2026-04-06,64,4
3649,1454,2026-04-10,29,2
3650,1454,2026-02-02,57,3
3651,1454,2026-04-06,36,3
3652,1454,2026-03-28,71,3
3653,1454,2026-01-20,16,2
3654,1454,2026-04-08,76,5
3655,1454,2026-03-10,61,3
3656,1454,2026-05-12,45,2
3657,1455,2026-03-23,50,3
3658,1455,2026-01-29,49,3
3659,1455,2026-02-08,64,4
3660,1455,2026-02-25,81,5
3661,1455,2026-04-15,71,3
3662,1455,2026-05-18,80,5
3663,1456,2026-05-14,38,2
3664,1456,2026-06-10,75,5
3665,1456,2026-05-01,65,5
3666,1456,2026-06-08,71,4
3667,1456,2026-06-02,19,1
3668,1456,2026-06-19,23,1
3669,1456,2026-04-21,54,3
3670,1456,2026-05-21,89,4
3671,1457,2026-05-17,39,2
3672,1457,2026-03-31,72,3
3673,1457,2026-05-12,72,5
3674,1457,2026-03-01,38,2
3675,1457,2026-04-18,45,2
3676,1457,2026-03-07,79,5
3677,1458,2026-04-19,59,4
3678,1458,2026-04-20,85,4
3679,1458,2026-04-28,38,3
3680,1458,2026-01-22,47,2
3681,1458,2026-03-05,20,1
3682,1458,2026-03-06,78,6
3683,1458,2026-04-29,75,5
3684,1458,2026-02-21,22,1
3685,1458,2026-01-04,38,2
3686,1459,2026-06-06,51,4
3687,1459,2026-06-20,35,2
3688,1459,2026-04-11,64,4
3689,1459,2026-07-21,90,6
3690,1459,2026-06-09,20,1
3691,1459,2026-04-28,45,4
3692,1459,2026-07-15,89,4
3693,1459,2026-06-05,23,1
3694,1459,2026-04-20,33,1
3695,1460,2026-03-17,87,6
3696,1460,2026-03-02,24,1
3697,1460,2026-05-28,38,1
3698,1460,2026-05-28,29,1
3699,1460,2026-03-12,42,2
3700,1460,2026-02-10,59,3
3701,1460,2026-03-27,89,6
3702,1460,2026-02-16,63,5
3703,1460,2026-03-06,46,4
3704,1460,2026-05-26,40,1
3705,1461,2026-04-22,66,5
3706,1461,2026-06-28,85,4
3707,1461,2026-04-19,53,4
3708,1461,2026-05-09,75,4
3709,1461,2026-06-24,44,3
3710,1461,2026-07-11,21,1
3711,1461,2026-07-28,88,6
3712,1461,2026-04-06,50,4
3713,1461,2026-05-05,43,3
3714,1461,2026-05-05,68,4
3715,1462,2026-02-02,88,4
3716,1462,2026-02-08,18,1
3717,1462,2026-03-05,48,2
3718,1462,2026-01-12,25,2
3719,1462,2026-01-31,65,5
3720,1462,2026-05-03,72,3
3721,1462,2026-02-09,27,1
3722,1463,2026-04-09,59,4
3723,1463,2026-04-18,29,1
3724,1463,2026-05-05,37,2
3725,1463,2026-05-18,45,3
3726,1463,2026-02-28,59,3
3727,1463,2026-03-18,71,3
3728,1464,2026-05-06,61,3
3729,1464,2026-05-26,26,2
3730,1464,2026-05-20,81,6
3731,1464,2026-03-31,48,3
3732,1464,2026-03-23,66,3
3733,1464,2026-04-04,28,1
3734,1465,2026-01-27,15,1
3735,1465,2026-01-29,25,2
3736,1465,2026-03-02,29,2
3737,1465,2026-04-02,19,1
3738,1465,2026-03-21,62,5
3739,1465,2026-03-01,74,4
3740,1465,2026-03-20,63,4
3741,1465,2026-04-06,26,1
3742,1465,2026-04-25,21,1
3743,1466,2026-06-26,42,1
3744,1466,2026-05-04,71,5
3745,1466,2026-04-20,57,4
3746,1466,2026-04-11,28,2
3747,1466,2026-04-03,78,4
3748,1466,2026-07-02,87,4
3749,1466,2026-04-11,81,6
3750,1466,2026-04-19,85,6
3751,1466,2026-04-15,85,5
3752,1467,2026-05-27,72,4
3753,1467,2026-06-08,68,4
3754,1467,2026-04-09,59,4
3755,1467,2026-06-12,45,4
3756,1467,2026-05-08,58,4
3757,1467,2026-05-06,39,3
3758,1467,2026-03-30,17,1
3759,1467,2026-04-14,81,6
3760,1467,2026-05-23,85,6
3761,1467,2026-04-16,55,4
3762,1468,2026-03-12,76,4
3763,1468,2026-06-23,80,5
3764,1468,2026-06-01,42,1
3765,1468,2026-06-04,28,1
3766,1468,2026-04-16,86,5
3767,1468,2026-04-23,77,5
3768,1468,2026-03-12,72,5
3769,1468,2026-03-16,26,1
3770,1468,2026-05-11,81,4
3771,1469,2026-05-16,80,5
3772,1469,2026-02-08,40,2
3773,1469,2026-04-21,36,1
3774,1469,2026-04-28,68,3
3775,1469,2026-04-21,15,2
3776,1469,2026-03-05,42,2
3777,1469,2026-03-12,83,6
3778,1469,2026-05-22,21,1
3779,1469,2026-03-23,56,4
3780,1469,2026-05-27,70,4
3781,1470,2026-04-20,17,1
3782,1470,2026-02-02,26,1
3783,1470,2026-03-14,69,4
3784,1470,2026-04-09,73,5
3785,1470,2026-05-27,42,2
3786,1470,2026-05-29,49,4
3787,1470,2026-02-11,69,3
3788,1470,2026-02-28,78,5
3789,1470,2026-05-30,18,1
3790,1470,2026-04-11,21,2
3791,1471,2026-04-27,81,6
3792,1471,2026-05-09,25,1
3793,1471,2026-05-08,70,3
3794,1471,2026-04-03,18,2
3795,1471,2026-07-13,84,4
3796,1471,2026-05-06,72,3
3797,1471,2026-07-20,85,6
3798,1471,2026-06-27,49,2
3799,1471,2026-05-26,82,5
3800,1472,2026-01-12,71,4
3801,1472,2026-03-28,78,4
3802,1472,2026-03-11,54,2
3803,1472,2026-03-15,42,3
3804,1472,2026-05-09,90,6
3805,1472,2026-01-11,85,6
3806,1472,2026-05-03,74,3
3807,1472,2026-02-21,26,1
3808,1473,2026-05-10,20,1
3809,1473,2026-04-15,16,2
3810,1473,2026-06-05,53,4
3811,1473,2026-06-19,90,5
3812,1473,2026-05-08,24,2
3813,1473,2026-03-25,40,3
3814,1473,2026-06-16,33,3
3815,1473,2026-03-15,82,5
3816,1473,2026-03-16,52,4
3817,1474,2026-04-26,64,3
3818,1474,2026-04-11,26,2
3819,1474,2026-04-15,18,1
3820,1474,2026-05-24,59,4
3821,1474,2026-06-21,47,4
3822,1474,2026-06-09,79,5
3823,1474,2026-04-19,60,4
3824,1475,2026-05-25,44,2
3825,1475,2026-03-05,17,1
3826,1475,2026-06-13,83,4
3827,1475,2026-06-02,83,6
3828,1475,2026-04-24,61,4
3829,1475,2026-04-20,41,3
3830,1475,2026-05-20,78,4
3831,1475,2026-05-14,47,2
3832,1475,2026-06-16,51,4
3833,1475,2026-03-20,57,2
3834,1476,2026-04-04,70,5
3835,1476,2026-03-05,89,5
3836,1476,2026-03-27,65,3
3837,1476,2026-01-10,66,4
3838,1476,2026-02-09,65,4
3839,1476,2026-02-23,45,3
3840,1476,2026-02-08,40,2
3841,1476,2026-02-15,58,3
3842,1476,2026-04-12,65,3
3843,1477,2026-07-09,71,3
3844,1477,2026-06-22,69,3
3845,1477,2026-07-20,46,3
3846,1477,2026-03-31,25,1
3847,1477,2026-07-18,23,2
3848,1477,2026-06-21,50,3
3849,1478,2026-03-18,43,1
3850,1478,2026-02-13,63,4
3851,1478,2026-03-01,30,2
3852,1478,2026-05-17,61,4
3853,1478,2026-05-25,69,5
3854,1478,2026-04-02,84,4
3855,1478,2026-04-28,65,4
3856,1478,2026-02-19,17,1
3857,1478,2026-05-13,83,5
3858,1478,2026-05-28,53,2
3859,1479,2026-03-03,70,5
3860,1479,2026-02-14,75,6
3861,1479,2026-04-07,17,1
3862,1479,2026-05-01,49,2
3863,1479,2026-02-14,16,2
3864,1479,2026-06-06,73,5
3865,1479,2026-03-25,15,1
3866,1479,2026-02-15,72,5
3867,1479,2026-04-29,50,3
3868,1480,2026-05-18,34,3
3869,1480,2026-05-11,43,1
3870,1480,2026-05-30,90,6
3871,1480,2026-04-22,61,3
3872,1480,2026-06-25,28,1
3873,1480,2026-05-05,42,1
3874,1480,2026-07-15,72,5
3875,1480,2026-04-30,19,1
3876,1481,2026-02-19,51,2
3877,1481,2026-03-13,47,4
3878,1481,2026-04-25,86,6
3879,1481,2026-02-05,87,5
3880,1481,2026-01-31,67,3
3881,1481,2026-04-17,39,1
3882,1481,2026-02-25,23,1
3883,1481,2026-04-19,69,5
3884,1481,2026-02-24,17,2
3885,1481,2026-02-24,16,1
3886,1482,2026-06-02,79,6
3887,1482,2026-04-07,33,3
3888,1482,2026-03-19,49,4
3889,1482,2026-06-06,66,3
3890,1482,2026-03-30,56,4
3891,1482,2026-04-30,54,3
3892,1483,2026-02-05,54,4
3893,1483,2026-03-23,49,2
3894,1483,2026-05-19,70,3
3895,1483,2026-04-02,81,4
3896,1483,2026-03-17,50,3
3897,1483,2026-02-12,40,2
3898,1483,2026-05-02,55,2
3899,1483,2026-03-20,82,4
3900,1483,2026-05-20,21,1
3901,1484,2026-05-02,37,1
3902,1484,2026-06-30,75,4
3903,1484,2026-03-08,87,4
3904,1484,2026-03-14,44,1
3905,1484,2026-04-26,57,4
3906,1484,2026-04-25,59,3
3907,1484,2026-06-29,45,3
3908,1484,2026-06-18,43,1
3909,1485,2026-03-01,80,4
3910,1485,2026-03-28,88,5
3911,1485,2026-04-05,75,6
3912,1485,2026-01-18,86,6
3913,1485,2026-02-20,53,2
3914,1485,2026-02-08,49,2
3915,1485,2026-01-22,39,3
3916,1485,2026-04-26,90,6
3917,1485,2026-04-13,20,1
3918,1485,2026-01-11,16,1
3919,1486,2026-03-31,41,3
3920,1486,2026-03-25,88,4
3921,1486,2026-04-21,52,4
3922,1486,2026-03-30,32,3
3923,1486,2026-01-16,90,6
3924,1486,2026-02-28,65,4
3925,1486,2026-03-14,51,3
3926,1486,2026-02-14,28,2
3927,1486,2026-01-30,78,6
3928,1487,2026-05-09,77,4
3929,1487,2026-05-30,31,1
3930,1487,2026-04-03,74,4
3931,1487,2026-04-18,63,3
3932,1487,2026-06-02,54,2
3933,1487,2026-06-15,86,5
3934,1487,2026-04-24,40,1
3935,1487,2026-05-30,77,5
3936,1487,2026-05-31,61,4
3937,1488,2026-06-15,38,2
3938,1488,2026-03-15,64,3
3939,1488,2026-05-26,66,5
3940,1488,2026-06-16,25,1
3941,1488,2026-03-26,35,3
3942,1488,2026-04-16,85,6
3943,1488,2026-06-12,30,2
3944,1488,2026-02-26,74,3
3945,1489,2026-04-08,64,4
3946,1489,2026-03-26,70,4
3947,1489,2026-06-05,36,1
3948,1489,2026-03-30,63,5
3949,1489,2026-05-23,27,2
3950,1489,2026-05-03,59,3
3951,1489,2026-03-23,17,2
3952,1490,2026-02-03,56,4
3953,1490,2026-03-09,40,2
3954,1490,2026-02-28,58,4
3955,1490,2026-02-22,84,6
3956,1490,2026-04-07,22,1
3957,1490,2026-03-07,29,1
3958,1490,2026-04-13,77,4
3959,1490,2026-03-03,71,4
3960,1491,2026-04-13,80,4
3961,1491,2026-05-30,77,4
3962,1491,2026-06-28,87,4
3963,1491,2026-05-19,34,2
3964,1491,2026-06-10,89,6
3965,1491,2026-04-18,69,4
3966,1491,2026-06-09,75,4
3967,1491,2026-05-04,19,1
3968,1491,2026-05-02,36,1
3969,1491,2026-03-21,30,3
3970,1492,2026-02-23,16,1
3971,1492,2026-04-01,62,4
3972,1492,2026-05-12,63,4
3973,1492,2026-05-04,32,1
3974,1492,2026-03-13,28,1
3975,1492,2026-03-24,70,4
3976,1492,2026-04-08,90,6
3977,1492,2026-03-12,59,3
3978,1493,2026-05-26,87,4
3979,1493,2026-03-18,75,4
3980,1493,2026-03-04,40,1
3981,1493,2026-02-19,52,3
3982,1493,2026-05-08,25,1
3983,1493,2026-03-11,44,2
3984,1494,2026-03-05,25,1
3985,1494,2026-03-19,26,1
3986,1494,2026-02-27,86,5
3987,1494,2026-02-26,19,1
3988,1494,2026-03-07,67,3
3989,1494,2026-02-19,23,1
3990,1494,2026-03-14,46,2
3991,1494,2026-03-08,64,4
3992,1494,2026-05-13,74,4
3993,1494,2026-04-14,42,3
3994,1495,2026-03-12,15,1
3995,1495,2026-02-03,27,2
3996,1495,2026-01-12,45,3
3997,1495,2026-01-29,52,4
3998,1495,2026-03-17,60,3
3999,1495,2026-03-22,78,6
4000,1495,2026-03-30,79,5
4001,1495,2026-01-11,80,6
4002,1496,2026-03-10,79,4
4003,1496,2026-04-02,45,2
4004,1496,2026-03-10,39,3
4005,1496,2026-05-11,75,6
4006,1496,2026-05-18,79,4
4007,1496,2026-05-07,64,3
4008,1496,2026-05-09,81,5
4009,1496,2026-04-17,34,3
4010,1496,2026-05-05,58,3
4011,1496,2026-04-25,39,2
4012,1497,2026-01-08,22,1
4013,1497,2026-01-28,53,4
4014,1497,2026-04-15,32,2
4015,1497,2026-02-22,41,2
4016,1497,2026-04-08,48,3
4017,1497,2026-03-25,44,3
4018,1497,2026-02-14,45,3
4019,1497,2026-02-27,87,5
4020,1497,2026-01-29,74,5
4021,1498,2026-04-02,79,6
4022,1498,2026-05-04,25,2
4023,1498,2026-02-20,49,4
4024,1498,2026-04-25,67,4
4025,1498,2026-03-26,24,1
4026,1498,2026-04-14,47,4
4027,1498,2026-03-09,48,2
4028,1499,2026-02-16,46,4
4029,1499,2026-04-02,34,3
4030,1499,2026-02-03,59,2
4031,1499,2026-04-21,49,4
4032,1499,2026-02-09,30,1
4033,1499,2026-02-01,18,2
4034,1499,2026-02-11,60,4
4035,1499,2026-02-06,44,3
4036,1499,2026-04-26,40,2
4037,1500,2026-03-23,90,6
4038,1500,2026-04-10,62,4
4039,1500,2026-04-08,36,3
4040,1500,2026-02-26,44,2
4041,1500,2026-06-06,52,4
4042,1500,2026-05-14,41,2
4043,1500,2026-06-22,34,3
4044,1500,2026-05-17,52,4
4045,1500,2026-04-20,31,2
4046,1500,2026-04-09,80,4